ts_code,trade_date,close,open,high,low,pre_close,change,pct_chg,vol,amount
000300.SH,20221010,3720.9365,3806.5596,3807.4574,3715.7142,3804.8853,-83.9488,-2.2063,102647595.0,194635904.094
000300.SH,20221011,3727.6867,3732.0191,3739.8084,3706.0629,3720.9365,6.7502,0.1814,83944625.0,166800394.853
000300.SH,20221012,3784.3064,3722.8659,3784.3064,3661.5255,3727.6867,56.6197,1.5189,108089319.0,210931362.292
000300.SH,20221013,3752.6729,3756.4176,3783.596,3749.6393,3784.3064,-31.6335,-0.8359,99018915.0,198368891.549
000300.SH,20221014,3842.4698,3783.316,3863.2265,3780.8415,3752.6729,89.7969,2.3929,116242293.0,256551271.975
000300.SH,20221017,3846.4119,3822.2428,3849.6207,3809.1196,3842.4698,3.9421,0.1026,104192019.0,220488874.407
000300.SH,20221018,3838.2667,3865.8258,3870.2155,3831.1723,3846.4119,-8.1452,-0.2118,88346907.0,186556295.766
000300.SH,20221019,3776.5335,3827.4658,3840.487,3776.5335,3838.2667,-61.7332,-1.6084,81574844.0,186736408.23
000300.SH,20221020,3754.9269,3746.5793,3804.2468,3726.7925,3776.5335,-21.6066,-0.5721,90290895.0,203781618.922
000300.SH,20221021,3742.8929,3753.8903,3768.6895,3724.69,3754.9269,-12.034,-0.3205,98750038.0,180686357.677
000300.SH,20221024,3633.3733,3727.915,3762.158,3619.9876,3742.8929,-109.5196,-2.9261,130056864.0,259450743.134
000300.SH,20221025,3627.4542,3621.9356,3670.7327,3594.7011,3633.3733,-5.9191,-0.1629,110953882.0,219302759.597
000300.SH,20221026,3656.9027,3633.3107,3700.8797,3633.3107,3627.4542,29.4485,0.8118,121301548.0,242453810.572
000300.SH,20221027,3631.1448,3667.6645,3685.0837,3631.0639,3656.9027,-25.7579,-0.7044,117998675.0,257473315.676
000300.SH,20221028,3541.3295,3605.1598,3618.864,3533.4993,3631.1448,-89.8153,-2.4735,118772162.0,245816451.978
000300.SH,20221031,3508.7034,3504.507,3553.3871,3495.9509,3541.3295,-32.6261,-0.9213,138465655.0,256574822.102
000300.SH,20221101,3634.1732,3519.8174,3634.1732,3517.6209,3508.7034,125.4698,3.576,149286698.0,295089928.407
000300.SH,20221102,3677.8051,3620.3693,3703.465,3610.8029,3634.1732,43.6319,1.2006,141592919.0,291648245.712
000300.SH,20221103,3647.8966,3645.0604,3670.1574,3628.4987,3677.8051,-29.9085,-0.8132,110566035.0,215379297.964
000300.SH,20221104,3767.1746,3646.7709,3782.8823,3646.7709,3647.8966,119.278,3.2698,149734949.0,311145477.555
000300.SH,20221107,3775.2971,3754.5227,3792.7942,3746.3715,3767.1746,8.1225,0.2156,129826371.0,251195699.937
000300.SH,20221108,3749.3251,3773.6612,3779.1156,3723.3415,3775.2971,-25.972,-0.6879,99016451.0,193351324.897
000300.SH,20221109,3714.2704,3750.7821,3760.4068,3711.268,3749.3251,-35.0547,-0.935,89434525.0,172029529.944
000300.SH,20221110,3685.6885,3685.8274,3701.5306,3665.0585,3714.2704,-28.5819,-0.7695,103509302.0,183155308.703
000300.SH,20221111,3788.4387,3787.7568,3828.9004,3747.0902,3685.6885,102.7502,2.7878,189685586.0,344471326.267
000300.SH,20221114,3794.0171,3818.1447,3848.4116,3781.7778,3788.4387,5.5784,0.1472,169665048.0,315536856.085
000300.SH,20221115,3865.9726,3788.926,3871.6424,3775.4988,3794.0171,71.9555,1.8966,151515650.0,296268142.769
000300.SH,20221116,3834.3899,3860.811,3877.6781,3829.3126,3865.9726,-31.5827,-0.8169,120610964.0,235844588.245
000300.SH,20221117,3818.664,3821.2709,3821.7419,3776.5739,3834.3899,-15.7259,-0.4101,105940632.0,219540811.335
000300.SH,20221118,3801.5686,3823.8207,3840.3018,3801.5686,3818.664,-17.0954,-0.4477,115078777.0,224276131.008
000300.SH,20221121,3769.1269,3769.627,3769.8731,3733.9954,3801.5686,-32.4417,-0.8534,95866966.0,188230373.665
000300.SH,20221122,3769.5727,3766.0817,3809.8582,3751.0448,3769.1269,0.4458,0.0118,144486334.0,203490828.432
000300.SH,20221123,3773.5287,3760.2157,3791.1782,3753.2136,3769.5727,3.956,0.1049,144527911.0,201070601.178
000300.SH,20221124,3756.8082,3791.5399,3804.8987,3751.3818,3773.5287,-16.7205,-0.4431,101073447.0,160698921.546
000300.SH,20221125,3775.7764,3751.2822,3790.566,3743.4138,3756.8082,18.9682,0.5049,142929711.0,191711040.707
000300.SH,20221128,3733.2424,3701.902,3736.0813,3672.1306,3775.7764,-42.534,-1.1265,127825748.0,196305561.706
000300.SH,20221129,3848.4224,3766.5702,3854.7742,3766.5702,3733.2424,115.18,3.0853,178701392.0,289062336.431
000300.SH,20221130,3853.0365,3836.5598,3867.6591,3833.8272,3848.4224,4.6141,0.1199,157511400.0,250051468.093
000300.SH,20221201,3894.7687,3921.2954,3944.5645,3893.8718,3853.0365,41.7322,1.0831,169964585.0,306678195.716
000300.SH,20221202,3870.9478,3886.4034,3898.1146,3865.8844,3894.7687,-23.8209,-0.6116,116786350.0,201253166.363
000300.SH,20221205,3946.8759,3907.6375,3947.476,3900.6742,3870.9478,75.9281,1.9615,201747221.0,296615512.327
000300.SH,20221206,3968.1979,3929.0063,3988.9007,3922.9969,3946.8759,21.322,0.5402,155108323.0,275583430.841
000300.SH,20221207,3958.4409,3956.6722,3999.5864,3944.1831,3968.1979,-9.757,-0.2459,143001356.0,255490829.027
000300.SH,20221208,3959.1798,3953.199,3971.4927,3941.2966,3958.4409,0.7389,0.0187,115199986.0,198037690.481
000300.SH,20221209,3998.2442,3961.9919,4003.3178,3944.4396,3959.1798,39.0644,0.9867,153774954.0,268166789.657
000300.SH,20221212,3953.4433,3976.1722,3983.4332,3950.3203,3998.2442,-44.8009,-1.1205,125935368.0,227606300.937
000300.SH,20221213,3945.6813,3953.5482,3964.3957,3939.9795,3953.4433,-7.762,-0.1963,100994100.0,184020700.11
000300.SH,20221214,3954.8857,3952.7885,3972.7381,3935.7668,3945.6813,9.2044,0.2333,98528006.0,196175108.617
000300.SH,20221215,3951.9885,3954.672,3963.5002,3926.4997,3954.8857,-2.8972,-0.0733,88864725.0,181994889.123
000300.SH,20221216,3954.227,3931.2318,3960.4705,3929.4873,3951.9885,2.2385,0.0566,93178567.0,167488442.589
000300.SH,20221219,3893.2207,3952.7707,3966.5679,3878.4367,3954.227,-61.0063,-1.5428,106919075.0,180801387.702
000300.SH,20221220,3829.0173,3881.2257,3881.2729,3811.4759,3893.2207,-64.2034,-1.6491,83096822.0,164046440.874
000300.SH,20221221,3830.5384,3839.0009,3853.7272,3821.4037,3829.0173,1.5211,0.0397,64839215.0,123450040.36
000300.SH,20221222,3836.028,3859.2041,3882.1263,3821.3418,3830.5384,5.4896,0.1433,83705173.0,163970306.951
000300.SH,20221223,3828.2188,3811.6164,3848.3436,3805.9487,3836.028,-7.8092,-0.2036,65278148.0,130559415.566
000300.SH,20221226,3843.4887,3830.5682,3856.8066,3827.5186,3828.2188,15.2699,0.3989,73005712.0,148692832.422
000300.SH,20221227,3887.854,3860.9054,3891.8497,3856.58,3843.4887,44.3653,1.1543,77515350.0,152032206.631
000300.SH,20221228,3871.2644,3874.9132,3884.7205,3854.9406,3887.854,-16.5896,-0.4267,84424656.0,160671122.031
000300.SH,20221229,3856.7007,3854.2363,3868.2933,3838.4803,3871.2644,-14.5637,-0.3762,79394815.0,149011372.437
000300.SH,20221230,3871.6338,3873.9358,3887.5527,3868.7569,3856.7007,14.9331,0.3872,78773272.0,148295049.382
000300.SH,20230103,3887.8992,3864.8356,3893.9904,3831.245,3871.6338,16.2654,0.4201,115051875.0,207540165.953
000300.SH,20230104,3892.9477,3886.2504,3905.9032,3873.6549,3887.8992,5.0485,0.1299,110660743.0,198997711.686
000300.SH,20230105,3968.5782,3913.4928,3974.875,3912.26,3892.9477,75.6305,1.9428,116502395.0,256312608.292
000300.SH,20230106,3980.8888,3969.5493,4000.4143,3966.4696,3968.5782,12.3106,0.3102,110953038.0,235744305.582
000300.SH,20230109,4013.1196,3998.5278,4023.0898,3990.7073,3980.8888,32.2308,0.8096,117054425.0,233212426.458
000300.SH,20230110,4017.4737,4014.7125,4030.4574,4002.2297,4013.1196,4.3541,0.1085,101751141.0,214871166.24
000300.SH,20230111,4010.0309,4019.8844,4043.3991,4008.0153,4017.4737,-7.4428,-0.1853,99997889.0,203000262.961
000300.SH,20230112,4017.8692,4021.7547,4030.2876,4003.5079,4010.0309,7.8383,0.1955,90552627.0,183686268.107
000300.SH,20230113,4074.3772,4032.2906,4074.3772,4027.8864,4017.8692,56.508,1.4064,95871896.0,212173997.498
000300.SH,20230116,4137.9643,4077.8793,4177.1035,4076.6394,4074.3772,63.5871,1.5607,151395455.0,319007749.371
000300.SH,20230117,4137.2422,4138.8433,4148.5838,4118.157,4137.9643,-0.7221,-0.0175,95479040.0,204381576.523
000300.SH,20230118,4130.3143,4140.1019,4151.4577,4125.7687,4137.2422,-6.9279,-0.1675,84200645.0,172126171.819
000300.SH,20230119,4156.0077,4125.5772,4156.0077,4105.9797,4130.3143,25.6934,0.6221,94608398.0,192699589.774
000300.SH,20230120,4181.5267,4166.8444,4189.831,4161.6698,4156.0077,25.519,0.614,123553809.0,222342455.101
000300.SH,20230130,4201.345,4267.6248,4268.1522,4197.8596,4181.5267,19.8183,0.4739,164607064.0,330193322.092
000300.SH,20230131,4156.8578,4200.5813,4212.7347,4153.0484,4201.345,-44.4872,-1.0589,124550835.0,249365321.627
000300.SH,20230201,4195.9332,4170.1322,4195.9332,4137.7659,4156.8578,39.0754,0.94,141008954.0,265553944.709
000300.SH,20230202,4181.1493,4207.4123,4207.4123,4170.5565,4195.9332,-14.7839,-0.3523,133823736.0,262497434.837
000300.SH,20230203,4141.6319,4162.0258,4162.0258,4103.1654,4181.1493,-39.5174,-0.9451,117041221.0,226914770.044
000300.SH,20230206,4086.8779,4103.8307,4105.9445,4065.2224,4141.6319,-54.754,-1.322,110192717.0,226345113.969
000300.SH,20230207,4094.2335,4098.3117,4107.3438,4077.9623,4086.8779,7.3556,0.18,91360072.0,183537351.577
000300.SH,20230208,4076.1411,4099.8573,4111.4745,4072.6474,4094.2335,-18.0924,-0.4419,84786099.0,170591751.817
000300.SH,20230209,4130.8565,4067.5631,4130.8565,4064.7489,4076.1411,54.7154,1.3423,102289961.0,211722604.859
000300.SH,20230210,4106.3097,4124.0986,4125.2893,4092.3472,4130.8565,-24.5468,-0.5942,96716733.0,195348320.573
000300.SH,20230213,4143.574,4098.8795,4146.45,4092.2729,4106.3097,37.2643,0.9075,128892577.0,251990181.554
000300.SH,20230214,4145.2902,4151.247,4152.0487,4125.2583,4143.574,1.7162,0.0414,102499890.0,204915435.75
000300.SH,20230215,4123.6893,4146.8547,4153.7159,4115.9671,4145.2902,-21.6009,-0.5211,121664508.0,219855528.966
000300.SH,20230216,4093.4876,4125.4087,4167.9003,4068.8591,4123.6893,-30.2017,-0.7324,159310585.0,281315625.589
000300.SH,20230217,4034.507,4086.2237,4104.6398,4032.9285,4093.4876,-58.9806,-1.4408,116142589.0,225737746.955
000300.SH,20230220,4133.4896,4039.9623,4134.8623,4035.4762,4034.507,98.9826,2.4534,161794481.0,280122962.15
000300.SH,20230221,4144.3536,4130.0632,4151.7994,4116.2716,4133.4896,10.864,0.2628,145776173.0,249674201.048
000300.SH,20230222,4106.9506,4118.9669,4134.8759,4101.8596,4144.3536,-37.403,-0.9025,104290295.0,191586158.991
000300.SH,20230223,4103.6463,4106.2136,4132.3896,4088.2073,4106.9506,-3.3043,-0.0805,103564906.0,197193582.43
000300.SH,20230224,4061.0457,4100.9897,4102.6094,4048.2374,4103.6463,-42.6006,-1.0381,100989425.0,191210465.053
000300.SH,20230227,4043.8444,4040.4571,4067.0296,4034.5237,4061.0457,-17.2013,-0.4236,93787630.0,187959491.145
000300.SH,20230228,4069.4587,4058.1298,4074.2639,4026.4476,4043.8444,25.6143,0.6334,110323591.0,198799712.379
000300.SH,20230301,4126.9415,4068.7331,4135.4812,4061.2167,4069.4587,57.4828,1.4125,156015794.0,255374791.016
000300.SH,20230302,4117.7377,4119.9919,4137.2525,4113.8264,4126.9415,-9.2038,-0.223,148217637.0,235953764.97
000300.SH,20230303,4130.5513,4126.0183,4135.2116,4100.3827,4117.7377,12.8136,0.3112,160331741.0,226914545.628
000300.SH,20230306,4109.0102,4131.1525,4132.8367,4088.4484,4130.5513,-21.5411,-0.5215,162971807.0,283079861.972
000300.SH,20230307,4048.8519,4103.6419,4124.9609,4046.5679,4109.0102,-60.1583,-1.4641,195912068.0,272491994.009
000300.SH,20230308,4034.1077,4030.7387,4037.287,4011.5231,4048.8519,-14.7442,-0.3642,117936493.0,191659655.191
000300.SH,20230309,4019.8505,4035.8433,4043.8493,4000.8901,4034.1077,-14.2572,-0.3534,116539629.0,201737990.687
000300.SH,20230310,3967.1352,3991.7959,4004.3612,3966.428,4019.8505,-52.7153,-1.3114,123855409.0,218286956.131
000300.SH,20230313,4008.686,3962.6426,4008.686,3962.6426,3967.1352,41.5508,1.0474,143561370.0,242865516.758
000300.SH,20230314,3984.6956,3999.8803,4001.9415,3946.9405,4008.686,-23.9904,-0.5985,150544174.0,267224848.811
000300.SH,20230315,3986.902,4011.8444,4018.7495,3986.902,3984.6956,2.2064,0.0554,142026007.0,232101093.979
000300.SH,20230316,3939.1505,3958.1962,3981.321,3936.4758,3986.902,-47.7515,-1.1977,152515644.0,246264286.428
000300.SH,20230317,3958.8194,3971.1585,4004.2153,3945.2501,3939.1505,19.6689,0.4993,177433818.0,305541015.556
000300.SH,20230320,3939.077,3962.6625,3979.5485,3935.0161,3958.8194,-19.7424,-0.4987,205264970.0,319760032.638
000300.SH,20230321,3982.3782,3948.1573,3982.7047,3948.1573,3939.077,43.3012,1.0993,145090679.0,251631985.017
000300.SH,20230322,3999.4427,3993.7849,4016.4495,3986.7093,3982.3782,17.0645,0.4285,149228970.0,265180992.104
000300.SH,20230323,4039.0895,3985.9928,4039.0895,3983.9986,3999.4427,39.6468,0.9913,158887421.0,296479529.467
000300.SH,20230324,4027.0457,4035.1564,4037.8417,4017.0028,4039.0895,-12.0438,-0.2982,159442330.0,295785588.943
000300.SH,20230327,4012.4771,4023.3028,4023.3028,3987.0297,4027.0457,-14.5686,-0.3618,168482279.0,315474696.948
000300.SH,20230328,3999.5147,4015.6973,4023.7834,3994.5999,4012.4771,-12.9624,-0.3231,131895117.0,248736920.972
000300.SH,20230329,4006.144,4013.5926,4017.7572,3992.6662,3999.5147,6.6293,0.1658,133743510.0,263866922.733
000300.SH,20230330,4038.5257,4009.5573,4040.5023,3983.8958,4006.144,32.3817,0.8083,149901037.0,280004715.991
000300.SH,20230331,4050.9257,4045.4538,4063.5675,4039.9587,4038.5257,12.4,0.307,138842546.0,279863685.781
000300.SH,20230403,4090.5676,4059.6227,4094.9376,4059.0607,4050.9257,39.6419,0.9786,182124313.0,382895558.426
000300.SH,20230404,4103.1052,4089.2932,4103.1583,4080.0682,4090.5676,12.5376,0.3065,197146631.0,394443175.146
000300.SH,20230406,4096.64,4084.132,4098.8332,4078.4048,4103.1052,-6.4652,-0.1576,150703374.0,328981851.588
000300.SH,20230407,4123.2799,4096.9009,4131.3126,4092.1848,4096.64,26.6399,0.6503,128676738.0,286567771.883
000300.SH,20230410,4104.8118,4132.0096,4132.2952,4099.0519,4123.2799,-18.4681,-0.4479,152453002.0,340822557.208
000300.SH,20230411,4100.1479,4108.5062,4116.1247,4083.4946,4104.8118,-4.6639,-0.1136,153901333.0,324192951.999
000300.SH,20230412,4097.2876,4102.3968,4108.2451,4090.2784,4100.1479,-2.8603,-0.0698,165965278.0,325425226.403
000300.SH,20230413,4068.9786,4081.3871,4088.8809,4059.5744,4097.2876,-28.309,-0.6909,156444295.0,300291020.753
000300.SH,20230414,4091.9988,4078.9703,4098.2151,4075.2049,4068.9786,23.0202,0.5657,150695682.0,306201501.439
000300.SH,20230417,4149.3836,4090.0719,4149.3836,4089.509,4091.9988,57.3848,1.4024,188773095.0,341831272.793
000300.SH,20230418,4162.032,4139.3088,4169.6678,4138.4618,4149.3836,12.6484,0.3048,170184130.0,331545662.316
000300.SH,20230419,4124.5589,4159.3938,4159.3938,4118.6261,4162.032,-37.4731,-0.9004,162554592.0,312219504.523
000300.SH,20230420,4113.0192,4122.9461,4125.8231,4094.0022,4124.5589,-11.5397,-0.2798,162706677.0,332172409.512
000300.SH,20230421,4032.5672,4114.2642,4114.2642,4031.9123,4113.0192,-80.452,-1.956,180802435.0,347852011.603
000300.SH,20230424,3982.6429,4031.303,4033.6367,3967.907,4032.5672,-49.9243,-1.238,170099217.0,328375614.674
000300.SH,20230425,3962.6658,3985.1055,3991.6868,3925.436,3982.6429,-19.9771,-0.5016,172555409.0,331110619.768
000300.SH,20230426,3959.2323,3950.2553,3975.6562,3934.6625,3962.6658,-3.4335,-0.0866,162702006.0,322062811.334
000300.SH,20230427,3988.4185,3948.0313,3999.1302,3942.8152,3959.2323,29.1862,0.7372,153828195.0,304804002.557
000300.SH,20230428,4029.0858,3993.2561,4030.4469,3993.2561,3988.4185,40.6673,1.0196,179508488.0,328936294.025
000300.SH,20230504,4030.2471,4013.4713,4035.7832,4001.1259,4029.0858,1.1613,0.0288,227582846.0,345492506.049
000300.SH,20230505,4016.8774,4031.0946,4047.6015,3998.392,4030.2471,-13.3697,-0.3317,206626924.0,307694489.937
000300.SH,20230508,4062.6624,4028.1056,4070.7724,4018.9608,4016.8774,45.785,1.1398,255583085.0,359539954.17
000300.SH,20230509,4027.8754,4065.439,4092.8501,4026.3886,4062.6624,-34.787,-0.8563,279306048.0,396422120.421
000300.SH,20230510,3996.8695,4017.9358,4019.0587,3984.6287,4027.8754,-31.0059,-0.7698,207552709.0,309484851.741
000300.SH,20230511,3990.6637,4005.7823,4018.0579,3988.4816,3996.8695,-6.2058,-0.1553,144804619.0,241052071.432
000300.SH,20230512,3937.7622,3987.769,3999.3831,3937.5274,3990.6637,-52.9015,-1.3256,144421728.0,228992923.388
000300.SH,20230515,3998.8872,3938.83,3998.8872,3923.0317,3937.7622,61.125,1.5523,176257362.0,279531163.508
000300.SH,20230516,3978.2054,4002.5237,4005.015,3966.9921,3998.8872,-20.6818,-0.5172,136833271.0,234840652.671
000300.SH,20230517,3960.165,3971.7017,3982.6044,3945.7137,3978.2054,-18.0404,-0.4535,118448185.0,205195685.976
000300.SH,20230518,3956.0701,3965.5162,3982.7178,3939.5526,3960.165,-4.0949,-0.1034,136533947.0,229134184.413
000300.SH,20230519,3944.5403,3946.2215,3967.2816,3928.316,3956.0701,-11.5298,-0.2914,120212479.0,207094944.781
000300.SH,20230522,3969.3277,3941.0015,3985.4031,3935.8015,3944.5403,24.7874,0.6284,109116605.0,202185550.246
000300.SH,20230523,3913.1882,3968.2346,3971.939,3913.1882,3969.3277,-56.1395,-1.4143,118685077.0,189955815.34
000300.SH,20230524,3859.0935,3903.7818,3903.7818,3859.0935,3913.1882,-54.0947,-1.3824,137258265.0,211768410.52
000300.SH,20230525,3850.4996,3851.4053,3861.3815,3817.8365,3859.0935,-8.5939,-0.2227,124150770.0,213313620.055
000300.SH,20230526,3850.9511,3848.4174,3859.6291,3815.5701,3850.4996,0.4515,0.0117,100326439.0,191537814.873
000300.SH,20230529,3833.9416,3862.0838,3866.7238,3819.1822,3850.9511,-17.0095,-0.4417,131859967.0,230095604.813
000300.SH,20230530,3837.7531,3827.7924,3844.0052,3789.2736,3833.9416,3.8115,0.0994,137619629.0,244566265.535
000300.SH,20230531,3798.5434,3827.1634,3827.1634,3781.4034,3837.7531,-39.2097,-1.0217,126387368.0,235606123.948
000300.SH,20230601,3806.8679,3788.5902,3832.2051,3786.7344,3798.5434,8.3245,0.2191,134561881.0,241829546.409
000300.SH,20230602,3861.8337,3821.6198,3865.2843,3821.6198,3806.8679,54.9658,1.4439,125015110.0,232696547.131
000300.SH,20230605,3844.2492,3860.5557,3860.5557,3832.4578,3861.8337,-17.5845,-0.4553,116163989.0,211144360.144
000300.SH,20230606,3808.1629,3840.4587,3867.8452,3802.8449,3844.2492,-36.0863,-0.9387,125781258.0,222091722.592
000300.SH,20230607,3789.3418,3815.4823,3823.1124,3780.1021,3808.1629,-18.8211,-0.4942,98862432.0,189879792.18
000300.SH,20230608,3820.1867,3791.0826,3834.3888,3777.7752,3789.3418,30.8449,0.814,118700934.0,199119300.65
000300.SH,20230609,3836.7026,3822.4088,3836.7026,3811.2189,3820.1867,16.5159,0.4323,134319863.0,247296087.071
000300.SH,20230612,3844.4324,3827.3253,3859.7156,3813.8577,3836.7026,7.7298,0.2015,126758543.0,240791270.474
000300.SH,20230613,3864.9074,3838.1287,3867.3034,3833.4598,3844.4324,20.475,0.5326,110924946.0,225435215.315
000300.SH,20230614,3864.0247,3872.7155,3891.6656,3862.0609,3864.9074,-0.8827,-0.0228,124955759.0,243932581.184
000300.SH,20230615,3925.4994,3871.7746,3925.4994,3871.7746,3864.0247,61.4747,1.5909,128369938.0,282635910.894
000300.SH,20230616,3963.3509,3932.2114,3968.0128,3928.5419,3925.4994,37.8515,0.9642,139760076.0,280374762.838
000300.SH,20230619,3930.9079,3957.0327,3957.0327,3922.4742,3963.3509,-32.443,-0.8186,134905848.0,268213068.58
000300.SH,20230620,3924.2377,3926.094,3937.4945,3918.473,3930.9079,-6.6702,-0.1697,122520318.0,266274081.287
000300.SH,20230621,3864.0323,3909.1044,3920.1276,3864.0323,3924.2377,-60.2054,-1.5342,118346575.0,243630705.592
000300.SH,20230626,3809.6962,3833.4436,3841.2862,3801.0537,3864.0323,-54.3361,-1.4062,133990419.0,247713845.78
000300.SH,20230627,3845.4334,3811.6872,3851.8957,3806.3242,3809.6962,35.7372,0.9381,116992681.0,210097713.688
000300.SH,20230628,3840.7986,3836.6086,3846.8516,3808.1607,3845.4334,-4.6348,-0.1205,107021541.0,206187959.877
000300.SH,20230629,3821.8435,3836.7305,3840.7132,3817.3759,3840.7986,-18.9551,-0.4935,98289274.0,204110031.408
000300.SH,20230630,3842.4516,3816.3345,3860.0311,3813.552,3821.8435,20.6081,0.5392,101268429.0,208146272.909
000300.SH,20230703,3892.8821,3853.2919,3897.3273,3853.2919,3842.4516,50.4305,1.3125,133158051.0,256876520.212
000300.SH,20230704,3899.0133,3888.0328,3899.9755,3878.3978,3892.8821,6.1312,0.1575,109494527.0,216335611.422
000300.SH,20230705,3868.8054,3895.1945,3899.5188,3864.1301,3899.0133,-30.2079,-0.7748,97636384.0,188400265.051
000300.SH,20230706,3842.7547,3857.0304,3876.8901,3836.4573,3868.8054,-26.0507,-0.6734,100121842.0,184742420.862
000300.SH,20230707,3825.6988,3831.5955,3844.8438,3819.0772,3842.7547,-17.0559,-0.4438,100906920.0,173918560.673
000300.SH,20230710,3844.3269,3841.5591,3865.4566,3831.92,3825.6988,18.6281,0.4869,92033441.0,185360813.111
000300.SH,20230711,3869.4861,3853.7955,3870.6549,3844.5244,3844.3269,25.1592,0.6545,86510716.0,177585694.368
000300.SH,20230712,3843.4369,3864.6013,3874.0403,3838.5632,3869.4861,-26.0492,-0.6732,111522024.0,214046519.056
000300.SH,20230713,3898.4229,3855.662,3901.1023,3855.662,3843.4369,54.986,1.4306,120300232.0,235278706.835
000300.SH,20230714,3899.1027,3904.6033,3908.4871,3893.7862,3898.4229,0.6798,0.0174,122364846.0,220230466.523
000300.SH,20230717,3867.1749,3881.6225,3881.6225,3852.2626,3899.1027,-31.9278,-0.8188,98340144.0,174623552.807
000300.SH,20230718,3854.9393,3871.0444,3871.0444,3844.5129,3867.1749,-12.2356,-0.3164,91438615.0,167104315.117
000300.SH,20230719,3850.8663,3848.4826,3860.0092,3830.4073,3854.9393,-4.073,-0.1057,79585700.0,151311481.03
000300.SH,20230720,3823.6946,3857.7725,3875.6241,3818.7134,3850.8663,-27.1717,-0.7056,92042076.0,174320872.14
000300.SH,20230721,3821.91,3816.9835,3849.5109,3808.803,3823.6946,-1.7846,-0.0467,79507563.0,157144211.209
000300.SH,20230724,3805.221,3803.3492,3828.7853,3798.8048,3821.91,-16.689,-0.4367,75483545.0,151448369.566
000300.SH,20230725,3915.1153,3866.6445,3915.8148,3866.6445,3805.221,109.8943,2.888,163066320.0,299853562.168
000300.SH,20230726,3907.0128,3908.174,3912.9834,3893.3987,3915.1153,-8.1025,-0.207,107881717.0,192912604.8
000300.SH,20230727,3902.3458,3914.2298,3935.3578,3894.6923,3907.0128,-4.667,-0.1195,110667109.0,196845425.513
000300.SH,20230728,3992.7376,3889.7929,4000.919,3886.5535,3902.3458,90.3918,2.3163,179735481.0,310092467.4
000300.SH,20230731,4014.6301,4018.8895,4064.3621,4002.0784,3992.7376,21.8925,0.5483,199606830.0,366544120.0
000300.SH,20230801,3998.001,4009.1831,4031.7008,3983.0273,4014.6301,-16.6291,-0.4142,142286859.0,255620773.6
000300.SH,20230802,3969.895,3985.6951,4008.3343,3958.5127,3998.001,-28.106,-0.703,125855690.0,204875690.924
000300.SH,20230803,4004.9839,3962.1296,4004.9996,3962.1296,3969.895,35.0889,0.8839,129006640.0,224809824.82
000300.SH,20230804,4020.5792,4033.7239,4058.2431,4011.6202,4004.9839,15.5953,0.3894,178267189.0,316529733.838
000300.SH,20230807,3990.1531,4002.9677,4002.9677,3977.0173,4020.5792,-30.4261,-0.7568,121310662.0,227090572.751
000300.SH,20230808,3979.7322,3980.0423,4002.2904,3963.4632,3990.1531,-10.4209,-0.2612,109871699.0,202611335.314
000300.SH,20230809,3967.5652,3967.3566,3982.1091,3961.8434,3979.7322,-12.167,-0.3057,94640269.0,174394242.765
000300.SH,20230810,3975.7166,3962.8569,3976.4637,3945.3869,3967.5652,8.1514,0.2055,97176849.0,175646730.198
000300.SH,20230811,3884.2538,3977.9834,3977.9834,3884.2538,3975.7166,-91.4628,-2.3005,126082931.0,203546314.647
000300.SH,20230814,3855.9061,3840.8872,3859.4718,3814.0711,3884.2538,-28.3477,-0.7298,115966336.0,197623765.246
000300.SH,20230815,3846.5357,3858.3662,3865.284,3811.6839,3855.9061,-9.3704,-0.243,103097111.0,177437071.693
000300.SH,20230816,3818.3338,3830.8274,3852.4198,3817.6324,3846.5357,-28.2019,-0.7332,94616946.0,169323869.028
000300.SH,20230817,3831.1008,3801.1969,3836.1507,3782.4967,3818.3338,12.767,0.3344,98415493.0,174093848.243
000300.SH,20230818,3784.0038,3832.4554,3844.195,3784.0038,3831.1008,-47.097,-1.2293,95549638.0,168445686.988
000300.SH,20230821,3729.555,3773.225,3782.1112,3729.555,3784.0038,-54.4488,-1.4389,98708369.0,173379942.907
000300.SH,20230822,3758.2271,3748.0675,3770.0556,3704.6785,3729.555,28.6721,0.7688,120318327.0,203463879.672
000300.SH,20230823,3696.6339,3751.7736,3756.1659,3695.0309,3758.2271,-61.5932,-1.6389,97081638.0,160476231.587
000300.SH,20230824,3723.4293,3711.5403,3748.8567,3701.5717,3696.6339,26.7954,0.7249,119614521.0,196257391.084
000300.SH,20230825,3709.1517,3703.5136,3734.2185,3695.8442,3723.4293,-14.2776,-0.3835,105182610.0,175601437.173
000300.SH,20230828,3752.6194,3911.5485,3911.5485,3740.5279,3709.1517,43.4677,1.1719,197990379.0,335047670.967
000300.SH,20230829,3790.1067,3743.0534,3810.3772,3742.0758,3752.6194,37.4873,0.999,152486146.0,262134936.751
000300.SH,20230830,3788.5097,3803.1191,3813.7032,3780.2411,3790.1067,-1.597,-0.0421,129671661.0,226727480.839
000300.SH,20230831,3765.2678,3786.9261,3793.9972,3762.0046,3788.5097,-23.2419,-0.6135,118961646.0,193577001.342
000300.SH,20230901,3791.4912,3778.9129,3808.5306,3778.9129,3765.2678,26.2234,0.6965,105319045.0,172219141.586
000300.SH,20230904,3848.9517,3812.9873,3854.2605,3804.5886,3791.4912,57.4605,1.5155,142385201.0,237934727.924
000300.SH,20230905,3820.3174,3839.5779,3839.5779,3814.3338,3848.9517,-28.6343,-0.744,104052333.0,181377877.955
000300.SH,20230906,3812.0283,3808.1,3817.5239,3790.8949,3820.3174,-8.2891,-0.217,93442393.0,166081524.007
000300.SH,20230907,3758.4748,3802.2272,3802.2272,3756.853,3812.0283,-53.5535,-1.4049,95103903.0,164405748.828
000300.SH,20230908,3739.9927,3747.6509,3753.263,3724.987,3758.4748,-18.4821,-0.4917,71638166.0,129197657.303
000300.SH,20230911,3767.537,3740.5846,3788.3219,3734.7228,3739.9927,27.5443,0.7365,105358016.0,186871759.441
000300.SH,20230912,3760.6048,3764.3331,3775.093,3755.4162,3767.537,-6.9322,-0.184,79385378.0,140117510.233
000300.SH,20230913,3736.6513,3759.6091,3768.8162,3719.1114,3760.6048,-23.9535,-0.637,81576901.0,138238089.913
000300.SH,20230914,3733.5077,3736.9355,3748.8177,3717.3107,3736.6513,-3.1436,-0.0841,100386075.0,151578100.464
000300.SH,20230915,3708.7766,3740.7853,3749.0247,3699.3806,3733.5077,-24.7311,-0.6624,109395689.0,180398970.938
000300.SH,20230918,3727.711,3698.9344,3737.5306,3691.1107,3708.7766,18.9344,0.5105,86727741.0,156966973.911
000300.SH,20230919,3720.5021,3723.4244,3724.0717,3702.6934,3727.711,-7.2089,-0.1934,83199038.0,135216895.229
000300.SH,20230920,3705.6898,3715.9578,3718.5207,3705.1274,3720.5021,-14.8123,-0.3981,75448209.0,117691805.957
000300.SH,20230921,3672.4448,3698.313,3708.4557,3672.4448,3705.6898,-33.245,-0.8971,83031005.0,135011796.555
000300.SH,20230922,3738.9327,3672.6402,3740.4183,3664.7661,3672.4448,66.4879,1.8105,110231166.0,192236467.363
000300.SH,20230925,3714.6037,3738.0622,3738.0622,3711.2049,3738.9327,-24.329,-0.6507,92596479.0,155793827.362
000300.SH,20230926,3692.8928,3711.7106,3723.8481,3692.6172,3714.6037,-21.7109,-0.5845,78044525.0,137808437.775
000300.SH,20230927,3700.495,3694.9607,3731.1405,3694.3938,3692.8928,7.6022,0.2059,91629210.0,164790435.266
000300.SH,20230928,3689.5172,3711.2117,3716.0569,3685.3001,3700.495,-10.9778,-0.2967,85221719.0,153500421.344
000300.SH,20231009,3684.7272,3678.929,3694.1713,3641.9966,3689.5172,-4.79,-0.1298,102148058.0,178072374.748
000300.SH,20231010,3657.1259,3696.2542,3701.2562,3655.589,3684.7272,-27.6013,-0.7491,99163730.0,161938958.925
000300.SH,20231011,3667.5483,3674.7514,3689.5347,3658.355,3657.1259,10.4224,0.285,102091587.0,187667554.127
000300.SH,20231012,3702.3824,3697.9337,3711.4985,3682.8418,3667.5483,34.8341,0.9498,114363225.0,194598219.817
000300.SH,20231013,3663.4104,3677.9585,3678.1913,3652.3094,3702.3824,-38.972,-1.0526,98287987.0,170152309.003
000300.SH,20231016,3626.5972,3664.039,3664.039,3615.7686,3663.4104,-36.8132,-1.0049,91853118.0,159537973.598
000300.SH,20231017,3639.4018,3635.2994,3645.5654,3619.1277,3626.5972,12.8046,0.3531,90745188.0,147056233.347
000300.SH,20231018,3610.5767,3631.0671,3632.0579,3608.9768,3639.4018,-28.8251,-0.792,94545879.0,158982356.667
000300.SH,20231019,3533.5445,3588.5154,3588.5154,3532.3059,3610.5767,-77.0322,-2.1335,111737520.0,189194781.844
000300.SH,20231020,3510.5889,3518.3464,3535.6623,3501.725,3533.5445,-22.9556,-0.6496,98518605.0,169591289.145
000300.SH,20231023,3474.2438,3500.199,3505.3468,3450.6456,3510.5889,-36.3451,-1.0353,96561652.0,152054894.179
000300.SH,20231024,3487.1302,3481.7644,3495.0039,3453.1016,3474.2438,12.8864,0.3709,115547289.0,186529203.442
000300.SH,20231025,3504.4576,3524.2965,3531.8314,3500.9154,3487.1302,17.3274,0.4969,128009617.0,203691741.119
000300.SH,20231026,3514.1448,3484.7807,3515.5716,3478.0503,3504.4576,9.6872,0.2764,105143566.0,176088467.226
000300.SH,20231027,3562.3851,3501.171,3576.5861,3494.5488,3514.1448,48.2403,1.3727,120225108.0,224301960.437
000300.SH,20231030,3583.7718,3554.1055,3592.7188,3554.0238,3562.3851,21.3867,0.6003,144010426.0,242973328.094
000300.SH,20231031,3572.5056,3581.6759,3581.6759,3554.5822,3583.7718,-11.2662,-0.3144,112587267.0,196317658.324
000300.SH,20231101,3571.0268,3605.7576,3606.4126,3564.6421,3572.5056,-1.4788,-0.0414,97645538.0,182943566.435
000300.SH,20231102,3554.1889,3580.0672,3597.1699,3553.7406,3571.0268,-16.8379,-0.4715,90359643.0,149465055.434
000300.SH,20231103,3584.1364,3558.5303,3596.101,3558.5303,3554.1889,29.9475,0.8426,97542101.0,165865989.2
000300.SH,20231106,3632.6084,3608.3187,3635.7897,3600.6304,3584.1364,48.472,1.3524,152982463.0,254465948.11
000300.SH,20231107,3619.7593,3623.7849,3628.4615,3606.2975,3632.6084,-12.8491,-0.3537,110288591.0,190433605.311
000300.SH,20231108,3611.0723,3610.6434,3627.0479,3591.8248,3619.7593,-8.687,-0.24,110594230.0,192594372.353
000300.SH,20231109,3612.8263,3603.1082,3624.4141,3601.3744,3611.0723,1.754,0.0486,111872057.0,189355228.592
000300.SH,20231110,3586.4893,3596.0688,3599.4519,3576.1011,3612.8263,-26.337,-0.729,102107034.0,166924677.328
000300.SH,20231113,3579.4141,3593.9109,3599.3897,3562.7682,3586.4893,-7.0752,-0.1973,96707649.0,164821249.625
000300.SH,20231114,3582.0584,3581.1034,3600.1483,3568.882,3579.4141,2.6443,0.0739,100884158.0,165935163.426
000300.SH,20231115,3607.2454,3616.8765,3620.6007,3596.9158,3582.0584,25.187,0.7031,104929218.0,188932150.501
000300.SH,20231116,3572.3641,3600.9813,3605.2898,3572.3636,3607.2454,-34.8813,-0.967,87464780.0,146629217.158
000300.SH,20231117,3568.0685,3561.3112,3573.6819,3547.0287,3572.3641,-4.2956,-0.1202,87319207.0,139621898.705
000300.SH,20231120,3576.3233,3569.7314,3586.9731,3545.1038,3568.0685,8.2548,0.2314,91080445.0,157449634.694
000300.SH,20231121,3581.0674,3587.8779,3615.0569,3575.682,3576.3233,4.7441,0.1327,108594314.0,175922105.93
000300.SH,20231122,3544.4162,3569.4389,3574.3782,3544.4162,3581.0674,-36.6512,-1.0235,84784381.0,136041195.539
000300.SH,20231123,3561.5204,3541.4416,3562.0675,3529.939,3544.4162,17.1042,0.4826,84800167.0,141499811.491
000300.SH,20231124,3538.0087,3560.6462,3560.6462,3533.9955,3561.5204,-23.5117,-0.6602,85018403.0,140101998.555
000300.SH,20231127,3511.9424,3534.4445,3534.4445,3492.8623,3538.0087,-26.0663,-0.7368,99102314.0,155975437.036
000300.SH,20231128,3518.5232,3510.6554,3521.0463,3501.1093,3511.9424,6.5808,0.1874,89335789.0,147740535.862
000300.SH,20231129,3488.3073,3518.8836,3519.198,3482.2444,3518.5232,-30.2159,-0.8588,98841412.0,155948235.976
000300.SH,20231130,3496.2028,3485.5171,3505.1273,3481.4515,3488.3073,7.8955,0.2263,101350820.0,153790180.653
000300.SH,20231201,3482.8813,3494.2234,3494.2234,3452.1728,3496.2028,-13.3215,-0.381,108530941.0,176078323.469
000300.SH,20231204,3460.138,3481.0449,3488.133,3459.611,3482.8813,-22.7433,-0.653,97156826.0,164664395.293
000300.SH,20231205,3394.2571,3450.0898,3450.0898,3393.8139,3460.138,-65.8809,-1.904,100472007.0,164840691.112
000300.SH,20231206,3399.598,3387.8798,3420.2773,3382.9457,3394.2571,5.3409,0.1574,105805519.0,172142987.725
000300.SH,20231207,3391.2823,3394.3064,3404.4074,3369.7675,3399.598,-8.3157,-0.2446,97713248.0,160949948.197
000300.SH,20231208,3399.4618,3391.8585,3409.3845,3383.4479,3391.2823,8.1795,0.2412,129522054.0,203034222.561
000300.SH,20231211,3419.4548,3378.0517,3426.6106,3346.8902,3399.4618,19.993,0.5881,139626249.0,219761181.423
000300.SH,20231212,3426.803,3409.9976,3427.5456,3406.1013,3419.4548,7.3482,0.2149,105590013.0,166979964.78
000300.SH,20231213,3369.605,3418.6413,3418.6413,3369.605,3426.803,-57.198,-1.6691,95285367.0,165455928.376
000300.SH,20231214,3351.9639,3387.3847,3399.1394,3350.7648,3369.605,-17.6411,-0.5235,83655135.0,150245775.736
000300.SH,20231215,3341.5517,3365.9388,3388.5047,3339.519,3351.9639,-10.4122,-0.3106,97787783.0,164907019.372
000300.SH,20231218,3329.3657,3329.191,3352.3458,3314.9095,3341.5517,-12.186,-0.3647,90526826.0,142303319.419
000300.SH,20231219,3334.0412,3325.6596,3345.7795,3313.1874,3329.3657,4.6755,0.1404,83808118.0,135293655.396
000300.SH,20231220,3297.5022,3334.332,3338.5434,3297.3652,3334.0412,-36.539,-1.0959,92412868.0,141290542.802
000300.SH,20231221,3330.8698,3285.6049,3339.3552,3283.9883,3297.5022,33.3676,1.0119,102546198.0,171120780.58
000300.SH,20231222,3337.2281,3329.4668,3359.0601,3315.8976,3330.8698,6.3583,0.1909,105220133.0,167336342.309
000300.SH,20231225,3347.4508,3330.3333,3348.882,3330.3333,3337.2281,10.2227,0.3063,74542693.0,121838327.071
000300.SH,20231226,3324.7902,3345.3952,3345.4171,3315.937,3347.4508,-22.6606,-0.677,74732935.0,121689997.435
000300.SH,20231227,3336.3572,3326.9267,3341.2659,3309.6731,3324.7902,11.567,0.3479,94403928.0,140924923.675
000300.SH,20231228,3414.5403,3335.5572,3423.4018,3331.2082,3336.3572,78.1831,2.3434,148064851.0,245855634.464
000300.SH,20231229,3431.1099,3411.1094,3432.5412,3409.5795,3414.5403,16.5696,0.4853,114928932.0,193573180.515
000300.SH,20240102,3386.3522,3426.2684,3426.2684,3386.3522,3431.1099,-44.7577,-1.3045,116180726.0,184096097.449
000300.SH,20240103,3378.2971,3379.7501,3392.8504,3362.6617,3386.3522,-8.0551,-0.2379,105613851.0,165099018.643
000300.SH,20240104,3347.0519,3375.0207,3375.0207,3323.8647,3378.2971,-31.2452,-0.9249,106721013.0,165512262.699
000300.SH,20240105,3329.1114,3341.3061,3372.5444,3313.5542,3347.0519,-17.9405,-0.536,126400574.0,182251664.948
000300.SH,20240108,3286.0564,3322.6051,3333.516,3283.3421,3329.1114,-43.055,-1.2933,117429485.0,170761644.873
000300.SH,20240109,3292.4994,3286.7083,3304.6008,3273.8431,3286.0564,6.443,0.1961,109330465.0,172276323.045
000300.SH,20240110,3277.129,3281.6692,3312.9161,3268.2471,3292.4994,-15.3704,-0.4668,94199366.0,159777649.838
000300.SH,20240111,3295.6717,3275.3086,3311.1137,3266.7911,3277.129,18.5427,0.5658,108789735.0,180978533.6
000300.SH,20240112,3284.1667,3284.358,3310.4704,3279.6987,3295.6717,-11.505,-0.3491,96853555.0,156536022.3
000300.SH,20240115,3280.9195,3270.1029,3306.9217,3261.2687,3284.1667,-3.2472,-0.0989,88851530.0,144331722.4
000300.SH,20240116,3300.8762,3272.571,3300.8762,3260.4362,3280.9195,19.9567,0.6083,113276665.0,175650587.5
000300.SH,20240117,3229.082,3291.1392,3291.1392,3229.082,3300.8762,-71.7942,-2.175,108769728.0,173516385.2
000300.SH,20240118,3274.7286,3214.2844,3279.2538,3171.6329,3229.082,45.6466,1.4136,174909168.0,256784536.8
000300.SH,20240119,3269.7763,3261.2393,3286.9415,3251.8136,3274.7286,-4.9523,-0.1512,118501408.0,191261807.1
000300.SH,20240122,3218.9016,3262.4685,3281.4205,3193.1776,3269.7763,-50.8747,-1.5559,148705628.0,225510031.8
000300.SH,20240123,3231.9329,3208.4316,3249.5306,3188.1259,3218.9016,13.0313,0.4048,122012000.0,193791168.6
000300.SH,20240124,3277.1089,3245.9592,3281.4892,3190.4674,3231.9329,45.176,1.3978,154371954.0,219036341.6
000300.SH,20240125,3342.9189,3274.3391,3344.2426,3269.7943,3277.1089,65.81,2.0082,196833614.0,265521115.0
000300.SH,20240126,3333.8213,3326.6465,3351.9692,3315.1265,3342.9189,-9.0976,-0.2721,180664005.0,238144899.5
000300.SH,20240129,3303.9604,3335.3936,3351.3715,3303.9604,3333.8213,-29.8609,-0.8957,184164795.0,244698013.6
000300.SH,20240130,3245.0387,3283.8977,3300.204,3244.9719,3303.9604,-58.9217,-1.7834,143649350.0,199592929.912
000300.SH,20240131,3215.3518,3231.5425,3252.1475,3201.9264,3245.0387,-29.6869,-0.9148,153143469.0,215333349.921
000300.SH,20240201,3217.7109,3202.2564,3251.7582,3191.8968,3215.3518,2.3591,0.0734,145516792.0,203815063.233
000300.SH,20240202,3179.6276,3219.8734,3235.4079,3108.3515,3217.7109,-38.0833,-1.1836,173758089.0,234495151.557
000300.SH,20240205,3200.4218,3164.25,3233.8485,3111.5184,3179.6276,20.7942,0.654,203042970.0,279713141.507
000300.SH,20240206,3311.6922,3185.2498,3314.512,3182.8216,3200.4218,111.2704,3.4767,202713099.0,285042020.946
000300.SH,20240207,3343.6303,3314.0306,3343.6303,3289.6704,3311.6922,31.9381,0.9644,216647933.0,297997664.575
000300.SH,20240208,3364.9297,3351.4052,3367.2101,3336.9779,3343.6303,21.2994,0.637,189977578.0,270239765.211
000300.SH,20240219,3403.8078,3393.1916,3403.8078,3364.1418,3364.9297,38.8781,1.1554,183319800.0,267674145.147
000300.SH,20240220,3410.8542,3395.1916,3415.8943,3380.103,3403.8078,7.0464,0.207,140734581.0,218459281.946
000300.SH,20240221,3456.8713,3390.3619,3500.1338,3383.6911,3410.8542,46.0171,1.3491,188879362.0,291823544.608
000300.SH,20240222,3486.6747,3450.3518,3486.6826,3448.4135,3456.8713,29.8034,0.8621,141020784.0,225098128.873
000300.SH,20240223,3489.7416,3491.3367,3507.5592,3472.968,3486.6747,3.0669,0.088,144821273.0,232926057.114
000300.SH,20240226,3453.3585,3485.5427,3492.6061,3445.3889,3489.7416,-36.3831,-1.0426,151248331.0,238951637.715
000300.SH,20240227,3494.7874,3440.0516,3494.7874,3437.4422,3453.3585,41.4289,1.1997,139528246.0,244488721.251
000300.SH,20240228,3450.2598,3499.8257,3521.6574,3450.2598,3494.7874,-44.5276,-1.2741,189837548.0,328300591.256
000300.SH,20240229,3516.0826,3437.8984,3516.0826,3437.8984,3450.2598,65.8228,1.9078,155944532.0,281971899.288
000300.SH,20240301,3537.8038,3515.0587,3544.3595,3503.459,3516.0826,21.7212,0.6178,162709570.0,288575619.225
000300.SH,20240304,3540.8686,3538.366,3548.6901,3519.7599,3537.8038,3.0648,0.0866,163244613.0,297719931.809
000300.SH,20240305,3565.5143,3524.9644,3570.6935,3519.0816,3540.8686,24.6457,0.696,166422389.0,299895929.709
000300.SH,20240306,3551.0481,3556.5323,3577.3883,3545.1013,3565.5143,-14.4662,-0.4057,143076613.0,248294165.707
000300.SH,20240307,3529.7195,3548.1007,3569.9185,3522.8964,3551.0481,-21.3286,-0.6006,148110510.0,251839533.036
000300.SH,20240308,3544.9099,3529.5509,3548.5055,3511.577,3529.7195,15.1904,0.4304,125792664.0,225379101.014
000300.SH,20240311,3589.2635,3545.9427,3589.2635,3542.2789,3544.9099,44.3536,1.2512,148202825.0,286418582.155
000300.SH,20240312,3597.4939,3592.5826,3605.6976,3574.2117,3589.2635,8.2304,0.2293,180685560.0,339997042.337
000300.SH,20240313,3572.361,3594.4211,3594.4211,3563.3685,3597.4939,-25.1329,-0.6986,144590590.0,266898756.38
000300.SH,20240314,3562.2229,3571.7885,3597.46,3545.612,3572.361,-10.1381,-0.2838,140962722.0,263803609.335
000300.SH,20240315,3569.993,3554.9068,3572.8091,3533.6798,3562.2229,7.7701,0.2181,138316044.0,243991558.366
000300.SH,20240318,3603.528,3577.0564,3604.0519,3573.404,3569.993,33.535,0.9394,160379438.0,295314840.611
000300.SH,20240319,3577.6303,3593.3396,3610.7389,3577.188,3603.528,-25.8977,-0.7187,145571786.0,259553448.413
000300.SH,20240320,3585.3838,3568.7158,3589.5456,3568.4341,3577.6303,7.7535,0.2167,129528966.0,223752103.886
000300.SH,20240321,3581.0902,3593.07,3601.1145,3575.0331,3585.3838,-4.2936,-0.1198,130743377.0,233162492.63
000300.SH,20240322,3545.0023,3571.2736,3575.7171,3522.8404,3581.0902,-36.0879,-1.0077,139227358.0,248850931.022
000300.SH,20240325,3525.7634,3536.7136,3564.9604,3525.7634,3545.0023,-19.2389,-0.5427,137015724.0,233747256.235
000300.SH,20240326,3543.7467,3526.6818,3547.6461,3518.6018,3525.7634,17.9833,0.5101,126209535.0,226730734.844
000300.SH,20240327,3502.7866,3538.7244,3542.9624,3502.7866,3543.7467,-40.9601,-1.1558,128626763.0,216404726.566
000300.SH,20240328,3520.9648,3498.482,3551.2143,3489.3861,3502.7866,18.1782,0.519,143334717.0,232530806.335
000300.SH,20240329,3537.4843,3516.883,3538.2378,3516.883,3520.9648,16.5195,0.4692,128643290.0,201749384.357
000300.SH,20240401,3595.6466,3551.5815,3600.9193,3551.5815,3537.4843,58.1623,1.6442,162776561.0,251637272.845
000300.SH,20240402,3580.6759,3593.2206,3596.1903,3568.7539,3595.6466,-14.9707,-0.4164,141272972.0,220207515.543
000300.SH,20240403,3567.8031,3578.6835,3582.4324,3558.874,3580.6759,-12.8728,-0.3595,135592331.0,214222897.58
000300.SH,20240408,3536.4077,3553.5554,3567.82,3535.7688,3567.8031,-31.3954,-0.88,155304283.0,243249251.687
000300.SH,20240409,3533.4871,3533.3849,3543.7141,3518.8601,3536.4077,-2.9206,-0.0826,129670942.0,195893525.575
000300.SH,20240410,3504.7086,3528.9679,3531.2295,3490.0525,3533.4871,-28.7785,-0.8145,128790274.0,199754768.626
000300.SH,20240411,3504.2447,3485.0294,3520.5893,3484.9252,3504.7086,-0.4639,-0.0132,126534395.0,200293481.886
000300.SH,20240412,3475.8389,3505.7499,3516.6988,3470.0611,3504.2447,-28.4058,-0.8106,128921116.0,208566204.703
000300.SH,20240415,3549.0759,3473.5047,3552.4125,3473.5047,3475.8389,73.237,2.107,183941250.0,267472484.531
000300.SH,20240416,3511.1146,3533.3636,3545.5034,3503.6158,3549.0759,-37.9613,-1.0696,176153065.0,253315972.272
000300.SH,20240417,3565.403,3509.1318,3565.9389,3498.0324,3511.1146,54.2884,1.5462,168466398.0,244987812.753
000300.SH,20240418,3569.8018,3550.5562,3602.7902,3547.5996,3565.403,4.3988,0.1234,178574105.0,261329927.268
000300.SH,20240419,3541.6619,3550.6087,3560.9492,3529.3237,3569.8018,-28.1399,-0.7883,147281505.0,226229520.121
000300.SH,20240422,3530.9045,3536.1844,3558.1642,3528.0186,3541.6619,-10.7574,-0.3037,150579042.0,229511183.118
000300.SH,20240423,3506.2249,3525.6681,3533.7584,3499.9838,3530.9045,-24.6796,-0.699,143113504.0,213257232.211
000300.SH,20240424,3521.6219,3514.0108,3524.537,3495.6494,3506.2249,15.397,0.4391,121739851.0,195299919.746
000300.SH,20240425,3530.2813,3510.6396,3543.9699,3505.1999,3521.6219,8.6594,0.2459,115187722.0,184524622.001
000300.SH,20240426,3584.2686,3531.9647,3588.4003,3531.9647,3530.2813,53.9873,1.5293,197216133.0,308045062.251
000300.SH,20240429,3623.9124,3584.5427,3645.8229,3578.7597,3584.2686,39.6438,1.106,222721381.0,358709708.838
000300.SH,20240430,3604.3943,3619.2586,3630.7092,3604.3943,3623.9124,-19.5181,-0.5386,191296899.0,286674161.758
000300.SH,20240506,3657.8767,3654.0485,3668.2565,3645.738,3604.3943,53.4824,1.4838,208018007.0,333270472.13
000300.SH,20240507,3659.0076,3657.0007,3665.684,3648.376,3657.8767,1.1309,0.0309,164834286.0,247368347.983
000300.SH,20240508,3630.2233,3650.7484,3650.9355,3628.6984,3659.0076,-28.7843,-0.7867,130035336.0,199923460.35
000300.SH,20240509,3664.561,3630.4142,3669.7593,3630.4142,3630.2233,34.3377,0.9459,146559017.0,232694927.941
000300.SH,20240510,3666.2771,3669.0869,3674.6088,3641.7639,3664.561,1.7161,0.0468,150720536.0,233730562.075
000300.SH,20240513,3664.6907,3646.3491,3673.6211,3634.6049,3666.2771,-1.5864,-0.0433,157267455.0,249688465.073
000300.SH,20240514,3657.0454,3668.2254,3675.776,3646.7092,3664.6907,-7.6453,-0.2086,133406490.0,214643548.214
000300.SH,20240515,3626.0559,3651.0536,3656.5277,3624.002,3657.0454,-30.9895,-0.8474,123522764.0,191480969.435
000300.SH,20240516,3640.3592,3636.6007,3657.4831,3626.334,3626.0559,14.3033,0.3945,154630503.0,240288953.464
000300.SH,20240517,3677.9696,3638.5613,3677.9696,3627.447,3640.3592,37.6104,1.0332,164570417.0,247729525.192
000300.SH,20240520,3690.9623,3682.0615,3703.0287,3677.4426,3677.9696,12.9927,0.3533,184609423.0,279971341.52
000300.SH,20240521,3676.1611,3682.2868,3684.6106,3665.1524,3690.9623,-14.8012,-0.401,130678283.0,196575354.878
000300.SH,20240522,3684.451,3675.6471,3691.8804,3667.0885,3676.1611,8.2899,0.2255,151914605.0,230839373.505
000300.SH,20240523,3641.7917,3672.8403,3674.3654,3633.5051,3684.451,-42.6593,-1.1578,142572990.0,214205039.031
000300.SH,20240524,3601.4754,3630.827,3650.8734,3599.6678,3641.7917,-40.3163,-1.107,124791177.0,195344742.156
000300.SH,20240527,3635.7079,3606.645,3638.1514,3603.7131,3601.4754,34.2325,0.9505,131272644.0,206143742.536
000300.SH,20240528,3609.1724,3633.2535,3638.9703,3605.9213,3635.7079,-26.5355,-0.7299,123532238.0,184381267.979
000300.SH,20240529,3613.5223,3609.0708,3633.1971,3602.8198,3609.1724,4.3499,0.1205,115906321.0,179072813.278
000300.SH,20240530,3594.3121,3607.0522,3624.0352,3586.7543,3613.5223,-19.2102,-0.5316,122602995.0,193069647.051
000300.SH,20240531,3579.9247,3599.8196,3614.6439,3579.9247,3594.3121,-14.3874,-0.4003,112462019.0,180707602.932
000300.SH,20240603,3588.7483,3577.3798,3600.6044,3567.8713,3579.9247,8.8236,0.2465,141054591.0,222756928.174
000300.SH,20240604,3615.6714,3583.8104,3622.5012,3580.2771,3588.7483,26.9231,0.7502,124545096.0,195790966.234
000300.SH,20240605,3594.7936,3610.3601,3623.3232,3594.1056,3615.6714,-20.8778,-0.5774,110906766.0,182639598.875
000300.SH,20240606,3592.2454,3602.1554,3625.0109,3584.171,3594.7936,-2.5482,-0.0709,137893517.0,226764072.639
000300.SH,20240607,3574.1143,3594.6335,3603.0698,3552.0853,3592.2454,-18.1311,-0.5047,131103026.0,213001530.098
000300.SH,20240611,3542.8771,3555.8186,3565.3113,3525.8945,3574.1143,-31.2372,-0.874,134522306.0,219282337.214
000300.SH,20240612,3544.1225,3539.0947,3551.1706,3531.5657,3542.8771,1.2454,0.0352,122813729.0,200722600.631
000300.SH,20240613,3526.1306,3548.2162,3551.0771,3520.1802,3544.1225,-17.9919,-0.5077,123245462.0,214792338.449
000300.SH,20240614,3541.5331,3514.7998,3547.1473,3503.5233,3526.1306,15.4025,0.4368,171516942.0,283768816.845
000300.SH,20240617,3536.1986,3521.4365,3540.7932,3520.7381,3541.5331,-5.3345,-0.1506,137433438.0,232293851.894
000300.SH,20240618,3545.5902,3533.4875,3551.7085,3532.7845,3536.1986,9.3916,0.2656,123671838.0,208824124.156
000300.SH,20240619,3528.749,3543.3599,3543.3599,3524.8449,3545.5902,-16.8412,-0.475,106642797.0,184790298.729
000300.SH,20240620,3503.2817,3525.1687,3533.9865,3500.131,3528.749,-25.4673,-0.7217,111617396.0,186515776.575
000300.SH,20240621,3495.6198,3496.3428,3505.5123,3473.8283,3503.2817,-7.6619,-0.2187,109186615.0,182736735.067
000300.SH,20240624,3476.8102,3473.6392,3505.7752,3471.2164,3495.6198,-18.8096,-0.5381,117990184.0,195787549.314
000300.SH,20240625,3457.9023,3475.1648,3483.2189,3440.6464,3476.8102,-18.9079,-0.5438,118448118.0,190886336.762
000300.SH,20240626,3480.2648,3451.5389,3487.3964,3442.2982,3457.9023,22.3625,0.6467,105898861.0,171538111.702
000300.SH,20240627,3454.1175,3467.2888,3471.1423,3452.5775,3480.2648,-26.1473,-0.7513,114918101.0,174112508.796
000300.SH,20240628,3461.657,3443.6744,3484.678,3443.6744,3454.1175,7.5395,0.2183,135409153.0,205118806.812
000300.SH,20240701,3478.1827,3458.2636,3479.9548,3443.8086,3461.657,16.5257,0.4774,121829770.0,188018227.775
000300.SH,20240702,3471.7857,3472.4527,3488.3189,3464.5237,3478.1827,-6.397,-0.1839,121650121.0,186104752.422
000300.SH,20240703,3463.4141,3471.5556,3478.7047,3454.9942,3471.7857,-8.3716,-0.2411,103857108.0,163035359.363
000300.SH,20240704,3445.8128,3468.2958,3483.3098,3444.928,3463.4141,-17.6013,-0.5082,104429909.0,159477153.57
000300.SH,20240705,3431.0605,3443.3588,3451.0386,3399.6693,3445.8128,-14.7523,-0.4281,116609659.0,181416567.403
000300.SH,20240708,3401.7604,3420.8033,3428.0418,3395.9123,3431.0605,-29.3001,-0.854,115528218.0,177559765.828
000300.SH,20240709,3439.8111,3396.8044,3448.9279,3384.8086,3401.7604,38.0507,1.1186,131629443.0,215048837.82
000300.SH,20240710,3428.9657,3425.8818,3447.505,3423.6483,3439.8111,-10.8454,-0.3153,127203456.0,198149476.849
000300.SH,20240711,3468.169,3451.0442,3473.9837,3438.118,3428.9657,39.2033,1.1433,145892466.0,237551298.482
000300.SH,20240712,3472.4014,3459.9564,3479.0958,3457.3633,3468.169,4.2324,0.122,130874589.0,205055553.856
000300.SH,20240715,3476.2467,3462.6113,3481.4613,3460.7915,3472.4014,3.8453,0.1107,118517083.0,171584915.38
000300.SH,20240716,3498.2827,3466.8523,3500.2943,3464.3655,3476.2467,22.036,0.6339,120659017.0,200456285.078
000300.SH,20240717,3501.5836,3494.209,3514.4753,3486.2229,3498.2827,3.3009,0.0944,131802062.0,222830802.528
000300.SH,20240718,3520.931,3483.2975,3522.7995,3475.7236,3501.5836,19.3474,0.5525,123768199.0,215783795.703
000300.SH,20240719,3539.0156,3500.8052,3545.3383,3493.0734,3520.931,18.0846,0.5136,132447975.0,228065104.129
000300.SH,20240722,3514.9249,3538.4012,3540.1874,3494.0143,3539.0156,-24.0907,-0.6807,132126337.0,217457320.404
000300.SH,20240723,3439.8779,3509.7887,3509.7887,3439.8779,3514.9249,-75.047,-2.1351,128897660.0,202857560.169
000300.SH,20240724,3418.1663,3432.3459,3451.4196,3408.4129,3439.8779,-21.7116,-0.6312,127036263.0,184884499.787
000300.SH,20240725,3399.2716,3404.611,3415.8557,3383.7991,3418.1663,-18.8947,-0.5528,131022242.0,190131464.835
000300.SH,20240726,3409.2931,3403.7084,3420.8201,3388.6601,3399.2716,10.0215,0.2948,124195558.0,187853329.5
000300.SH,20240729,3390.742,3404.3663,3408.5024,3388.8444,3409.2931,-18.5511,-0.5441,109787786.0,166697103.823
000300.SH,20240730,3369.3821,3380.6893,3380.6893,3352.8043,3390.742,-21.3599,-0.6299,104952164.0,165442824.49
000300.SH,20240731,3442.0844,3364.0268,3445.0042,3364.0268,3369.3821,72.7023,2.1577,171959177.0,258249147.336
000300.SH,20240801,3419.2666,3443.1397,3448.3361,3419.1872,3442.0844,-22.8178,-0.6629,136323464.0,206038002.518
000300.SH,20240802,3384.3919,3393.9167,3419.1023,3380.9645,3419.2666,-34.8747,-1.0199,116615255.0,179671192.428
000300.SH,20240805,3343.3205,3362.1117,3409.0314,3343.3205,3384.3919,-41.0714,-1.2136,142812516.0,223631266.563
000300.SH,20240806,3342.9789,3367.3517,3376.7956,3318.6251,3343.3205,-0.3416,-0.0102,119340279.0,181724693.848
000300.SH,20240807,3341.489,3338.5909,3362.3839,3329.9658,3342.9789,-1.4899,-0.0446,95084377.0,145078975.326
000300.SH,20240808,3342.9369,3332.4281,3364.7855,3320.8432,3341.489,1.4479,0.0433,92495695.0,149482926.227
000300.SH,20240809,3331.6274,3358.128,3366.6688,3331.6274,3342.9369,-11.3095,-0.3383,91511626.0,142852166.559
000300.SH,20240812,3325.8645,3327.5561,3338.0771,3319.8908,3331.6274,-5.7629,-0.173,79938754.0,117544892.727
000300.SH,20240813,3334.3903,3328.0138,3335.014,3310.1909,3325.8645,8.5258,0.2563,84489679.0,125259155.343
000300.SH,20240814,3309.2389,3332.7866,3332.7866,3309.1,3334.3903,-25.1514,-0.7543,78742407.0,118181952.004
000300.SH,20240815,3341.953,3301.4455,3356.7644,3297.9711,3309.2389,32.7141,0.9886,104766399.0,149249335.426
000300.SH,20240816,3345.634,3342.0346,3356.9071,3335.6239,3341.953,3.681,0.1101,96519083.0,135885323.083
000300.SH,20240819,3356.9677,3344.2614,3375.9621,3343.7116,3345.634,11.3337,0.3388,105571110.0,143421671.337
000300.SH,20240820,3332.7034,3361.6394,3362.3338,3321.6397,3356.9677,-24.2643,-0.7228,101668331.0,137910585.092
000300.SH,20240821,3321.635,3322.9134,3339.443,3307.9917,3332.7034,-11.0684,-0.3321,89954751.0,130005992.563
000300.SH,20240822,3313.1357,3322.8723,3327.6962,3305.2453,3321.635,-8.4993,-0.2559,100366504.0,147702791.561
000300.SH,20240823,3327.1905,3305.9307,3336.2414,3305.6403,3313.1357,14.0548,0.4242,89525774.0,132680886.5
000300.SH,20240826,3324.2231,3330.7184,3336.5271,3311.5701,3327.1905,-2.9674,-0.0892,93990772.0,139070603.958
000300.SH,20240827,3305.3338,3315.686,3320.5667,3299.5635,3324.2231,-18.8893,-0.5682,95808157.0,129755962.864
000300.SH,20240828,3286.4956,3298.9089,3305.3496,3274.5881,3305.3338,-18.8382,-0.5699,92696650.0,135982310.965
000300.SH,20240829,3277.6812,3273.541,3290.7857,3269.5288,3286.4956,-8.8144,-0.2682,130702333.0,174340106.393
000300.SH,20240830,3321.4323,3273.7532,3351.6254,3273.6496,3277.6812,43.7511,1.3348,188695443.0,268376041.211
000300.SH,20240902,3265.011,3307.5432,3307.7627,3264.7565,3321.4323,-56.4213,-1.6987,147612353.0,194409996.348
000300.SH,20240903,3273.4282,3261.741,3281.5935,3261.1877,3265.011,8.4172,0.2578,122897306.0,155089488.535
000300.SH,20240904,3252.1649,3253.898,3272.9861,3249.9809,3273.4282,-21.2633,-0.6496,104832482.0,140070063.077
000300.SH,20240905,3257.7578,3252.96,3266.882,3247.1725,3252.1649,5.5929,0.172,97109450.0,134618198.894
000300.SH,20240906,3231.3457,3261.1542,3274.8144,3231.0685,3257.7578,-26.4121,-0.8107,88400417.0,121541545.906
000300.SH,20240909,3192.9516,3214.7996,3222.9278,3180.9277,3231.3457,-38.3941,-1.1882,108673069.0,146516054.461
000300.SH,20240910,3195.7552,3193.4557,3205.0972,3171.7932,3192.9516,2.8036,0.0878,97290078.0,133610476.132
000300.SH,20240911,3186.1299,3187.0508,3197.3363,3174.0343,3195.7552,-9.6253,-0.3012,102482110.0,141513837.135
000300.SH,20240912,3172.4747,3189.4271,3201.5544,3171.8775,3186.1299,-13.6552,-0.4286,92868657.0,136387244.637
000300.SH,20240913,3159.247,3174.0344,3188.9145,3159.247,3172.4747,-13.2277,-0.417,88336677.0,137448911.397
000300.SH,20240918,3171.0102,3158.8179,3179.9012,3145.7908,3159.247,11.7632,0.3723,84722814.0,123452147.969
000300.SH,20240919,3196.0357,3178.3959,3213.8378,3149.7925,3171.0102,25.0255,0.7892,125439272.0,181785109.713
000300.SH,20240920,3201.0497,3192.4322,3207.9875,3173.2238,3196.0357,5.014,0.1569,118064098.0,163985054.957
000300.SH,20240923,3212.7639,3200.8678,3230.1613,3198.0248,3201.0497,11.7142,0.3659,95344855.0,143876166.861
000300.SH,20240924,3351.909,3244.6468,3351.9684,3222.4885,3212.7639,139.1451,4.331,204072217.0,307879526.848
000300.SH,20240925,3401.533,3403.7021,3465.4882,3393.438,3351.909,49.624,1.4805,241564255.0,356862584.94
000300.SH,20240926,3545.3204,3399.3188,3545.3249,3391.6772,3401.533,143.7874,4.2271,243134010.0,373983643.045
000300.SH,20240927,3703.6849,3617.9203,3708.4951,3596.5833,3545.3204,158.3645,4.4669,265487774.0,466692757.482
000300.SH,20240930,4017.8545,3846.6515,4038.6968,3796.5045,3703.6849,314.1696,8.4826,510217707.0,862528807.419
000300.SH,20241008,4256.0962,4450.3675,4450.3675,4094.3519,4017.8545,238.2417,5.9296,589867894.0,1130387437.13
000300.SH,20241009,3955.9839,4168.8436,4197.6,3942.5118,4256.0962,-300.1123,-7.0514,482269295.0,1029032062.193
000300.SH,20241010,3997.7879,3979.6116,4098.4967,3912.7708,3955.9839,41.804,1.0567,395053099.0,717952217.513
000300.SH,20241011,3887.167,3969.7576,3978.2389,3847.1228,3997.7879,-110.6209,-2.7671,274096505.0,484998267.296
000300.SH,20241014,3961.3424,3915.2186,3979.5431,3868.779,3887.167,74.1754,1.9082,307578993.0,534076602.216
000300.SH,20241015,3855.9949,3942.5342,3967.8712,3855.9949,3961.3424,-105.3475,-2.6594,242486448.0,434410916.724
000300.SH,20241016,3831.589,3806.1373,3877.7483,3805.0868,3855.9949,-24.4059,-0.6329,218866407.0,377301324.426
000300.SH,20241017,3788.2217,3853.841,3882.0733,3787.7498,3831.589,-43.3673,-1.1318,212313820.0,369170521.635
000300.SH,20241018,3925.234,3780.3143,3998.214,3765.1615,3788.2217,137.0123,3.6168,312958834.0,620673701.894
000300.SH,20241021,3935.1974,3946.9016,3979.2638,3896.165,3925.234,9.9634,0.2538,291185634.0,600109598.949
000300.SH,20241022,3957.7755,3923.7443,3965.9084,3917.5218,3935.1974,22.5781,0.5737,223433396.0,442881846.814
000300.SH,20241023,3973.2089,3955.3191,4012.1795,3939.0986,3957.7755,15.4334,0.39,245873949.0,469120806.272
000300.SH,20241024,3928.8334,3950.8987,3957.9832,3914.0887,3973.2089,-44.3755,-1.1169,174724062.0,340486884.485
000300.SH,20241025,3956.421,3931.3205,3992.8918,3921.9396,3928.8334,27.5876,0.7022,210694885.0,412231378.43
000300.SH,20241028,3964.1569,3953.1063,3964.1569,3917.2042,3956.421,7.7359,0.1955,216160415.0,390450182.338
000300.SH,20241029,3924.649,3970.008,3991.3091,3921.5795,3964.1569,-39.5079,-0.9966,217293984.0,429625020.405
000300.SH,20241030,3889.4487,3904.1595,3926.0581,3864.3051,3924.649,-35.2003,-0.8969,219436626.0,385010582.233
000300.SH,20241031,3891.0396,3888.4229,3923.8997,3859.1079,3889.4487,1.5909,0.0409,300636718.0,515533818.945
000300.SH,20241101,3890.0203,3882.4579,3933.2204,3879.9588,3891.0396,-1.0193,-0.0262,307986481.0,476472952.028
000300.SH,20241104,3944.7619,3897.7144,3944.7619,3891.2109,3890.0203,54.7416,1.4072,229239060.0,381048606.068
000300.SH,20241105,4044.5725,3937.6228,4046.6977,3925.4138,3944.7619,99.8106,2.5302,316862794.0,580971852.724
000300.SH,20241106,4024.2831,4051.2891,4091.7031,4002.5027,4044.5725,-20.2894,-0.5016,335807938.0,639124093.912
000300.SH,20241107,4145.6952,3987.2665,4146.151,3984.6652,4024.2831,121.4121,3.017,341436414.0,658145920.948
000300.SH,20241108,4104.047,4192.0794,4200.908,4094.1631,4145.6952,-41.6482,-1.0046,332350385.0,688446559.772
000300.SH,20241111,4131.1312,4066.9336,4132.5111,4048.039,4104.047,27.0842,0.6599,289594227.0,625605935.91
000300.SH,20241112,4085.743,4133.3528,4181.7096,4060.7936,4131.1312,-45.3882,-1.0987,297778086.0,660380524.821
000300.SH,20241113,4110.8901,4059.5898,4121.0735,4059.5898,4085.743,25.1471,0.6155,240484099.0,512734303.119
000300.SH,20241114,4039.6191,4101.2228,4118.1686,4034.9441,4110.8901,-71.271,-1.7337,230152784.0,464157560.755
000300.SH,20241115,3968.8308,4025.6482,4049.071,3968.8308,4039.6191,-70.7883,-1.7524,247399463.0,474079686.588
000300.SH,20241118,3950.3806,3982.1036,4034.0596,3931.1872,3968.8308,-18.4502,-0.4649,306777946.0,472408054.831
000300.SH,20241119,3976.8912,3954.6038,3979.1505,3896.7493,3950.3806,26.5106,0.6711,242946465.0,402610970.34
000300.SH,20241120,3985.7727,3966.1238,4001.0847,3958.3383,3976.8912,8.8815,0.2233,184599372.0,347577693.1
000300.SH,20241121,3989.2979,3979.4554,3999.5693,3966.0658,3985.7727,3.5252,0.0884,166125927.0,324235010.779
000300.SH,20241122,3865.6989,3984.2435,3990.2647,3865.6989,3989.2979,-123.599,-3.0983,216285809.0,397566831.848
000300.SH,20241125,3848.0909,3875.6126,3889.7069,3812.3179,3865.6989,-17.608,-0.4555,190702953.0,349006773.18
000300.SH,20241126,3840.1847,3836.259,3875.229,3833.2842,3848.0909,-7.9062,-0.2055,149892441.0,264403254.8
000300.SH,20241127,3907.0447,3829.3442,3907.164,3817.9125,3840.1847,66.86,1.7411,174136096.0,320632355.477
000300.SH,20241128,3872.5505,3904.2525,3908.3918,3866.0136,3907.0447,-34.4942,-0.8829,150117291.0,286432871.224
000300.SH,20241129,3916.5832,3869.8903,3962.7002,3869.8903,3872.5505,44.0327,1.137,187656713.0,375262017.919
000300.SH,20241202,3947.632,3909.7029,3955.1252,3902.1697,3916.5832,31.0488,0.7928,197289784.0,368591235.991
000300.SH,20241203,3951.8912,3946.7034,3963.9474,3922.8425,3947.632,4.2592,0.1079,182496867.0,327295048.701
000300.SH,20241204,3930.5568,3948.13,3957.365,3917.7467,3951.8912,-21.3344,-0.5399,174626318.0,312040419.082
000300.SH,20241205,3921.5881,3916.5638,3936.3358,3910.0834,3930.5568,-8.9687,-0.2282,138534038.0,257716297.997
000300.SH,20241206,3973.1405,3923.8954,3995.1168,3923.8954,3921.5881,51.5524,1.3146,192057907.0,351751735.425
000300.SH,20241209,3966.5708,3970.6628,3995.5116,3948.4206,3973.1405,-6.5697,-0.1654,175959958.0,308227216.703
000300.SH,20241210,3995.6369,4094.05,4098.3804,3988.9676,3966.5708,29.0661,0.7328,253463795.0,487278042.807
000300.SH,20241211,3988.8308,3988.0179,4005.3253,3977.3522,3995.6369,-6.8061,-0.1703,177252846.0,310713317.895
000300.SH,20241212,4028.5048,3987.1525,4031.7441,3981.3485,3988.8308,39.674,0.9946,181621777.0,333667518.401
000300.SH,20241213,3933.1808,4000.9854,4000.9854,3931.7392,4028.5048,-95.324,-2.3662,230353079.0,421478609.274
000300.SH,20241216,3911.8416,3930.7807,3938.7595,3901.6465,3933.1808,-21.3392,-0.5425,178511251.0,327619081.581
000300.SH,20241217,3922.0334,3908.1263,3955.945,3908.1263,3911.8416,10.1918,0.2605,160939090.0,306037370.847
000300.SH,20241218,3941.89,3934.5425,3956.1441,3933.9693,3922.0334,19.8566,0.5063,157738321.0,276825381.224
000300.SH,20241219,3945.4635,3911.8901,3954.3491,3899.7479,3941.89,3.5735,0.0907,161081040.0,321771606.933
000300.SH,20241220,3927.7441,3937.4722,3958.6336,3923.2562,3945.4635,-17.7194,-0.4491,154986496.0,332143276.398
000300.SH,20241223,3933.5718,3928.1493,3965.8502,3928.1493,3927.7441,5.8277,0.1484,190067362.0,354063425.209
000300.SH,20241224,3983.6882,3934.9422,3985.8588,3934.7338,3933.5718,50.1164,1.2741,161494589.0,310384873.294
000300.SH,20241225,3985.6291,3987.9557,4007.7626,3969.4766,3983.6882,1.9409,0.0487,159390747.0,299295145.793
000300.SH,20241226,3987.4801,3981.7317,3991.5331,3965.5461,3985.6291,1.851,0.0464,143425286.0,305769929.403
000300.SH,20241227,3981.0307,3987.0189,4007.1314,3970.9365,3987.4801,-6.4494,-0.1617,169268666.0,345011075.199
000300.SH,20241230,3999.0549,3976.7004,4005.778,3976.7004,3981.0307,18.0242,0.4528,164612485.0,322699390.192
000300.SH,20241231,3934.9109,3995.8705,4004.3462,3934.9109,3999.0549,-64.144,-1.604,183928397.0,347880439.53
000300.SH,20250102,3820.3952,3931.8155,3934.2034,3796.3389,3934.9109,-114.5157,-2.9102,217898724.0,388636586.639
000300.SH,20250103,3775.1648,3825.2426,3835.9353,3767.6653,3820.3952,-45.2304,-1.1839,175342676.0,304322755.436
000300.SH,20250106,3768.9697,3775.9902,3788.8489,3743.0727,3775.1648,-6.1951,-0.1641,150946670.0,262803541.116
000300.SH,20250107,3796.1055,3760.866,3797.602,3749.0581,3768.9697,27.1358,0.72,146455779.0,266855795.347
000300.SH,20250108,3789.2153,3781.261,3810.7355,3731.1887,3796.1055,-6.8902,-0.1815,169166968.0,300965725.433
000300.SH,20250109,3779.8773,3780.7341,3795.2608,3768.681,3789.2153,-9.338,-0.2464,129794002.0,251486002.82
000300.SH,20250110,3732.4806,3778.8928,3786.8069,3732.4806,3779.8773,-47.3967,-1.2539,137523171.0,275354209.064
000300.SH,20250113,3722.513,3704.4442,3737.8852,3704.1073,3732.4806,-9.9676,-0.2671,136446199.0,247861953.197
000300.SH,20250114,3820.5395,3728.5561,3826.6399,3718.8768,3722.513,98.0265,2.6333,170664657.0,345461480.064
000300.SH,20250115,3796.026,3810.0353,3816.8284,3790.1655,3820.5395,-24.5135,-0.6416,141475520.0,278850595.532
000300.SH,20250116,3800.3836,3812.1935,3842.947,3776.2861,3796.026,4.3576,0.1148,144505871.0,305734630.771
000300.SH,20250117,3812.3429,3788.3729,3831.6404,3780.2133,3800.3836,11.9593,0.3147,126621961.0,265437489.594
000300.SH,20250120,3829.6764,3835.3042,3858.6677,3821.9815,3812.3429,17.3335,0.4547,139581277.0,292175449.109
000300.SH,20250121,3832.6145,3850.3563,3850.9106,3817.1214,3829.6764,2.9381,0.0767,141218406.0,285073351.693
000300.SH,20250122,3797.0166,3823.9447,3823.9447,3783.1438,3832.6145,-35.5979,-0.9288,137255062.0,298745637.551
000300.SH,20250123,3803.7439,3829.0462,3864.2585,3801.8531,3797.0166,6.7273,0.1772,180569551.0,345198071.114
000300.SH,20250124,3832.8637,3793.8498,3847.6003,3793.4836,3803.7439,29.1198,0.7656,148971722.0,296474375.469
000300.SH,20250127,3817.0802,3836.9578,3851.9969,3817.0802,3832.8637,-15.7835,-0.4118,146670772.0,282940127.541
000300.SH,20250205,3795.0848,3844.6998,3844.6998,3785.162,3817.0802,-21.9954,-0.5762,157168308.0,346016202.025
000300.SH,20250206,3842.8314,3789.6086,3843.4942,3788.3196,3795.0848,47.7466,1.2581,167288176.0,371891971.101
000300.SH,20250207,3892.7028,3844.0574,3919.3499,3833.8685,3842.8314,49.8714,1.2978,221857707.0,487381557.078
000300.SH,20250210,3901.0618,3898.1023,3906.3678,3878.8314,3892.7028,8.359,0.2147,188903040.0,384968342.874
000300.SH,20250211,3883.1352,3905.1594,3905.1594,3872.9087,3901.0618,-17.9266,-0.4595,166574909.0,337866056.116
000300.SH,20250212,3919.8617,3875.9596,3920.7229,3867.3538,3883.1352,36.7265,0.9458,164228540.0,354830596.298
000300.SH,20250213,3905.1398,3913.9044,3939.1978,3904.9845,3919.8617,-14.7219,-0.3756,172485874.0,376473453.307
000300.SH,20250214,3939.0085,3900.8274,3942.0356,3900.8274,3905.1398,33.8687,0.8673,172976452.0,360974236.854
000300.SH,20250217,3947.3983,3954.4147,3955.8959,3921.7017,3939.0085,8.3898,0.213,213588246.0,430929575.563
000300.SH,20250218,3912.7829,3942.5761,3965.4232,3901.8675,3947.3983,-34.6154,-0.8769,209425101.0,400186229.941
000300.SH,20250219,3940.1602,3906.2201,3943.6742,3904.1455,3912.7829,27.3773,0.6997,182829517.0,363680372.563
000300.SH,20250220,3928.8959,3934.6503,3940.678,3916.1772,3940.1602,-11.2643,-0.2859,163895236.0,325972429.363
000300.SH,20250221,3978.444,3938.0518,3981.048,3927.7874,3928.8959,49.5481,1.2611,227400330.0,504645493.577
000300.SH,20250224,3969.7169,3972.4831,3995.9456,3949.2309,3978.444,-8.7271,-0.2194,220810618.0,455088749.685
000300.SH,20250225,3925.6505,3933.636,3955.4336,3915.6527,3969.7169,-44.0664,-1.1101,178108580.0,377981451.25
000300.SH,20250226,3959.9413,3931.842,3960.3298,3925.3664,3925.6505,34.2908,0.8735,191062501.0,386458193.763
000300.SH,20250227,3968.1159,3961.0635,3973.9323,3933.4611,3959.9413,8.1746,0.2064,202887963.0,428272792.668
000300.SH,20250228,3890.0487,3950.1866,3972.4813,3886.3994,3968.1159,-78.0672,-1.9674,198104147.0,420308043.45
000300.SH,20250303,3888.4738,3899.6962,3930.0048,3872.5872,3890.0487,-1.5749,-0.0405,177623166.0,356057735.014
000300.SH,20250304,3885.2208,3865.9939,3890.4235,3855.7254,3888.4738,-3.253,-0.0837,149850967.0,297739246.802
000300.SH,20250305,3902.5706,3887.7992,3906.4214,3877.0188,3885.2208,17.3498,0.4466,158652751.0,290860484.505
000300.SH,20250306,3956.2369,3923.3827,3964.4942,3917.0833,3902.5706,53.6663,1.3752,193960915.0,397419427.643
000300.SH,20250307,3944.0143,3944.9145,3967.0743,3935.0464,3956.2369,-12.2226,-0.3089,166732375.0,340626700.286
000300.SH,20250310,3928.8018,3945.5795,3949.1448,3905.127,3944.0143,-15.2125,-0.3857,152765232.0,292574987.481
000300.SH,20250311,3941.4157,3890.4305,3941.4157,3889.4298,3928.8018,12.6139,0.3211,144754402.0,287480453.12
000300.SH,20250312,3927.2315,3946.8623,3953.6125,3921.4736,3941.4157,-14.1842,-0.3599,156732190.0,309627267.365
000300.SH,20250313,3911.5793,3925.7439,3939.2854,3897.3758,3927.2315,-15.6522,-0.3986,156536443.0,295173112.58
000300.SH,20250314,4006.5567,3919.6159,4014.1586,3919.6159,3911.5793,94.9774,2.4281,216139003.0,450895278.803
000300.SH,20250317,3996.7876,4020.6402,4021.7278,3992.2563,4006.5567,-9.7691,-0.2438,162202911.0,318904417.418
000300.SH,20250318,4007.7229,4011.7794,4016.873,3995.9602,3996.7876,10.9353,0.2736,140208496.0,292739319.545
000300.SH,20250319,4010.168,4004.8251,4025.299,3989.512,4007.7229,2.4451,0.061,144419428.0,286075300.795
000300.SH,20250320,3974.9918,4011.0588,4012.0416,3969.9259,4010.168,-35.1762,-0.8772,133754670.0,260020676.826
000300.SH,20250321,3914.6956,3966.5146,3983.1476,3904.7674,3974.9918,-60.2962,-1.5169,165905294.0,309348613.935
000300.SH,20250324,3934.8486,3916.1136,3938.1826,3907.1999,3914.6956,20.153,0.5148,152234674.0,266051442.613
000300.SH,20250325,3932.2951,3937.8975,3946.3574,3921.5287,3934.8486,-2.5535,-0.0649,140475399.0,239246310.986
000300.SH,20250326,3919.3566,3930.2073,3942.026,3916.8607,3932.2951,-12.9385,-0.329,131164187.0,220943164.486
000300.SH,20250327,3932.4117,3911.3841,3952.9852,3903.652,3919.3566,13.0551,0.3331,126793738.0,232173613.774
000300.SH,20250328,3915.1662,3930.7763,3934.2336,3907.384,3932.4117,-17.2455,-0.4385,126356214.0,213379194.289
000300.SH,20250331,3887.3056,3905.9815,3928.4482,3872.403,3915.1662,-27.8606,-0.7116,166798523.0,268480316.572
000300.SH,20250401,3887.6841,3892.7794,3905.2622,3882.4045,3887.3056,0.3785,0.0097,140380274.0,246041674.67
000300.SH,20250402,3884.3858,3884.4181,3900.4949,3877.1599,3887.6841,-3.2983,-0.0848,113043175.0,198267515.342
000300.SH,20250403,3861.5034,3843.4177,3883.7025,3843.4177,3884.3858,-22.8824,-0.5891,142599789.0,263684681.545
000300.SH,20250407,3589.4406,3675.2017,3707.7771,3514.1165,3861.5034,-272.0628,-7.0455,312578586.0,512971787.745
000300.SH,20250408,3650.759,3597.9859,3650.759,3583.8746,3589.4406,61.3184,1.7083,280197312.0,464021087.838
000300.SH,20250409,3686.7943,3606.1036,3686.7943,3587.3368,3650.759,36.0353,0.9871,262305708.0,455031069.29
000300.SH,20250410,3735.1151,3749.1262,3756.1386,3708.8194,3686.7943,48.3208,1.3106,227252227.0,403842564.856
000300.SH,20250411,3750.5167,3730.3148,3762.3653,3708.4617,3735.1151,15.4016,0.4123,168759691.0,318535141.904
000300.SH,20250414,3759.1422,3772.0407,3776.6344,3754.033,3750.5167,8.6255,0.23,164462403.0,292571297.039
000300.SH,20250415,3761.2348,3756.4788,3764.486,3737.8495,3759.1422,2.0926,0.0557,134006040.0,228604621.376
000300.SH,20250416,3772.8204,3757.8757,3775.1661,3721.6025,3761.2348,11.5856,0.308,156359006.0,261711094.769
000300.SH,20250417,3772.2221,3755.0862,3779.1253,3749.504,3772.8204,-0.5983,-0.0159,122371002.0,209012323.066
000300.SH,20250418,3772.523,3760.0425,3782.0443,3754.4072,3772.2221,0.3009,0.008,102948509.0,173109384.097
000300.SH,20250421,3784.8806,3768.1421,3790.1782,3763.1383,3772.523,12.3576,0.3276,121355730.0,208085677.382
000300.SH,20250422,3783.9522,3780.1122,3799.2295,3778.0791,3784.8806,-0.9284,-0.0245,125688257.0,210200698.794
000300.SH,20250423,3786.8824,3803.4295,3807.9536,3780.5183,3783.9522,2.9302,0.0774,131986870.0,247117386.122
000300.SH,20250424,3784.3574,3787.459,3807.2599,3775.207,3786.8824,-2.525,-0.0667,117164560.0,205483051.375
000300.SH,20250425,3786.9937,3792.0838,3801.5765,3780.7772,3784.3574,2.6363,0.0697,124591133.0,220535052.619
000300.SH,20250428,3781.6188,3786.3867,3792.0082,3772.8029,3786.9937,-5.3749,-0.1419,125145091.0,210635318.523
000300.SH,20250429,3775.0767,3776.0025,3785.3157,3768.0311,3781.6188,-6.5421,-0.173,111514694.0,197462744.363
000300.SH,20250430,3770.5705,3775.8306,3787.5639,3768.7573,3775.0767,-4.5062,-0.1194,143681658.0,244820462.218
000300.SH,20250506,3808.5424,3794.3757,3809.0939,3782.777,3770.5705,37.9719,1.0071,158520459.0,267937090.757
000300.SH,20250507,3831.627,3861.5767,3863.6776,3814.9868,3808.5424,23.0846,0.6061,161172299.0,286010735.453
000300.SH,20250508,3852.8963,3820.5481,3867.3313,3816.2642,3831.627,21.2693,0.5551,124959833.0,246987280.588
000300.SH,20250509,3846.1566,3848.6187,3853.6632,3836.5349,3852.8963,-6.7397,-0.1749,119389526.0,216697939.672
000300.SH,20250512,3890.6096,3866.5305,3890.7342,3859.0346,3846.1566,44.453,1.1558,153332460.0,296122947.808
000300.SH,20250513,3896.2583,3915.5924,3915.5924,3890.6855,3890.6096,5.6487,0.1452,147320299.0,267586397.72
000300.SH,20250514,3943.2108,3894.8386,3960.5228,3890.6504,3896.2583,46.9525,1.2051,172033779.0,319465226.851
000300.SH,20250515,3907.1992,3934.0273,3936.4653,3904.9068,3943.2108,-36.0116,-0.9133,138081749.0,241464943.554
000300.SH,20250516,3889.0854,3898.6662,3903.8528,3874.8619,3907.1992,-18.1138,-0.4636,118405345.0,208835664.039
000300.SH,20250519,3877.1453,3882.5677,3885.5889,3866.5695,3889.0854,-11.9401,-0.307,98643414.0,184888170.554
000300.SH,20250520,3898.1705,3883.1024,3911.4737,3881.7436,3877.1453,21.0252,0.5423,104885234.0,201636702.522
000300.SH,20250521,3916.3807,3899.4365,3928.6339,3899.4365,3898.1705,18.2102,0.4671,109791343.0,217037739.435
000300.SH,20250522,3913.8651,3912.6007,3923.0195,3903.0898,3916.3807,-2.5156,-0.0642,107597052.0,197511410.271
000300.SH,20250523,3882.2741,3910.3739,3931.5514,3882.2741,3913.8651,-31.591,-0.8072,120277419.0,232945378.295
000300.SH,20250526,3860.1067,3875.7891,3884.537,3849.0384,3882.2741,-22.1674,-0.571,109601207.0,208876792.149
000300.SH,20250527,3839.3969,3857.6271,3865.4291,3834.8455,3860.1067,-20.7098,-0.5365,98572425.0,178466763.541
000300.SH,20250528,3836.2366,3843.0747,3849.736,3833.9582,3839.3969,-3.1603,-0.0823,89031026.0,162496372.728
000300.SH,20250529,3858.6998,3838.0092,3869.7909,3831.4577,3836.2366,22.4632,0.5856,108471886.0,209459602.501
000300.SH,20250530,3840.2323,3850.493,3858.6128,3829.2542,3858.6998,-18.4675,-0.4786,111672228.0,199389751.071
000300.SH,20250603,3852.0127,3833.4584,3863.2952,3832.7202,3840.2323,11.7804,0.3068,131403090.0,226782772.063
000300.SH,20250604,3868.7429,3855.4878,3875.8569,3855.4878,3852.0127,16.7302,0.4343,116803873.0,211736178.154
000300.SH,20250605,3877.5557,3872.6373,3883.1345,3861.272,3868.7429,8.8128,0.2278,122878184.0,231749275.335
000300.SH,20250606,3873.9841,3878.1027,3889.4557,3869.3871,3877.5557,-3.5716,-0.0921,110987971.0,202034736.311
000300.SH,20250609,3885.2459,3877.7977,3894.6517,3871.9917,3873.9841,11.2618,0.2907,136306293.0,262023668.466
000300.SH,20250610,3865.4652,3887.5512,3897.4573,3850.4663,3885.2459,-19.7807,-0.5091,145563859.0,263647551.795
000300.SH,20250611,3894.6252,3870.6719,3911.6107,3870.6719,3865.4652,29.16,0.7544,142414772.0,257217704.405
000300.SH,20250612,3892.1992,3885.5196,3900.0408,3870.3838,3894.6252,-2.426,-0.0623,133998697.0,260239581.458
000300.SH,20250613,3864.1822,3881.4923,3889.1602,3853.8186,3892.1992,-28.017,-0.7198,172539536.0,309172346.18
000300.SH,20250616,3873.7951,3853.6193,3876.1704,3853.6193,3864.1822,9.6129,0.2488,137341835.0,246860982.863
000300.SH,20250617,3870.3786,3875.1768,3880.4156,3860.409,3873.7951,-3.4165,-0.0882,122342526.0,220399818.949
000300.SH,20250618,3874.9708,3871.6502,3881.346,3854.6575,3870.3786,4.5922,0.1186,127528621.0,230553858.264
000300.SH,20250619,3843.0912,3870.049,3872.9425,3834.9512,3874.9708,-31.8796,-0.8227,130280658.0,234840180.806
000300.SH,20250620,3846.6443,3839.7833,3856.4799,3839.7833,3843.0912,3.5531,0.0925,118151020.0,213522822.875
000300.SH,20250623,3857.9016,3831.1703,3867.5896,3827.0829,3846.6443,11.2573,0.2927,133800892.0,232482215.85
000300.SH,20250624,3904.0342,3862.3876,3914.1579,3862.3876,3857.9016,46.1326,1.1958,163656188.0,294228720.613
000300.SH,20250625,3960.0662,3907.0682,3963.0371,3902.1771,3904.0342,56.032,1.4352,187213671.0,361727254.624
000300.SH,20250626,3946.0195,3953.1603,3964.482,3945.2589,3960.0662,-14.0467,-0.3547,165316263.0,328102847.496
000300.SH,20250627,3921.7578,3949.7879,3969.2626,3918.2041,3946.0195,-24.2617,-0.6148,194557913.0,343468229.814
000300.SH,20250630,3936.0791,3920.3149,3940.3611,3911.6044,3921.7578,14.3213,0.3652,145170236.0,288821434.921
000300.SH,20250701,3942.762,3935.9078,3946.2451,3924.7219,3936.0791,6.6829,0.1698,128959362.0,236070338.399
000300.SH,20250702,3943.6849,3943.3232,3952.1378,3929.6956,3942.762,0.9229,0.0234,147063062.0,246637847.454
000300.SH,20250703,3968.0676,3949.3998,3971.616,3945.138,3943.6849,24.3827,0.6183,141004006.0,269609569.539
000300.SH,20250704,3982.2034,3967.4637,4013.8478,3958.3762,3968.0676,14.1358,0.3562,157197133.0,290512992.198
000300.SH,20250707,3965.1746,3977.2881,3979.7481,3956.5663,3982.2034,-17.0288,-0.4276,131135273.0,225106992.876
000300.SH,20250708,3998.4527,3965.426,4002.269,3965.426,3965.1746,33.2781,0.8393,156402895.0,292089834.224
000300.SH,20250709,3991.4006,3997.5044,4016.7434,3987.4267,3998.4527,-7.0521,-0.1764,173293796.0,305398796.563
000300.SH,20250710,4010.0243,3993.4196,4032.9829,3992.5242,3991.4006,18.6237,0.4666,209778904.0,347836703.626
000300.SH,20250711,4014.807,4011.4652,4065.9419,4010.1052,4010.0243,4.7827,0.1193,262052773.0,443780794.88
000300.SH,20250714,4017.6678,4021.2135,4034.9198,4017.6678,4014.807,2.8608,0.0713,207917175.0,321415945.157
000300.SH,20250715,4019.0644,4023.9896,4042.6574,3994.2628,4017.6678,1.3966,0.0348,191042931.0,353524574.441
000300.SH,20250716,4007.2019,4019.3925,4027.8567,3993.9209,4019.0644,-11.8625,-0.2952,151027308.0,300656795.665
000300.SH,20250717,4034.491,4005.067,4034.5935,4005.067,4007.2019,27.2891,0.681,161249041.0,325516865.723
000300.SH,20250718,4058.5486,4039.8712,4064.6378,4039.3181,4034.491,24.0576,0.5963,186211063.0,354244444.63
000300.SH,20250721,4085.6072,4069.7685,4086.1171,4063.4427,4058.5486,27.0586,0.6667,223268476.0,377938564.878
000300.SH,20250722,4118.9582,4087.3354,4119.2021,4068.3383,4085.6072,33.351,0.8163,257596985.0,450874014.479
000300.SH,20250723,4119.7685,4129.1476,4155.6783,4113.9085,4118.9582,0.8103,0.0197,300506154.0,470330899.421
000300.SH,20250724,4149.0368,4116.8312,4152.4265,4111.8849,4119.7685,29.2683,0.7104,319632392.0,487000043.884
000300.SH,20250725,4127.1634,4145.3195,4150.4994,4117.8005,4149.0368,-21.8734,-0.5272,273594963.0,430445513.471
000300.SH,20250728,4135.8242,4128.1993,4146.12,4112.9677,4127.1634,8.6608,0.2098,222759815.0,406792873.973
000300.SH,20250729,4152.0247,4132.6833,4153.3307,4117.5772,4135.8242,16.2005,0.3917,230807880.0,428764310.974
000300.SH,20250730,4151.2379,4148.9405,4185.2064,4127.4301,4152.0247,-0.7868,-0.0189,249853048.0,445168467.668
000300.SH,20250731,4075.5912,4141.5612,4141.8243,4063.6662,4151.2379,-75.6467,-1.8223,267087406.0,492142571.739
000300.SH,20250801,4054.9286,4069.9254,4085.3543,4040.462,4075.5912,-20.6626,-0.507,196221826.0,359685164.163
000300.SH,20250804,4070.7023,4037.9378,4070.7023,4037.9378,4054.9286,15.7737,0.389,162275902.0,295976826.632
000300.SH,20250805,4103.45,4080.3877,4106.2969,4075.5836,4070.7023,32.7477,0.8045,178851999.0,306934255.766
000300.SH,20250806,4113.4852,4100.4283,4116.7085,4098.3544,4103.45,10.0352,0.2446,176676155.0,307674626.125
000300.SH,20250807,4114.666,4120.2822,4129.7382,4094.8214,4113.4852,1.1808,0.0287,198641902.0,358108366.984
000300.SH,20250808,4104.9669,4109.2734,4122.2104,4097.4157,4114.666,-9.6991,-0.2357,173171201.0,308507687.635
000300.SH,20250811,4122.5106,4110.2939,4134.2462,4103.605,4104.9669,17.5437,0.4274,190443716.0,360685826.235
000300.SH,20250812,4143.8252,4123.5762,4153.2948,4121.2243,4122.5106,21.3146,0.517,177287823.0,383088423.33
000300.SH,20250813,4176.5776,4150.5037,4186.748,4147.1991,4143.8252,32.7524,0.7904,213934999.0,462776745.465
000300.SH,20250814,4173.3131,4179.965,4220.3109,4165.9376,4176.5776,-3.2645,-0.0782,221103595.0,485075642.622
000300.SH,20250815,4202.3533,4162.4205,4214.7291,4157.495,4173.3131,29.0402,0.6959,261327566.0,518686873.501
000300.SH,20250818,4239.4125,4218.2471,4272.9602,4203.4191,4202.3533,37.0592,0.8819,301479102.0,635365867.185
000300.SH,20250819,4223.3741,4241.7651,4264.2303,4215.2075,4239.4125,-16.0384,-0.3783,250818771.0,553536203.26
000300.SH,20250820,4271.3958,4208.4005,4272.1463,4190.5559,4223.3741,48.0217,1.137,246481773.0,538815306.147
000300.SH,20250821,4288.0707,4284.3712,4308.4472,4273.6523,4271.3958,16.6749,0.3904,259030014.0,558521268.967
000300.SH,20250822,4377.9977,4287.3633,4378.3881,4287.3633,4288.0707,89.927,2.0971,290434897.0,675935075.409
000300.SH,20250825,4469.2217,4416.2924,4472.6525,4404.7761,4377.9977,91.224,2.0837,358090006.0,823681964.473
000300.SH,20250826,4452.5905,4453.3526,4476.803,4435.5275,4469.2217,-16.6312,-0.3721,270621395.0,627950450.229
000300.SH,20250827,4386.1266,4458.8399,4494.9126,4386.1266,4452.5905,-66.4639,-1.4927,333133898.0,785098482.974
000300.SH,20250828,4463.782,4378.0351,4464.8028,4364.171,4386.1266,77.6554,1.7705,296834536.0,739423602.221
000300.SH,20250829,4496.7591,4455.8034,4516.8395,4452.3632,4463.782,32.9771,0.7388,351938947.0,831194066.158
000300.SH,20250901,4523.7111,4516.8787,4528.1342,4487.5304,4496.7591,26.952,0.5994,320366708.0,770378288.127
000300.SH,20250902,4490.4528,4521.9828,4548.8937,4454.4169,4523.7111,-33.2583,-0.7352,303932566.0,777999297.964
000300.SH,20250903,4459.8296,4501.3388,4510.7303,4427.5176,4490.4528,-30.6232,-0.682,254320217.0,655697116.709
000300.SH,20250904,4365.2085,4461.2503,4465.4967,4327.5068,4459.8296,-94.6211,-2.1216,307934609.0,773124596.998
000300.SH,20250905,4460.3249,4365.6083,4466.5603,4350.2974,4365.2085,95.1164,2.179,249625657.0,664166970.947
000300.SH,20250908,4467.5733,4467.1693,4482.763,4438.0698,4460.3249,7.2484,0.1625,267638382.0,683630879.769
000300.SH,20250909,4436.2584,4448.739,4472.093,4412.6914,4467.5733,-31.3149,-0.7009,221375460.0,562861103.958
000300.SH,20250910,4445.3649,4438.2998,4466.6325,4414.5937,4436.2584,9.1065,0.2053,203597646.0,535539349.489
000300.SH,20250911,4548.0345,4438.839,4548.0345,4427.9242,4445.3649,102.6696,2.3096,253264051.0,693156671.398
000300.SH,20250912,4521.998,4544.5905,4564.6665,4517.7897,4548.0345,-26.0365,-0.5725,266442003.0,689576075.7
000300.SH,20250915,4533.0557,4534.8866,4566.9053,4522.4958,4521.998,11.0577,0.2445,231885678.0,613314652.4
000300.SH,20250916,4523.3367,4539.9217,4552.419,4494.7875,4533.0557,-9.719,-0.2144,249269206.0,613728334.806
000300.SH,20250917,4551.023,4517.2855,4556.0296,4503.7959,4523.3367,27.6863,0.6121,235716472.0,608454200.521
000300.SH,20250918,4498.109,4546.0319,4573.8331,4454.9886,4551.023,-52.914,-1.1627,309859826.0,839987127.411
000300.SH,20250919,4501.9195,4499.0906,4533.0919,4491.8437,4498.109,3.8105,0.0847,225044000.0,603887059.817
000300.SH,20250922,4522.608,4512.0251,4523.8695,4487.1299,4501.9195,20.6885,0.4595,196459956.0,563149164.266
000300.SH,20250923,4519.7781,4536.7569,4560.7319,4459.7281,4522.608,-2.8299,-0.0626,252827062.0,680513630.7
000300.SH,20250924,4566.0708,4495.2659,4567.4948,4494.1133,4519.7781,46.2927,1.0242,220482608.0,629161495.484
000300.SH,20250925,4593.4875,4563.9827,4613.9486,4558.8424,4566.0708,27.4167,0.6004,229823333.0,669866986.619
000300.SH,20250926,4550.0487,4576.9142,4597.8472,4550.0487,4593.4875,-43.4388,-0.9457,208482114.0,598723903.174
000300.SH,20250929,4620.0528,4555.0342,4647.5691,4541.4252,4550.0487,70.0041,1.5385,274358877.0,693395231.241
000300.SH,20250930,4640.6935,4629.8987,4647.5031,4616.2243,4620.0528,20.6407,0.4468,247980359.0,664624101.862
000300.SH,20251009,4709.482,4662.1133,4726.3449,4651.9895,4640.6935,68.7885,1.4823,347678696.0,862208005.908
000300.SH,20251010,4616.8341,4679.4983,4692.5858,4600.9646,4709.482,-92.6479,-1.9673,319020899.0,792743047.251
000300.SH,20251013,4593.9785,4490.8661,4601.8072,4490.8661,4616.8341,-22.8556,-0.495,315010354.0,714001634.395
000300.SH,20251014,4539.0644,4634.0543,4641.4492,4520.9258,4593.9785,-54.9141,-1.1953,372954030.0,808959003.201
000300.SH,20251015,4606.2879,4544.2431,4608.8239,4526.834,4539.0644,67.2235,1.481,284771855.0,607326345.326
000300.SH,20251016,4618.4218,4588.9206,4645.0959,4586.2801,4606.2879,12.1339,0.2634,248235518.0,560567191.741
000300.SH,20251017,4514.2345,4610.6967,4618.5621,4509.3289,4618.4218,-104.1873,-2.2559,256905617.0,559085965.219
000300.SH,20251020,4538.2201,4558.2421,4570.4376,4520.5024,4514.2345,23.9856,0.5313,218420405.0,505798833.703
000300.SH,20251021,4607.8715,4556.1224,4615.463,4547.9283,4538.2201,69.6514,1.5348,215711175.0,551390253.216
000300.SH,20251022,4592.57,4576.0277,4603.4884,4567.2361,4607.8715,-15.3015,-0.3321,185333960.0,440935302.747
000300.SH,20251023,4606.3447,4578.7018,4611.3409,4541.6944,4592.57,13.7747,0.2999,200463917.0,420800208.776
000300.SH,20251024,4660.6835,4622.7873,4660.6835,4622.7873,4606.3447,54.3388,1.1797,208814483.0,551986648.561
000300.SH,20251027,4716.0186,4699.3819,4720.4288,4687.6876,4660.6835,55.3351,1.1873,262200674.0,672670372.523
000300.SH,20251028,4691.973,4697.7277,4734.3218,4679.2288,4716.0186,-24.0456,-0.5099,220906645.0,571563257.096
000300.SH,20251029,4747.8378,4701.0362,4747.8378,4697.268,4691.973,55.8648,1.1906,246211324.0,645898688.765
000300.SH,20251030,4709.911,4735.9807,4761.8339,4706.452,4747.8378,-37.9268,-0.7988,273289118.0,719956285.438
000300.SH,20251031,4640.6676,4702.4946,4706.1395,4640.6676,4709.911,-69.2434,-1.4702,281464740.0,680712251.493
000300.SH,20251103,4653.4028,4636.7323,4653.4028,4595.7339,4640.6676,12.7352,0.2744,239869809.0,557602941.096
000300.SH,20251104,4618.699,4649.3481,4665.323,4595.066,4653.4028,-34.7038,-0.7458,233224032.0,505177700.977
000300.SH,20251105,4627.257,4562.1117,4642.6101,4558.7647,4618.699,8.558,0.1853,203045871.0,468361161.389
000300.SH,20251106,4693.4032,4642.0112,4698.0935,4642.0112,4627.257,66.1462,1.4295,224241008.0,553641780.921
000300.SH,20251107,4678.7944,4673.7616,4701.3743,4666.0405,4693.4032,-14.6088,-0.3113,212497377.0,507573849.5
000300.SH,20251110,4695.0507,4688.124,4695.1794,4654.2103,4678.7944,16.2563,0.3474,236026764.0,593977127.605
000300.SH,20251111,4652.1655,4706.3374,4707.1275,4648.4896,4695.0507,-42.8852,-0.9134,186638858.0,477629076.357
000300.SH,20251112,4645.9079,4643.5592,4669.6073,4620.9897,4652.1655,-6.2576,-0.1345,209460592.0,492308866.409
000300.SH,20251113,4702.0738,4643.7862,4703.4897,4643.7862,4645.9079,56.1659,1.2089,207367474.0,510060678.21
000300.SH,20251114,4628.1398,4663.3175,4684.2578,4628.0242,4702.0738,-73.934,-1.5724,192092676.0,444720433.579
000300.SH,20251117,4598.0525,4616.8058,4624.8976,4580.2613,4628.1398,-30.0873,-0.6501,188955466.0,438940097.528
000300.SH,20251118,4568.1928,4584.7896,4606.6167,4552.8038,4598.0525,-29.8597,-0.6494,177713185.0,420150126.547
000300.SH,20251119,4588.2922,4568.0365,4607.8627,4568.0365,4568.1928,20.0994,0.44,172924974.0,385230481.97
000300.SH,20251120,4564.9483,4619.5401,4620.6529,4560.1814,4588.2922,-23.3439,-0.5088,194562593.0,415064817.73
000300.SH,20251121,4453.6076,4513.3858,4527.0436,4453.1819,4564.9483,-111.3407,-2.439,222851013.0,481295814.463
000300.SH,20251124,4448.0478,4473.1563,4478.8081,4421.8123,4453.6076,-5.5598,-0.1248,185833729.0,425807469.5
000300.SH,20251125,4490.4047,4475.8359,4510.7729,4467.3529,4448.0478,42.3569,0.9523,169571929.0,411523796.962
000300.SH,20251126,4517.6255,4490.2021,4538.1361,4485.6984,4490.4047,27.2208,0.6062,156200368.0,427361377.738
000300.SH,20251127,4515.4027,4520.014,4559.2183,4509.8635,4517.6255,-2.2228,-0.0492,150311772.0,417789843.568
000300.SH,20251128,4526.6616,4511.4972,4531.7219,4492.4256,4515.4027,11.2589,0.2493,142902096.0,341832317.979
000300.SH,20251201,4576.4856,4539.1877,4576.9654,4531.2917,4526.6616,49.824,1.1007,200382317.0,463861587.251
000300.SH,20251202,4554.3347,4571.9098,4575.4945,4539.4312,4576.4856,-22.1509,-0.484,148493132.0,364366426.478
000300.SH,20251203,4531.0486,4554.5894,4569.821,4523.5017,4554.3347,-23.2861,-0.5113,169762790.0,374486168.903
000300.SH,20251204,4546.5664,4533.6004,4557.4228,4514.1878,4531.0486,15.5178,0.3425,147198110.0,348767399.212
000300.SH,20251205,4584.5368,4547.9056,4593.8279,4535.0195,4546.5664,37.9704,0.8351,196799968.0,412146806.538
000300.SH,20251208,4621.7545,4593.1399,4640.6256,4592.7414,4584.5368,37.2177,0.8118,199620990.0,496716196.112
000300.SH,20251209,4598.2232,4611.379,4628.7049,4584.254,4621.7545,-23.5313,-0.5091,184160344.0,452113884.581
000300.SH,20251210,4591.8273,4586.254,4598.5366,4549.0798,4598.2232,-6.3959,-0.1391,169111106.0,401452781.498
000300.SH,20251211,4552.1848,4597.1901,4610.2787,4547.1372,4591.8273,-39.6425,-0.8633,168419405.0,432431093.51
000300.SH,20251212,4580.95,4558.7375,4583.6753,4530.7841,4552.1848,28.7652,0.6319,212826520.0,523863221.652
000300.SH,20251215,4552.0596,4550.0028,4595.0463,4548.4382,4580.95,-28.8904,-0.6307,167589967.0,424383389.792
000300.SH,20251216,4497.5545,4542.4226,4553.0806,4484.27,4552.0596,-54.5051,-1.1974,165165201.0,390500134.303
000300.SH,20251217,4579.875,4499.7729,4594.6556,4498.9304,4497.5545,82.3205,1.8303,178424830.0,452504741.114
000300.SH,20251218,4552.7926,4553.9788,4571.9683,4544.1416,4579.875,-27.0824,-0.5913,151681328.0,382102395.685
000300.SH,20251219,4568.1781,4561.3729,4591.0931,4546.8465,4552.7926,15.3855,0.3379,154876220.0,371577144.281
000300.SH,20251222,4611.6235,4587.6683,4615.8721,4587.6683,4568.1781,43.4454,0.951,165252856.0,448240599.514
000300.SH,20251223,4620.7341,4616.026,4644.5347,4607.7992,4611.6235,9.1106,0.1976,169256412.0,433141326.006
000300.SH,20251224,4634.0586,4623.6831,4639.4278,4602.1444,4620.7341,13.3245,0.2884,153711241.0,406375640.662
000300.SH,20251225,4642.5357,4629.3195,4651.1535,4621.9208,4634.0586,8.4771,0.1829,139434186.0,385356060.832
000300.SH,20251226,4657.24,4639.7895,4676.131,4635.1052,4642.5357,14.7043,0.3167,175396565.0,460426934.268
000300.SH,20251229,4639.3721,4658.2654,4672.0352,4629.0567,4657.24,-17.8679,-0.3837,200397133.0,482613536.467
000300.SH,20251230,4651.2818,4617.3163,4664.3305,4616.6323,4639.3721,11.9097,0.2567,180374974.0,457185489.037
000300.SH,20251231,4629.9395,4656.48,4667.0467,4622.0988,4651.2818,-21.3423,-0.4588,170760224.0,444491545.749
