trade_date,Reversal,Liquidity,MoneyFlow,Value
2020-01-02,-0.11915480823493173,0.0605490848872923,0.0022700229137196134,-0.09919565551589306
2020-01-03,-0.25065482873597267,0.08093626223767539,0.20444579064334553,-0.2721973183302851
2020-01-06,0.2786645525859039,0.07738933471114874,-0.2067329709139106,0.15447532528769758
2020-01-07,0.1187201665252343,0.10878723227339754,-0.007491315761618652,-0.14048116058522225
2020-01-08,0.1819973925875605,-0.07987958008217917,-0.09189316415554694,-0.2627089033351998
2020-01-09,-0.16978223713052662,-0.06541894363012019,-0.22492329769761915,0.005802665208324074
2020-01-10,0.019131106655464605,0.0021623654100370493,0.18930745592431955,-0.30917201951535195
2020-01-13,0.2104466274252185,-0.06957376326133641,-0.2399474458216822,0.18451995632876084
2020-01-14,0.3106036236953441,0.06463112539463048,0.10462912647381407,-0.28588854894413124
2020-01-15,-0.08337192698641453,0.02912742905348676,0.06483870361773099,-0.2006758229660742
2020-01-16,-0.07848318976060693,0.07003818918891064,0.12673719117135887,0.023212302521270285
2020-01-17,0.02958562431081112,-0.038073337718983746,0.12509875853382507,-0.24404741328305612
2020-01-20,-0.2666999559722074,0.1323772197196872,0.14074497385722395,-0.10671099142882011
2020-01-21,0.12394132762616551,-0.21005876170971832,0.08870416285612477,-0.3155057628470836
2020-01-22,0.13935158569932482,0.11842773475054372,0.025124199989036738,0.11864162213228388
2020-01-23,-0.2703837211128404,-0.22722071256658366,0.0459465064691959,0.1883545006367531
2020-02-03,-0.09088648169174585,-0.49285119915239717,-0.07119916210997702,-0.17588306023877495
2020-02-04,0.07075185860095975,0.07679139740408206,-0.09547379318516977,-0.262176680875292
2020-02-05,-0.2147896893432112,0.05190008908225696,0.13390359204990426,-0.3324616038567518
2020-02-06,-0.24807362933635332,0.2520395599667546,-0.007293202619935911,-0.1259021953570288
2020-02-07,0.15382477521825264,0.04778175450923842,-0.07174768505043491,-0.06073044770282809
2020-02-10,0.11535046330388855,-0.044543172380017496,-0.37770324159319035,0.15040486515731494
2020-02-11,0.30990651393601987,0.013872347600428415,0.30752226719438214,-0.31174944105442365
2020-02-12,-0.07093529553716048,0.02387237360248349,0.15594341995812894,-0.007437326290473196
2020-02-13,-0.04068959589279814,0.005832714150952408,0.07447262546641648,0.057378934368445135
2020-02-14,0.012779930180760218,0.038344103539584166,0.06218737583027259,-0.19959515780192041
2020-02-17,-0.22343741934972836,0.22482370004461116,0.0689938080146345,-0.3212542258840194
2020-02-18,0.08263169872443457,0.06942433803959819,-0.17925400808427616,0.16737693394559733
2020-02-19,-0.029000057914204333,-0.11616616174470602,-0.028055610788549734,-0.010490605650692883
2020-02-20,0.0771129606977538,-0.049656636000224505,0.23439415408244924,-0.26295043730667833
2020-02-21,-0.4094567794209358,0.14250278478588127,0.3678188746809541,-0.28203151404461463
2020-02-24,-0.24123966125753132,-0.14609407454798004,0.1298031785443901,-0.28096259588190964
2020-02-25,0.3942472339851275,0.375473513427763,-0.44227591434152175,0.6244009672611057
2020-02-26,-0.04153411494129357,-0.07068597205780261,-0.16203701515655877,0.06479365609074961
2020-02-27,-0.14722001123636436,0.029654687453989498,0.11845031121021166,0.41490953856829726
2020-02-28,0.11821742048997107,0.04565485038767222,0.045871386113684846,-0.004522904774455279
2020-03-02,0.1067891447864908,-0.03759783843940774,-0.10162337907614152,-0.28098225640276664
2020-03-03,-0.03241168523467053,-0.04189032987767053,0.18639091627213464,0.19635678236094964
2020-03-04,-0.14314595779781822,-0.029654902822442906,-0.05442746097685102,0.13195700662546717
2020-03-05,0.19795598691837238,0.1328894283258592,-0.023688992138458008,-0.22333184524823296
2020-03-06,-0.06305347845324275,0.11107955221736562,-0.03294160998703346,0.38101721614729955
2020-03-09,0.5055936137273623,0.03623392688943291,-0.30956969597363654,-0.3364669961891588
2020-03-10,0.354767988792731,0.006955316599137473,0.04590397334094721,0.2971795210928852
2020-03-11,-0.030672732058305573,0.06571368400722327,-0.06625555374357532,0.24338960432510173
2020-03-12,-0.35012029610549256,-0.17967729322466158,0.01679518050182283,-0.11487348291969932
2020-03-13,0.04182308282921119,0.2890320137783049,0.26211667044924164,0.45145416400395705
2020-03-16,-0.08613634479765546,-0.04828027429923661,0.092570019107646,-0.03480767870920637
2020-03-17,-0.036292276555412235,0.047759322849990044,0.006696900127511782,0.017576855999738412
2020-03-18,-0.016026890583519207,-0.09257274451556986,-0.11483096562920769,-0.42821578619258266
2020-03-19,0.37199961454974145,0.09460555866765821,-0.09757780547542827,0.20011537525675532
2020-03-20,-0.423921286335302,0.32320079047043965,0.21224850366254447,0.3414291846775824
2020-03-23,-0.15589669975515238,-0.18095067593302755,-0.07082340503457729,0.02441601893490406
2020-03-24,-0.1165592256229633,-0.20572642583875347,-0.21015199061129078,-0.19871385966779853
2020-03-25,0.05756728725513949,0.05464546452311644,-0.1557162088175391,0.20605343164886056
2020-03-26,-0.0767019699574954,0.021137207770977218,-0.02315689858058266,0.3481514653521637
2020-03-27,-0.2919672169807481,-0.09859881456734335,0.11478217484413898,0.28549146108037604
2020-03-30,0.1090533445054132,0.14819789193199343,0.0033641373142716995,-0.15541970731794263
2020-03-31,0.07970849073884943,-0.16522484951199748,-0.27676454487589447,-0.12234068805447451
2020-04-01,-0.3485373415601143,-0.0830031251898905,-0.27538087329535177,-0.3994094706358796
2020-04-02,0.30476148393761837,-0.06575711269837435,-0.08575284920592147,0.11437355327615956
2020-04-03,0.05673296083233259,-0.17991519165977393,0.0445905432766667,-0.4761589695578378
2020-04-07,0.01735882730293171,0.14571291664671424,0.022589799475727305,-0.03448213187904102
2020-04-08,0.15644693682395364,0.12937483215608783,-0.19253378201196786,-0.08373999475165705
2020-04-09,-0.10236545875919595,-0.05567140265678294,-0.26327997667894576,0.43779354125863484
2020-04-10,-0.3298709357120436,-0.10805383944242633,0.2569220921837701,0.1137982927289621
2020-04-13,0.383222511954747,-0.03280346415524821,-0.2238253621462412,-0.41653974961766566
2020-04-14,-0.22443911827536736,0.16335712970805646,-0.3125004689812774,-0.08739496801965914
2020-04-15,-0.11316314668365665,-0.11440761064764281,-0.00404210839355783,-0.21689689553516095
2020-04-16,0.25052498799646433,-0.06566452150493082,-0.14093079853904864,0.047895356504994165
2020-04-17,0.008436175108361048,-0.0217248796648758,0.12066286099840146,-0.32775348101796037
2020-04-20,-0.15281374985259089,0.15312343692956168,-0.1258671498689572,0.08607583163020102
2020-04-21,0.33900120857519256,0.10148566008228156,-0.11379809721312324,-0.1766405189928019
2020-04-22,-0.005043093129766229,0.18107749746373486,-0.24534163756833602,0.0828715405264496
2020-04-23,-0.09216506304259633,0.006879436209394253,-0.019600617650538235,0.1874836521780247
2020-04-24,-0.07653982488004568,-0.16707992405623712,-0.10232972673530286,0.15763120589263932
2020-04-27,-0.23391642983703725,-0.26808866852450114,-0.0625399707352493,-0.25968837690290586
2020-04-28,0.03371296422747446,0.00844919744792734,0.015823752071880547,0.2899670959386855
2020-04-29,0.00019255417857916155,-0.08955180819134244,-0.12974579884702864,-0.3281742100472181
2020-04-30,-0.49790403804726524,0.22186818038987094,0.09921164068623475,-0.46284683225567885
2020-05-06,0.01687709768986284,-0.023599038353868732,-0.18828846174791147,0.046622551419966976
2020-05-07,0.050718640910795997,-0.04758962069956778,0.021221079415762036,-0.011893491768416158
2020-05-08,-0.006697030277918304,0.07360609911346194,-0.07300399777227234,0.2396898549385225
2020-05-11,0.15364900245053562,-0.0907566160657832,0.05001279955410877,-0.34169513714601657
2020-05-12,0.017607483697175783,0.011681012867958002,-0.02967602290638534,-0.13240153334973964
2020-05-13,-0.05503561349761725,0.08662233319757318,0.025420851537960313,-0.05481320319638084
2020-05-14,-0.11491276341937927,-0.02758567867986212,-0.03640484813601653,-0.15791215625412272
2020-05-15,0.19421494575947504,0.07268548879330562,0.001623922997951694,0.10956381014418785
2020-05-18,0.29888969962849893,0.004913021649034762,-0.1184292670255672,-0.25088923148387493
2020-05-19,0.07123904973886994,0.004994746987232374,-0.08791053959040283,0.26771002635957375
2020-05-20,-0.07420091592882623,-0.062023925119373095,0.08359898463448912,0.20764763414579376
2020-05-21,0.05443553101035383,0.1819730630446732,-0.09448833368397468,0.14328980323491328
2020-05-22,0.009664116108149415,0.11751343156787036,0.2576652263663372,0.22013576424455727
2020-05-25,0.38720837516005957,-0.01796110501483138,-0.29032620212549515,-0.5399837858281831
2020-05-26,0.2759134177899589,0.026229512847885026,0.35319540399822497,0.3829080830616429
2020-05-27,0.0016252542030048558,0.039771880872521786,-0.06922353815933385,0.16043724192331435
2020-05-28,0.2888778902365537,0.03664335511009692,0.0005655373654787421,-0.28519009497980363
2020-05-29,0.09260260255599184,-0.03748982815499116,-0.2894296232726195,-0.4114029142773617
2020-06-01,-0.052344269119227356,0.15655975770823283,-0.21315375108868337,0.2762025705039405
2020-06-02,-0.0014067176551658914,-0.03924736681927108,-0.04481030710506189,0.14409599436059065
2020-06-03,-0.13853979146460643,0.019788893618141967,0.12988796386279933,-0.025900947666620065
2020-06-04,-0.0016951941496520732,-0.021720985433705407,-0.017454432337918727,-0.15094970838920715
2020-06-05,0.12233794051157253,-0.07581851491588838,0.1339644909789916,0.2306055215610948
2020-06-08,0.2521646853706742,0.048431381726354854,-0.19172339667082056,-0.1063266482766564
2020-06-09,-0.002959495277464777,-0.05092324486629239,-0.01791192755021501,-0.2554439321383521
2020-06-10,0.03979946120453175,0.061263215137724744,-0.17947193924911106,-0.1805242002294275
2020-06-11,0.07562321990800829,0.020639199366070664,-0.0706827807343628,0.03142312380324219
2020-06-12,-0.17976303204726193,0.12430881544341588,0.07869165836910134,0.09575801979795939
2020-06-15,0.2675307829480729,-0.0589124445813252,-0.18734212009999893,-0.19841232901367847
2020-06-16,0.038266663024044405,0.02692388817589511,0.14060180432694885,0.09241114354884447
2020-06-17,0.13935350860901047,-0.20464331191064267,-0.20929719047551001,-0.06637621206250144
2020-06-18,0.041729978284187265,-0.11610266641032164,-0.1993450976041713,-0.31584367500674065
2020-06-19,-0.17292089968621097,0.03756542018701785,0.24219809901432138,-0.3229127433047761
2020-06-22,-0.2681245819657187,0.006018516767824716,0.20220827862859805,-0.34143555419861404
2020-06-23,0.14789076394499673,-0.07344756731096122,-0.05733463929291789,0.2028725796171948
2020-06-24,-0.10201655581667551,0.07959754067901484,-0.022145754769199794,-0.05755933279735659
2020-06-29,0.2235332451273913,-0.050842085168361154,0.1781785817510452,-0.2794126864594705
2020-06-30,0.06635494770432694,-0.04982833095076462,-0.13164157058254472,0.2602093020088773
2020-07-01,-0.2177592071492849,0.07706506466593586,-0.11948123672499594,0.3378046076552863
2020-07-02,-0.2888535448971268,0.2088376340580698,-0.04890631747846942,0.17233541873786462
2020-07-03,-0.4023488847573096,0.0881332530554146,0.3424667552471695,0.23870298475964943
2020-07-06,0.3418826912750315,-0.24596909309708292,-0.06437724541279459,-0.415043963692929
2020-07-07,0.008087285309478985,0.12675113527646797,0.31030385258968235,-0.1598345682729332
2020-07-08,-0.023292831759996555,0.0865649472028621,0.043077561298915115,-0.2759694375761535
2020-07-09,-0.13407788121349196,0.12894081125173132,-0.048345710271292974,-0.3719520116424713
2020-07-10,-0.2145731808981153,-0.10033880041859058,0.32148102501534515,-0.30354781428366556
2020-07-13,-0.10976608860254397,0.18778978524694448,-0.03497485525403142,0.040182248747635374
2020-07-14,0.04595112904619487,0.03744752003123943,-0.3489819172591777,0.18772616859284794
2020-07-15,-0.05814796651871156,0.16148990621815398,-0.3166532727764529,0.5743096433257739
2020-07-16,-0.007324851224311971,-0.049207212018084354,0.2891685299106731,-0.05562432231192122
2020-07-17,0.2041306570915328,0.11284645043430858,-0.028474218571308958,0.19547323112738832
2020-07-20,0.3825377039107988,-0.08722748230584144,-0.07064802170268422,-0.23394234233115133
2020-07-21,0.04379094909001763,0.00019048545625137062,-0.13306538815319524,-0.2923716120270489
2020-07-22,-0.10454346948370573,0.11333600934139718,0.1369564065521012,-0.23662031192181798
2020-07-23,0.001926429111825572,0.13588259977098818,-0.2553731678955149,0.48307029406703156
2020-07-24,-0.011860224821212389,-0.06205345099509366,0.051598796900904756,-0.08089737635585818
2020-07-27,0.19761126632208434,-0.052492987627742696,-0.14845487268159388,-0.17596790063079493
2020-07-28,0.11364283039052817,-0.11729342333022265,-0.1322828417586219,-0.3646045734929858
2020-07-29,0.03836746760407076,0.15423906035717247,0.1054962466382998,0.10240882959277225
2020-07-30,0.12147693108371627,-0.06992421920847804,-0.1056351267862432,-0.3833668915732042
2020-07-31,-0.006623306870875738,0.06570167317084864,-0.0031860833262188225,-0.13946116424928856
2020-08-03,0.1006687093935311,0.08425036390366517,-0.4331058701990586,0.4908505337889323
2020-08-04,0.4197530525791246,0.069258982028094,0.1172199114787049,-0.47097277860960435
2020-08-05,0.04579708655713297,0.1230608129714593,-0.023027060908602313,0.10465157616490785
2020-08-06,0.017181327078028195,0.15427053779471558,-0.2245980762943342,0.2863606523997201
2020-08-07,-0.1250209580324727,0.14486675109890357,-0.07635287441768059,0.35806000179274394
2020-08-10,-0.021437983412088052,0.024454647132864025,-0.05442898115507409,0.20943524676956263
2020-08-11,-0.17559706578158077,-0.03443696940524613,0.03276194842721522,0.3383220243091406
2020-08-12,0.14199522977762155,0.16696771143728104,0.043677230654938455,0.1580297654755953
2020-08-13,-0.03547405854380607,-0.06876956805024516,-0.13517670469454973,-0.12322845574793423
2020-08-14,-0.11079683716761654,0.00979026649599564,-0.1153609025399903,0.13649255771436108
2020-08-17,0.12380648846229979,0.06091471604776167,-0.350754059159351,-0.13783526239777966
2020-08-18,-0.06886319590906208,0.10752161585642134,-0.013794785307166558,0.35356498669689046
2020-08-19,0.17180157469825824,0.08356347307076226,-0.2663223845275494,0.03975588502591987
2020-08-20,0.10272224179721398,0.028783901545158194,-0.002118571468552663,-0.1866257055079553
2020-08-21,-0.017696959323536644,0.024993520700917687,-0.10626889912411208,-0.16804134310020866
2020-08-24,-0.07362754486173587,-0.04171966147219353,0.01771444257595458,0.12405688938288602
2020-08-25,-0.11985223162277274,-0.07918349322724884,0.1660453034180099,0.19607259881694014
2020-08-26,0.19779141586531046,0.1302755942559586,-0.17343300967251243,-0.34460789001916065
2020-08-27,0.08541239636396764,-0.20905276678130236,0.038301826156676266,-0.03012869141303621
2020-08-28,0.142774364848141,0.04115367958658963,-0.02662076571290829,0.09517292188565933
2020-08-31,-0.06635529248292894,0.04307262388033481,0.05149120203610711,-0.15174554053625083
2020-09-01,-0.011548711922357808,-0.06297006868720306,-0.05143201600132277,-0.03494462695345088
2020-09-02,0.11501064343935992,0.07959437030419515,-0.2033253327187032,0.13112387967689265
2020-09-03,-0.1484700986069182,0.09158328994034166,-0.15826656013082188,0.0438221952756968
2020-09-04,-0.2081050558562155,0.12893338413488648,-0.035402370893504745,0.43884038087134186
2020-09-07,-0.21751501274991225,-0.03355124387037076,0.08923586600646242,0.35878984411185916
2020-09-08,-0.36630819157341027,0.2882683851726359,0.2027451502084005,0.41570985903366087
2020-09-09,0.14528991538499997,-0.20009243386456704,-0.11965051837125863,0.055636539506836384
2020-09-10,-0.07361383363938141,-0.08233239244222106,-0.3796328374942241,-0.5034479869865575
2020-09-11,-0.2308034958246254,0.14596932057570944,0.04083229026705958,-0.13001139944233772
2020-09-14,0.10327993843154994,-0.06313469801001333,-0.20244082436398916,-0.14408099703355162
2020-09-15,0.07057736219579247,0.03170750023945015,-0.08204441490607325,0.3091793953427827
2020-09-16,-0.06489116891805997,0.0671935414569369,0.2087422438760204,-0.11537195897096729
2020-09-17,0.2664442078739352,-0.09398623519726913,-0.37824290740832167,0.20773516449588084
2020-09-18,-0.03698398225102854,0.27052911146598313,-0.12276028548490762,-0.003564322802848724
2020-09-21,0.14346832039354368,-0.10588482259740006,-0.26388868767105605,-0.08317474747892403
2020-09-22,-0.04608992764421338,-0.0462438335800402,-0.08125568986593096,-0.2492580012437612
2020-09-23,0.07196757280002966,-0.020197353492576717,-0.047401054413542344,0.16060735801063747
2020-09-24,-0.0555133608407015,-0.12045005314078305,-0.003329158335936627,-0.1081815994136582
2020-09-25,-0.07014427109757253,-0.02009296182852477,0.004085759021106048,0.18692856868006597
2020-09-28,0.296980607217976,0.06292794301087117,-0.12461686984355536,-0.3928747989380426
2020-09-29,0.03351650893179453,0.016513051759653875,0.08114677348928623,-0.17858790491859217
2020-09-30,0.07565420808043784,0.12672976197480942,-0.0019296827913057844,-0.3323188517604034
2020-10-09,-0.06294261409801516,-0.19831140158927116,0.09494601889648263,-0.314852696505504
2020-10-12,-0.1566110400022052,-0.04297119229686027,0.029007636847993252,-0.12671171174822193
2020-10-13,-0.15730417343156683,-0.06674451306716112,-0.0013841579544925603,0.21840286799084685
2020-10-14,-0.01415617096677854,-0.05362101265265792,-0.205379632728531,0.2746167583460325
2020-10-15,-0.1645239927372811,0.009818711691946192,-0.09365785365947774,0.4078033322063099
2020-10-16,0.027823925949796758,0.06930721268952446,-0.06146464579595152,0.18818458960139053
2020-10-19,0.36353665132470286,0.12279859813143607,-0.20787989763708503,-0.3579238323087533
2020-10-20,0.16101628132221063,-0.04017163683177214,0.2623755748391629,0.4394702815022832
2020-10-21,0.07588595305943845,-0.051615675476506494,0.0027730628669196964,-0.028891551428279674
2020-10-22,-0.023485239374523414,-0.01760682283951729,0.1805693609426849,0.480444761647752
2020-10-23,0.17379184486653093,0.058324796682539246,-0.12294839282345996,-0.17101765327401114
2020-10-26,-0.09541996552897357,-0.04997245397000024,-0.11832553374656703,-0.3869039082382743
2020-10-27,-0.12236095838373878,-0.11816908262478953,6.370099235267725e-05,-0.27400611401652364
2020-10-28,-0.09222750311479122,-0.15251722037003412,-0.013301051899012564,-0.10670555693743705
2020-10-29,0.027005970152043906,0.027110565338408065,0.02871363071584022,0.03108904085078428
2020-10-30,-0.08753192073013075,-0.11403986104441675,0.31785429539829047,-0.1866582937047312
2020-11-02,0.29879471600849977,0.1783263055489377,-0.3301435124508045,-0.12461708864854522
2020-11-03,0.21943536785189896,-0.20898966223451593,0.1151466699690731,-0.03100185531714688
2020-11-04,0.08039407120725127,0.06341666662583781,0.003979350667576238,-0.1359569119483477
2020-11-05,-0.1990422610142577,0.11279139516121925,0.2820352628943011,0.14282522913934703
2020-11-06,-0.06241763939712857,0.033244636542312356,0.09636252245835648,-0.26773452894052446
2020-11-09,0.12520354099912198,-0.021531115657128733,-0.23174319140994523,0.28119495147751616
2020-11-10,-0.34994771313348316,-0.06678092370582243,-0.1805029942387899,0.5635205014146362
2020-11-11,0.3047509063404569,-0.03116177801827883,0.055310311927885464,-0.2855321922981672
2020-11-12,-0.07099258596712886,0.12245756941726396,-0.050225205911317086,-0.396669898732577
2020-11-13,0.05704622766399908,0.14205237861619216,0.15912836677189832,0.16561587301446978
2020-11-16,0.03574008643629392,0.05222903613795465,-0.08013944939794325,0.29876398426445155
2020-11-17,-0.0871238792249399,0.06616539833573988,0.09417986258800272,0.2522273349859758
2020-11-18,0.06282570173753636,-0.030489728502374337,-0.26331972795977593,-0.12871646524637084
2020-11-19,0.2283918990468768,0.012039868801682613,-0.16088229034468968,-0.09993979813597384
2020-11-20,-0.1802916409486596,-0.015637989741127505,0.19410906899380703,0.17543043096698654
2020-11-23,-0.04751522724827946,0.17213348104645187,0.0005935793095510041,0.022449256159579028
2020-11-24,0.05189976635201061,0.12622240087425662,-0.033354606607014135,0.23540795441613518
2020-11-25,-0.008775583668832649,-0.03662558752947432,0.030207032745506738,0.2226504829706891
2020-11-26,-0.02992193879618784,-0.11097012655883175,-0.13940154517622044,0.25186049413541595
2020-11-27,0.04610331260370111,0.05512053236721936,0.06355770979043918,-0.19211831883225738
2020-11-30,0.06694713853801666,-0.188592174858047,-0.0002371381710653907,0.0106200368597893
2020-12-01,-0.021310623781495987,0.1382433905705041,-0.022342835942250405,-0.04488943048763178
2020-12-02,0.17349360569481811,-0.08154609083997258,-0.07199617459528193,-0.11975214608119558
2020-12-03,0.01819917708205779,0.14699238847082793,-0.10327799067467114,-0.40927641393408404
2020-12-04,-0.3638909294629101,-0.015063067389654112,0.16972635402886058,-0.5073636501492375
2020-12-07,-0.14047836589992252,-0.027192347262435385,-0.01731115580108595,-0.20892008960974612
2020-12-08,0.05486056823411059,0.09349735444059215,0.017303678871241915,0.18485825262909547
2020-12-09,0.013130286402563876,-0.021917207795370486,-0.00024986731402136064,-0.19054964401427474
2020-12-10,-0.11804705566448699,0.05699985363500125,0.025618025166920962,0.02019389122979036
2020-12-11,0.1473532239688162,-0.06091005494373429,0.04336287632245829,-0.2946841686920979
2020-12-14,-0.11337243193734775,0.008216478996155015,-0.15476967494004867,-0.16388639091440688
2020-12-15,0.11969431047772885,-0.10829616002874341,0.12133687554319578,0.06119300638758447
2020-12-16,0.04493560912984687,0.04109143646939249,-0.09045815039417593,0.12220066165400101
2020-12-17,0.05671566430979733,0.022378406869047206,-0.08241198994936962,-0.030920854315359562
2020-12-18,-0.04050763250623753,0.007158999176628241,0.18469754666922017,-0.39644723871239745
2020-12-21,0.1381007483864601,-0.11654476490416196,-0.25800814662278715,0.06609272684230313
2020-12-22,0.10002028698887329,-0.12033496518877804,0.07611914855515908,-0.3073604898806744
2020-12-23,-0.06616058136260865,-0.08504872601499744,-0.09087602390184754,0.10223195588996298
2020-12-24,-0.0072338250800420036,-0.03864010674718353,0.12240152231140881,-0.07281333756592445
2020-12-25,0.005002182695875135,-0.1611496412190185,-0.007504584266378546,0.10864172873215854
2020-12-28,0.32760627929323644,0.23910725703623462,-0.4279516188652658,0.09411086977714482
2020-12-29,0.3232401882999065,-0.20397708808536802,0.03398430480245318,-0.3364310469295364
2020-12-30,-0.234479654515914,-0.05161210643359109,0.11443462160174027,-0.2810410531368006
2020-12-31,-0.13709926060087146,-0.041245295651895664,0.18929809007324588,-0.34611404097466136
2021-01-04,-0.2990584554516257,0.032357483822270806,0.11706699982158694,-0.2801009233433959
2021-01-05,0.24955006619036982,-0.14906152519579027,-0.35185081753445485,0.19263548249690418
2021-01-06,-0.17155478536350743,-0.3077325846030743,0.20561389265309088,-0.12406528165119665
2021-01-07,0.20499152464464548,0.15573566182369983,-0.15894941660933073,0.2165736101868537
2021-01-08,-0.2145101191565478,0.024538984347769216,0.07220167010325748,0.031280151609387345
2021-01-11,0.16628951425690394,-0.12876735906247924,0.013809307132085445,-0.21719977667568388
2021-01-12,0.19528158924045558,-0.03950516527027187,0.08374976720296227,0.20682709040577163
2021-01-13,-0.1943366034683451,0.32512537552285026,-0.07022728114640803,0.32727367326395096
2021-01-14,0.18865505199261423,-0.04222870735422257,-0.35470159015794434,0.18216416157086113
2021-01-15,0.11595916685604682,0.004170905317501759,0.18789297449359707,-0.17461939170240662
2021-01-18,0.14881440528203396,0.056885482604773885,-0.08848024767977845,0.2986592419816619
2021-01-19,0.33656124966494266,0.005857138898515274,-0.23713830355439797,-0.5019504561280422
2021-01-20,-0.3048028277824842,-0.19114470622094784,-0.11166551015815597,-0.2621877878035391
2021-01-21,-0.2797397045215436,-0.026685886923579472,0.18787682301729142,-0.3127084614496178
2021-01-22,-0.12293081803584796,-0.24443717511348845,0.0450181367613999,-0.11013444865807964
2021-01-25,0.169650178393321,0.16124449350093278,-0.20139036485232156,0.35118196711488486
2021-01-26,0.04119941140868865,0.015369594873132338,0.043747578996437754,0.15903918672124331
2021-01-27,0.026125137799309955,0.18131710992648556,-0.2012874847998466,0.2850769828099065
2021-01-28,-0.050694556968900045,-0.015571714696118934,0.1061724163959915,0.02546429332672355
2021-01-29,-0.144642013351283,-0.11090069167477817,0.037385947178750295,0.04230477777029513
2021-02-01,0.049460458025490296,-0.14721977530606714,-0.21576201298413628,-0.38316405092241346
2021-02-02,-0.05850785165641019,-0.1068700141422078,0.15954581091803888,0.16505973403788837
2021-02-03,-0.07530827629942789,-0.10570635449423078,0.07480602168311583,0.11259770163236149
2021-02-04,-0.17375473300435126,-0.14580400350623834,0.0890696938805263,0.20057602449752823
2021-02-05,0.24842058888054874,-0.028871906573121272,0.1668457675766333,-0.17800760799246415
2021-02-08,-0.06768331723616347,-0.03133848101969655,-0.1335421842582108,-0.31322131301443007
2021-02-09,-0.07018008758220787,-0.10979461239431726,-0.029701936691995192,-0.20060057752615842
2021-02-10,0.22477163095119923,0.15530297542155191,-0.17828179510076803,0.22760178944834458
2021-02-18,-0.2054246980768135,0.2530667144013057,-0.14116178125918782,0.4204483344002217
2021-02-19,-0.302358897476854,0.29942531459740485,0.16499317101879368,0.43249245984086004
2021-02-22,0.08637288066438178,0.00373789795383031,-0.09060659225910515,0.0350044694423126
2021-02-23,0.05662197337322815,0.25617661201385883,0.11978926637625412,0.2903793660188239
2021-02-24,-0.13213142482886456,-0.07957129975294698,0.18530368864000932,0.3715651168852545
2021-02-25,-0.006796588857072108,0.16920574306740532,0.049623200681727334,0.16406716693306217
2021-02-26,0.20375533938606963,-0.05481035606131323,-0.2891582435242872,-0.295413526152632
2021-03-01,-0.04574683061200155,0.17454194603252984,0.13765832384402013,0.08760165484677951
2021-03-02,0.27195576492385787,-0.010094221876995416,-0.20219815605990318,0.21256390244985665
2021-03-03,-0.20413866045944143,0.371426571353027,0.2892787508881741,0.5062781742797539
2021-03-04,0.09791662175828482,0.21197212228710285,-0.0719104310257947,-0.038118673890830394
2021-03-05,0.03947188611983271,0.22376350781937715,0.1038733036267573,0.5320141202719048
2021-03-08,-0.26661286152034436,-0.1346627997476944,0.1492740227042055,0.3115925275413181
2021-03-09,0.17837023641173683,-0.18996816197524954,-0.33058289751995157,-0.2922660153253987
2021-03-10,-0.11226820932876,-0.1285917219169931,-0.28723710519292445,-0.14703050473988016
2021-03-11,-0.023920543508981897,0.03318586845696478,0.2593370303104219,0.21786720263886714
2021-03-12,-0.12345293704613874,0.1114845132025996,0.1892176634031955,0.5336578577487531
2021-03-15,0.1298947908867211,0.02508179338175491,0.034649126854280794,0.10129897556856422
2021-03-16,0.11343773973641583,0.03277343404165514,-0.1342222388157968,-0.4528546707700728
2021-03-17,-0.1524517060140621,-0.05523166360059728,0.16751595314180293,-0.2210193845783509
2021-03-18,0.29036663113217875,0.15035278771470237,-0.07881734029338493,0.12367380918200331
2021-03-19,0.05793942844611145,0.1509337101873369,0.0432891316317261,0.23840844776355322
2021-03-22,-0.017787969815119414,0.1040040228950815,0.11122071876512102,0.04311489342688521
2021-03-23,-0.37959716333303817,-0.007084105928808721,0.2258568606988262,0.0667927653116165
2021-03-24,0.23324317410747228,0.13664786504239293,-0.1881300416325604,-0.18032454277564539
2021-03-25,-0.11459716112947786,-0.16512283763293595,-0.300708690735925,-0.39649709097889596
2021-03-26,0.16592519216499593,-0.00842430420956273,-0.14458030937919505,0.14155044912613626
2021-03-29,0.08971713067557548,-0.1723972867834774,-0.1842476069825092,-0.25087232965502865
2021-03-30,0.2459571595999556,0.12524674723757875,-0.2269630213412825,0.22808658923861408
2021-03-31,0.2066891454951668,-0.08421766622202605,0.17054475483843096,-0.44388415708839296
2021-04-01,-0.3563265901713772,0.056331117875505266,0.09827174251310875,-0.4866129196126756
2021-04-02,0.19332537160539456,0.05133394398567823,0.0323878137982866,-0.013338824940355171
2021-04-06,0.026366508767263947,0.07740566075061302,-0.08478936904042705,0.11494630988760776
2021-04-07,0.13452809400976942,-0.0029805806632734223,-0.1267929507153098,-0.2544347540899532
2021-04-08,0.282563452035412,0.12550718337689803,-0.21082967275279726,0.2748799723257527
2021-04-09,-0.13470955070766602,-0.025302751042542298,-0.11606519074296014,0.3279110713322471
2021-04-12,0.26583465045558013,-0.0016748008116704008,-0.14964532774526357,-0.23204624156820383
2021-04-13,-0.049478617231424195,0.018716700573880887,-0.2198107872850512,-0.3208142209941023
2021-04-14,-0.1372020963027586,0.10735663878895763,0.05592542532238314,-0.10188219221990694
2021-04-15,0.25093430672690425,0.25404936828746716,-0.11579375438457484,0.2956204907374559
2021-04-16,0.2794672357953958,-0.24221320327152163,0.03329988610997014,-0.39386208188147315
2021-04-19,-0.032627478601558436,-0.005721007192131984,-0.09489238370005446,-0.1427064399696661
2021-04-20,-0.18688052029073385,-0.1266393919087933,-0.09160086932643217,-0.07312891695581826
2021-04-21,0.12214822933170925,-0.015582832569504192,-0.008065385303045378,-0.11779180227267956
2021-04-22,0.12471697454201701,-0.08158415715512393,-0.09001501810453164,-0.24236115588229037
2021-04-23,0.11098701046472206,-0.02836117182320915,0.027461021800808963,-0.0141951046639707
2021-04-26,0.007253613787653313,-0.09388234866463636,0.26611562454961574,-0.1514921260268784
2021-04-27,0.08016194475763987,-0.058638939922122914,0.07376553733311578,-0.23299669324133748
2021-04-28,0.1887874510467541,-0.017108595629761445,-0.08158030336173636,0.17898535443135655
2021-04-29,0.0773479188631747,-0.08068952783887587,0.18331817429657865,-0.1867327629811716
2021-04-30,0.1821181653870263,0.19093060031089606,-0.04418645546958315,0.33332268683026056
2021-05-06,-0.5017598091061358,0.0826867875697955,0.0791971515785801,0.5178054290125746
2021-05-07,-0.24655974701351133,-0.08524569164272232,0.1997563535258763,0.012969032908262937
2021-05-10,0.222037635863415,0.06585886768497355,-0.2586314966331169,-0.0761139708760303
2021-05-11,0.06929307381375617,-0.08066917425929349,0.017172450811771503,-0.14298195056751145
2021-05-12,0.02560093203900404,0.13963406844725745,-0.1477041181809257,-0.01410758475825155
2021-05-13,0.020186937455501944,-0.057126915768080516,-0.3633576453631101,-0.16383643217076063
2021-05-14,0.13906861030828932,-0.2833501953214331,-0.21215463340332233,-0.33853504363643083
2021-05-17,0.08909193238292631,-0.004858231538142111,-0.06906860372041491,-0.05828222587148033
2021-05-18,0.2062670604313775,-0.06042332978930078,0.1718384750811208,-0.22925357442805924
2021-05-19,0.05644574386052372,0.021047245079072092,-0.01056423899132495,0.0037398153749964853
2021-05-20,0.30603535812008975,0.07749773572319274,-0.2742156454111073,0.09383388111224117
2021-05-21,0.31428137639464476,0.07503848728841829,-0.032934335602804066,-0.1997208490997594
2021-05-24,-0.10100516144565334,-0.09381592881567677,0.023519406514053688,-0.1895387811189239
2021-05-25,0.15175122805412708,0.026965237854515312,-0.25352630214082444,0.2759691403527289
2021-05-26,0.19939586283505226,0.10790636267112426,0.024933453835453683,-0.24047664565346827
2021-05-27,0.2555557644697571,-0.20470337013532847,-0.08577807242725899,0.08650115730720491
2021-05-28,-0.04910242667059017,0.00126787474761495,0.17199293331882703,-0.4317978026404924
2021-05-31,0.07141296351610169,0.021157333800640603,-0.05463199831233664,-0.05046419042235888
2021-06-01,-0.08230202824803763,0.0571433129001196,-0.12911410281280378,0.36170561337991597
2021-06-02,0.01232141521717933,0.09065649229720506,-0.04273803713243214,0.19228450994927174
2021-06-03,0.026971417104517684,-0.055254427492115635,0.06144169995601298,-0.17995890254980734
2021-06-04,-0.04129166264964173,0.13011573188595665,0.003790375999141912,-0.13080284952203716
2021-06-07,0.08882821376194902,0.1588326089930828,-0.09443137778309278,0.15526334969471672
2021-06-08,0.09347903100923703,0.0032134830233165874,-0.05532204715425434,-0.18311580021915214
2021-06-09,-0.06837808374045584,-0.03418100237808598,0.08221015783816334,-0.43886561896597603
2021-06-10,-0.11805079167500326,0.07796430996431788,-0.075707962606745,0.10190777344545893
2021-06-11,-0.01872414440985746,0.09814752165496764,0.161011456092507,-0.15392151840464474
2021-06-15,0.1295911590424652,0.3209258869300244,-0.19597362124445228,0.4685131735711755
2021-06-16,0.40573351566437366,0.08305750420417646,0.1331179184254195,-0.46923083759018186
2021-06-17,-0.24205090433641907,-0.10342101251486657,0.09725715448442249,-0.2754586783079342
2021-06-18,-0.16858243073517779,0.10501463217359239,0.1681198570700331,-0.23520644985982742
2021-06-21,0.163195700332587,-0.009449421822983533,-0.20721906684668384,0.15051780060146228
2021-06-22,0.14217193063273878,-0.03053349977539844,-0.04665191411030574,-0.10324656375280261
2021-06-23,0.05825157618348535,-0.057262825064772996,-0.16832459414689865,0.30710776181370886
2021-06-24,0.08603845990630872,-0.1909486210340216,-0.2118143458975141,-0.07411761181397551
2021-06-25,0.11944605183976209,-0.10573091623085161,-0.016419982467548326,-0.30550890838465916
2021-06-28,0.0015974568040845552,0.042530956504918546,-0.08104839870115109,-0.021270787406491895
2021-06-29,0.09738672633630638,-0.05812958073091657,0.0418106804929346,-0.1740209133093448
2021-06-30,0.2835597566925135,-0.16573993245448398,-0.1550563187186279,0.2403198801586463
2021-07-01,0.16108211259820135,0.14901726733461237,-0.21462810859763554,0.30183467111453466
2021-07-02,-0.04274942108074041,-0.030687371716983002,-0.020490170551543153,-0.2495541951569139
2021-07-05,0.10862310373496806,0.05790390237657469,-0.07024589876649232,0.33947487770849694
2021-07-06,0.28530026505999834,-0.17770606858690502,-0.20980858419999285,-0.42771608212810114
2021-07-07,-0.2542794774908946,0.02588551448344412,-0.05532898880095819,-0.22150499447317198
2021-07-08,0.11285665080151298,0.007773544994664361,0.04857683694563616,0.11058078828438371
2021-07-09,-0.037772786886337,-0.07165193242089939,0.009500034706544175,-0.3473308985258861
2021-07-12,0.1389799805361985,0.060265201687414914,-0.14281471222148864,0.19539426922645647
2021-07-13,0.047706043873512696,0.1361916147320132,-0.13387256995299485,0.045703012849748016
2021-07-14,0.056183672558843836,-0.12669081365123852,0.03438156553261842,0.0077688370801270185
2021-07-15,0.040490148190375067,0.08019549156993817,0.03831971595553383,0.2153974676956371
2021-07-16,0.06848917756976397,-0.0573521719399259,0.14288626714568742,-0.07309897689076476
2021-07-19,0.12467424531119149,0.023341377357184934,-0.16452508298178684,-0.19468600843430917
2021-07-20,-0.06973468799601726,-0.14592865438060484,-0.03751120864639873,-0.4512883687964267
2021-07-21,-0.0992791585270034,0.15147164362393825,0.0695515571095195,0.16991070852575668
2021-07-22,-0.3391598461872549,0.16712749070951627,0.33096535418382017,0.1549814333670508
2021-07-23,-0.13436514032354957,0.14710578696847812,0.23136302397101965,0.029605722025046365
2021-07-26,-0.21081293142389046,0.15764846948689093,-0.02656844470193857,0.0890082242348051
2021-07-27,0.1478747280869261,0.11991064875102321,-0.2396556332467982,0.10823250024740147
2021-07-28,0.2987981121349636,-0.033547290874244184,-0.09216809420946193,-0.5363933252773518
2021-07-29,-0.17632493796021473,0.05019698811769358,0.14205451972754324,0.03531994371944569
2021-07-30,0.24854322107068305,-0.039372981397058596,-0.24859304083045652,0.014618614730816706
2021-08-02,-0.2099670266180057,0.1956221066590413,-0.15476222392778197,0.1877893636146004
2021-08-03,0.48344875582211017,-0.021212757207313294,0.041499779656215846,-0.3276984456907527
2021-08-04,-0.10653004516562795,0.13837219971064188,0.0038282244535641752,0.027385320121652276
2021-08-05,0.23217710349979692,0.12385085355759157,-0.04406220993869535,0.21242622899525238
2021-08-06,0.034859653126340526,0.1135547067258219,-0.031775668143383305,0.3012444706242086
2021-08-09,-0.2839215184411353,0.06488786232093709,-0.00028739131436374013,0.05076484809091699
2021-08-10,0.17044657000332547,0.05670257488863449,-0.17792625925354438,0.27439123295392703
2021-08-11,-0.15031529610366065,0.06214815249641479,-0.11213266934385895,0.06588044272363508
2021-08-12,0.19060913960097178,0.08471206934768628,0.18145642022509334,0.24308963483064014
2021-08-13,0.09500695843651395,0.1873951823761017,0.023775376771550356,0.27978884208892085
2021-08-16,-0.02010851186578083,0.15461077104929868,0.10887416109845582,0.3726776816990362
2021-08-17,-0.21867773586537192,-0.15584114188304385,0.07048303823389628,0.20073411861554383
2021-08-18,0.25188749578878017,-0.04776604831151907,-0.3260968995580046,-0.3809463433795331
2021-08-19,-0.12572602588252005,0.1184934598124598,0.00572557496489234,0.07617400380730462
2021-08-20,0.11554306230509388,0.051030190120403204,-0.1587393118566879,-0.31199034603806675
2021-08-23,0.03827003321161668,-0.08779750400629914,-0.18502404201294662,-0.20548692763711862
2021-08-24,-0.1171717320096186,0.021377549026763237,-0.10507698167152842,-0.03515864101606217
2021-08-25,-0.17641735205225123,0.1833440333718141,0.018785426184440242,0.2679772612384615
2021-08-26,-0.06360415046977752,-0.15404565121863015,0.17227190864607964,-0.04059983342343781
2021-08-27,-0.09356219756658603,0.0564362907594883,0.14680739801477255,-0.006705098051424951
2021-08-30,0.071891477978728,0.1323702614070573,0.14887527904159245,0.30524889107278597
2021-08-31,-0.117958412300693,0.13575537758971756,-0.21182980627016013,0.40230614415241417
2021-09-01,0.07862066419166584,0.13912040260882053,0.33474954077766206,0.27700260969416723
2021-09-02,0.28436753399215114,0.1623236383304972,-0.27815482236473876,0.14693244545185097
2021-09-03,0.05299949418901707,-0.11312296132279223,-0.17404792814752715,-0.25307018171415296
2021-09-06,0.19807380421563378,-0.1784140162093634,0.024463932589152915,0.1981403569695453
2021-09-07,0.004843813680795993,0.08320401082509561,0.087698516866944,0.21474952663666622
2021-09-08,0.020077549007459974,0.056857232944723765,0.11729148069540528,0.09386372383657209
2021-09-09,0.26921945197285396,-0.13401033773007212,-0.1067750821004944,-0.1043309433001477
2021-09-10,0.21928294813493088,-0.009281725832899254,0.2245424851292155,0.32665674033963227
2021-09-13,0.3257824603247683,0.1484663130558064,-0.37334455779541326,-0.34163460031210185
2021-09-14,0.10870838525108248,0.12485042608664343,0.018454271748056552,-0.04981644054596056
2021-09-15,0.15083167809971598,0.13481953573549646,0.017462316164222606,0.2469884562964622
2021-09-16,-0.023836325211898986,0.04191579513852149,-0.06611244473761217,-0.09502033808085338
2021-09-17,-0.020247172178428308,0.031478796888716847,0.10477396510000264,9.070093360470855e-05
2021-09-22,0.03790417032582354,0.1704941790111583,-0.022385160471629823,0.0068945542322799164
2021-09-23,-0.04412015621663645,0.02191389920782553,0.09809615808705577,-0.29861556293621716
2021-09-24,-0.514460896927118,-0.13174327203280892,0.2667513094529707,-0.07582939022677444
2021-09-27,0.2284159875447513,0.15500462613451568,-0.18094162168014763,0.3291774937264023
2021-09-28,0.0229350153833171,-0.04480794016090601,0.2583025673989986,0.0768418119376079
2021-09-29,0.3910048512038214,0.14240741485370756,-0.31526551922512713,-0.27078542617537654
2021-09-30,0.31567856097399716,-0.033733743056927994,0.2829658126048638,0.11616685576171729
2021-10-08,-0.16709420104604603,0.12695008218476977,0.07902698870599904,0.18937762362503308
2021-10-11,-0.193712758379089,0.0035399584190277523,0.24576255258300067,0.05806125453547032
2021-10-12,-0.06108922598209235,-0.07080145257783312,0.09081775957871754,-0.3967109338123713
2021-10-13,-0.009387647966826522,0.0717337595515439,-0.24105160221008995,-0.18075526275126083
2021-10-14,0.014493428953726134,-0.1657620414794824,-0.04735546114304873,-0.19132211986694425
2021-10-15,-0.06103214494096701,-0.05801388497535017,-0.06049355867326142,0.12420980673144481
2021-10-18,0.20519214805232716,-0.027042040886073853,-0.1293095512637388,0.03649737932335785
2021-10-19,0.11815872018385204,-0.09730686483696452,0.12009397220820947,-0.1747199210550284
2021-10-20,0.2918251775870879,-0.03222103411471477,-0.1396601827450658,0.3643829045286356
2021-10-21,0.09350029703464344,0.014989192187065343,-0.22361920520226797,-0.08028077097712528
2021-10-22,0.355287240353984,0.0017669446621143652,0.07584254642466569,-0.2064111927098054
2021-10-25,0.02258953233793597,0.02989093529567777,-0.07796562474381744,-0.019892946601706023
2021-10-26,0.003702622201168441,-0.07820055335408402,0.1587571192977762,-0.0696626805526745
2021-10-27,-0.13487492017668412,-0.0458705082527347,0.05814148878141561,-0.08254613181570192
2021-10-28,-0.07096259434258732,-0.027213204416024067,0.0959786674512258,-0.36482957003638067
2021-10-29,-0.024400839844186218,0.14562235134218376,-0.10893357755063275,0.11539189542995813
2021-11-01,-0.03851189160291044,0.08623785755251687,0.21155061152517995,-0.4480593011263403
2021-11-02,0.2269272637587464,0.0695517546495106,-0.28538382662538053,0.26996500997592043
2021-11-03,0.22193707112769312,-0.07769265041693812,0.11233965318847881,-0.28615443456207784
2021-11-04,-0.17131568188666016,-0.06334412066156489,0.22479593692331265,-0.0790153839133243
2021-11-05,0.08938285679482402,-0.008610135881836328,-0.18405888599784404,-0.004808644336729284
2021-11-08,0.09896972356850639,0.06103181590874096,-0.042628646859067386,-0.18226394331825654
2021-11-09,-0.12833732390495192,0.03369185213660267,-0.03532050937839229,0.09130218001390034
2021-11-10,-0.1478125975768625,-0.046088338308122236,-0.15065336411829927,0.22455791189434846
2021-11-11,0.19741147378178256,0.015724829372856564,-0.11492662525114562,-0.13386294544471125
2021-11-12,0.06271265782203114,0.14972467346197013,-0.32970372352518446,0.08684830351458485
2021-11-15,-0.25523179148424496,0.001361886407945604,0.013999642446411128,0.05383366158303091
2021-11-16,0.377238133975933,0.08511406763077498,-0.2403583332185341,-0.08220816492470048
2021-11-17,-0.21587945185857282,0.007868110269207097,-0.16335536276905407,0.02599140909651641
2021-11-18,0.118432747458966,0.054137167604789614,-0.16256855229077602,0.2814339047950543
2021-11-19,-0.01285440363649297,-0.15623732738538026,0.027470791412510638,-0.34202826431820627
2021-11-22,0.08838365004763868,0.07772616836671416,0.01904850790671185,0.2371931444194374
2021-11-23,-0.1665979241673095,0.016897191922954167,-0.03646199691442784,0.1657636994680726
2021-11-24,0.10501585731364577,0.024938050495085285,-0.03847711938249247,0.04429544576772147
2021-11-25,0.13477408164809307,-0.05897627125709936,-0.19406667137233796,-0.06556994275711317
2021-11-26,-0.029682004252693617,-0.01043036161634152,-0.0030492907996208115,-0.14816180627028178
2021-11-29,0.05537414418479162,0.10228780392330782,-0.25907848696566804,-0.08304829138039985
2021-11-30,0.12739605858135022,-0.07402246663891632,-0.15272110603881225,0.41105360343311254
2021-12-01,-0.16741521630151682,0.06849745390290067,-0.03622215086147253,0.3108204550943308
2021-12-02,0.00820025794124027,0.184046039017652,-0.1146062993266607,-0.0645875491087727
2021-12-03,0.06502698127649872,-0.1367795849814502,-0.04208349906421051,0.350146970775399
2021-12-06,-0.24908820117098773,0.036078758281820125,0.09492067155356765,0.3879092832237529
2021-12-07,0.4492700569749795,-0.11972841612728334,-0.2977481999416328,-0.503541075061896
2021-12-08,-0.011955914849608548,-0.08488527420341059,0.03273723223329468,0.0489450916059023
2021-12-09,0.14709523396207888,-0.1319357138405674,-0.1488511496494806,-0.08349960753694972
2021-12-10,0.15229752014125952,0.080400050019124,0.05421391659685137,0.01708317406390942
2021-12-13,0.02779760713618029,0.04883980803487192,-0.09153848626164868,-0.2635330592456577
2021-12-14,0.1565841203904118,0.15402445206995202,-0.2018944040842541,0.4141805866792323
2021-12-15,-0.08127844471852382,0.040167305521882496,-0.10071241867803997,0.2158211852122421
2021-12-16,-0.05532544543628375,0.21959120299892768,-0.09363412960602462,0.39111333484139
2021-12-17,-0.19957212318520723,-0.008743167699237166,-0.05646357700330626,0.27578248516195086
2021-12-20,0.1319098023057057,0.10660618790435758,-0.00830091476982783,0.04772691791543914
2021-12-21,-0.02601818918577992,0.056238961500334986,-0.20264867496557007,-0.18146021512054278
2021-12-22,-0.11626135424252713,-0.1243418506951063,0.11938173968112831,0.0849774315438119
2021-12-23,0.07119673659794355,0.11341720289618469,0.17806373554151167,-0.04738117020378914
2021-12-24,-0.1020301861817763,0.008257864779195734,0.05668331548830072,0.04183555580803474
2021-12-27,0.0996871864152398,0.013409409508591626,-0.38826088448174606,-0.21962270725645966
2021-12-28,-0.04183483295853732,0.17478611513757578,-0.07809913979469667,0.08668501718979814
2021-12-29,0.18206897879205594,0.14638640367079722,0.030998745200550137,-0.16364497028294375
2021-12-30,0.1383340928208961,-0.014502298394335665,-0.05545179913486673,0.008731948608792324
2021-12-31,0.09187194907178194,-0.013878180042928633,-0.08458237062557487,0.3249768014990808
2022-01-04,-0.32729649335042066,-0.0185028946030004,0.05687670096684489,0.4645293486674341
2022-01-05,0.01035731441666672,0.09694282936449256,-0.10884302643682665,0.16437867240154377
2022-01-06,-0.0396196022257614,-0.002958296819115364,0.25155245174864443,0.5468659503561121
2022-01-07,-0.04017468055342658,0.15218406123769743,0.09814858727516096,0.10034729971536466
2022-01-10,-0.02145338198980703,-0.035759429387573025,0.1660159670172204,0.33297584932208396
2022-01-11,0.34713236074391857,0.09698895174641017,-0.42920916904418055,-0.3848181181695947
2022-01-12,0.031965104727055285,-0.00528170301083374,0.17846276961786803,0.3790311794787372
2022-01-13,0.2679663720135757,0.1399770109353337,-0.28137195370229506,-0.4485948364186665
2022-01-14,-0.18276860650886226,-0.03174252217537564,-0.0681408241004093,-0.27763621784594517
2022-01-17,0.1748733406735289,-0.11247859167250561,-0.12402435310077421,0.2988081891193662
2022-01-18,-0.28898171336759765,0.23123762825164854,-0.24263849669369567,0.45685977141055756
2022-01-19,-0.2970562658735798,-0.3014668359738424,0.1277993016042205,0.3407084258985772
2022-01-20,-0.05258100213747382,0.05916872196415946,-0.11809749184674506,0.010649505637267282
2022-01-21,0.1208345689964883,0.013089663779760851,-0.19214027583719745,-0.19281882951304136
2022-01-24,-0.019386130727849362,-0.053118918868767545,0.05595860697033642,-0.04306180867235409
2022-01-25,0.2429795039451586,0.09581166590637073,-0.15226760431618086,-0.005066282620360398
2022-01-26,0.09207519817451544,-0.015783934157363892,0.1779857706899453,0.403648110422301
2022-01-27,-0.015837827630915617,0.20121552380024882,-0.07021512754819102,-0.010949410133317974
2022-01-28,0.32390467614605645,0.16865281241033855,0.0011545881617785344,0.33416382931220984
2022-02-07,-0.24212264523286983,0.2528881706045301,0.21496643600302134,0.48452689268104193
2022-02-08,0.09952200658253377,-0.029368665374012472,-0.09127389589007427,-0.2879158637771903
2022-02-09,0.12602840957812492,-0.08767644063380328,0.26554960379226616,0.4137783599988932
2022-02-10,-0.2644074207392848,-0.11729180026553299,0.10787133496870953,0.4286552647222732
2022-02-11,0.20568107468386906,0.1468729635703512,-0.2323768469108769,-0.3441823686456893
2022-02-14,-0.23926543128985023,-0.1083575962710946,-0.5416792358790835,-0.5784722847213295
2022-02-15,0.2784572287699997,-0.1503823117342421,-0.18365743734078593,0.2885435006109891
2022-02-16,0.16719487046405307,-0.1146041490442004,0.07434249767204329,-0.27891807411809777
2022-02-17,0.4576832881567343,0.0033514258134907764,-0.28983603808160296,0.46390987478217305
2022-02-18,-0.06306931182195503,0.1353115556334998,-0.08065219093388873,-0.04931723517403222
2022-02-21,0.07086260827706181,0.004574017939133533,0.1864578060113233,-0.07543268339250198
2022-02-22,0.13048236915053188,0.027685170552796068,-0.1856273079168386,-0.47613208101334914
2022-02-23,-0.006643579723126686,0.1149542922619146,0.2177198528252612,-0.0731810129962381
2022-02-24,0.2498303131946196,0.049151080825291744,-0.198621403889704,-0.2749567056793812
2022-02-25,-0.008785835332669162,-0.00690526264541921,0.2995743274683413,-0.2428944994462293
2022-02-28,0.17341866042955886,-0.08895894928916925,-0.3307464997564083,0.12699265214425282
2022-03-01,0.10779551460573059,0.2225168059540888,-0.15442327765700928,0.31830916325094954
2022-03-02,-0.5181370128722748,-0.09870860754824508,0.08490083316285635,0.5222629064674335
2022-03-03,0.04660914025304205,0.20622910301987776,0.009007412943195982,0.04118812948016696
2022-03-04,0.011804436919324092,0.05281341770856732,0.43215310931942386,0.33983035067934375
2022-03-07,0.06355700707691966,0.002094856503627502,-0.06377377852099986,-0.138021202030369
2022-03-08,-0.24965652934375016,-0.30138238672134576,-0.022405459992019258,-0.1329154693678142
2022-03-09,0.023289303522792567,-0.05256913201004804,-0.20348257418276502,-0.21666084437695193
2022-03-10,0.10289018624895825,0.029975777858283276,-0.18212275656925897,0.12484412134209702
2022-03-11,-0.22814428418640387,0.15844654536566735,0.09510142374345039,0.24218948174281366
2022-03-14,-0.2263958956678105,-0.2428589141000173,0.22091503632938048,-0.2951150956081606
2022-03-15,-0.1078138037637448,-0.25119369021979965,0.013640900799798369,-0.17287142373453152
2022-03-16,0.13927135675605934,-0.14266100707650164,-0.11816334858246956,-0.08668957589601241
2022-03-17,0.1305135056228379,-0.1611776195213128,-0.0026481672562834215,0.448856963664823
2022-03-18,0.18723349320370655,0.011123987145223582,-0.02409754160062607,-0.2302258195208429
2022-03-21,0.12901334635229134,0.060699067918006264,-0.009991325596357617,0.5547129756678977
2022-03-22,0.2846385276296663,0.030533933242314747,-0.03313007312736118,-0.1041954832123769
2022-03-23,0.0872815345694364,-0.12318353305564524,0.24508402474842012,0.27376512044639567
2022-03-24,-0.12576270650840934,0.12257740967849781,0.18476650716827128,0.3285117577222222
2022-03-25,-0.3502917456858004,-0.13440919906312657,0.06652762161732742,0.46677234730815775
2022-03-28,-0.07693084432751227,-0.06798596172698666,0.244021964260693,0.09521441786010398
2022-03-29,0.3961758661068889,0.001460868272347566,-0.45862459416053336,-0.21853991488679425
2022-03-30,0.23192040691524804,0.016076378500004478,0.2921201528393052,0.4403003136985437
2022-03-31,-0.11753761500775524,-0.11597256831360493,0.15466138921324707,0.20538123946907183
2022-04-01,-0.13313908620396156,0.12220160162281735,0.29640779138871226,0.5047859528967096
2022-04-06,0.012699960452539705,-0.020509978941973386,0.04398253388651984,0.057037357038410424
2022-04-07,-0.1371427150588723,-0.10566277641050213,0.2475177655010554,0.4137727547257692
2022-04-08,-0.32014047988656336,0.1336482002390713,0.5567544100269176,0.4399011000570445
2022-04-11,0.24418912639068624,0.21429253202983384,-0.1930475386694397,-0.23446015865947853
2022-04-12,-0.10789793313512745,0.013538969704746068,0.2640949871753946,0.216238099133666
2022-04-13,0.03175034212540169,0.10004569378146352,0.03372787364703473,-0.18179785272195106
2022-04-14,0.03733830895764866,0.024696569833176314,-0.20993163844448784,0.07503399616925147
2022-04-15,-0.04591221068403988,0.2821506535988779,-0.17472903222835492,-0.4505828020464062
2022-04-18,0.29341886287874064,0.05201157559934047,-0.2987011943419493,0.251503729843902
2022-04-19,0.23243330682505592,0.22899545766769794,0.06119607566525839,-0.1565039897384572
2022-04-20,-0.20954869553800198,-0.1058449531570381,0.029531845622304185,0.21744831258597494
2022-04-21,-0.11349599483637131,-0.09896074700738759,0.056125556031860306,0.3725495919405332
2022-04-22,-0.3377553291361866,-4.9231288598684064e-05,0.3087280823376697,0.2408700247263336
2022-04-25,-0.30975075974734945,-0.3035274298245802,0.16576341375482695,0.04997195381646412
2022-04-26,0.23602612088637215,0.11555395806367527,-0.4357817913666079,-0.3808991289324437
2022-04-27,-0.013292237708931303,-0.12337848042485162,0.20111197350416787,0.14998683316101719
2022-04-28,0.2635370556538771,0.1158173780459826,-0.2599242269302974,-0.30186010854551687
2022-04-29,-0.08604559158444001,0.20264748433674434,0.09363410493238092,-0.07152150937838396
2022-05-05,-0.28854709501118897,0.2115222365608658,0.02785645979876351,-0.05878093275567652
2022-05-06,-0.14498942078679072,0.12789339252932297,0.1469549715365384,0.05881117692669257
2022-05-09,0.12928809258334714,0.10930363799277523,0.0014385468664265563,-0.2618089036971693
2022-05-10,-0.08041048237784133,-0.019025340079081594,0.024765763900870923,-0.2622524375699059
2022-05-11,0.11648068573514997,0.0719281979850159,0.10702247445427704,-0.23644156343740882
2022-05-12,0.13820765324802994,0.027363092254933098,-0.22582148693775186,0.30345077388421365
2022-05-13,-0.030226313904846553,0.1047845382368395,-0.20871521465643872,0.13743615431352793
2022-05-16,0.1862872964873829,-0.06666783505827692,0.23667099885356804,-0.26788950560606106
2022-05-17,0.03661783146183056,0.14766210587628573,-0.09048210381881905,-0.14071508207919853
2022-05-18,-0.057101836808401474,0.06879632374090992,0.060639385434959225,-0.08856141963152238
2022-05-19,0.3148380913716968,-0.07764295334200307,-0.1414621323282635,0.0036538825987980014
2022-05-20,0.08044298887569191,0.07716931815893831,0.14406563418672635,0.03531760972122616
2022-05-23,0.16628410639614888,0.0005478950112246388,-0.37734337878897944,0.3218975411664519
2022-05-24,0.06331271413385375,0.15977666172276636,0.049284134880150814,0.010233030363692516
2022-05-25,-0.13860495167151599,0.21920679309567834,-0.027755074038632827,0.13304703890070982
2022-05-26,0.08062313642782534,-0.04888416003559069,-0.08550873274684237,0.1491025201128213
2022-05-27,0.09716675764679643,0.0697806944844303,-0.15233629515259486,-0.3816447418701002
2022-05-30,-0.22516561323814013,0.05831599409514645,-0.14510513388183688,-0.3608110352683046
2022-05-31,0.17380750461451583,-0.05579663673399843,-0.09338713359357233,0.012878254960205905
2022-06-01,-0.04417396381869403,0.07448964010019968,0.12491555272433735,-0.2775083557698202
2022-06-02,-0.34460792096292503,0.09622714697353339,0.301758026791311,-0.32365023905984913
2022-06-06,0.18884533042366922,-0.08509988654051182,-0.35973775652425005,0.13878145721763166
2022-06-07,0.027521184338514703,-0.2246395552795012,-0.08122797592327141,0.029964838778154326
2022-06-08,-0.16022898937608185,-0.0192956615126246,-0.21302276315448854,0.4925898810330165
2022-06-09,0.18060698616194404,-0.00046958209455251243,0.23749760595195002,-0.1898068866985611
2022-06-10,-0.19280500297111888,0.12723464399729065,0.09197099047867448,-0.06310819577596771
2022-06-13,-0.007756924027263215,-0.014620184679422681,0.30476563583960614,0.38835572327577395
2022-06-14,-0.08640607809107168,0.021281607115366964,-0.12399716219996676,0.19925731756365755
2022-06-15,0.2492106946332086,0.011703263603066864,-0.4015345783505972,-0.4369920409450309
2022-06-16,-0.13207279365299224,-0.1474104597701518,0.08926321454736966,-0.2307392717831586
2022-06-17,-0.09529541489795278,0.060499245741754366,0.1056622665974809,-0.30420866498955496
2022-06-20,0.02572528024129569,-0.028686738447801535,-0.06210459061683889,0.2562299145507658
2022-06-21,0.09331644240984444,-0.0350350543853809,-0.10701692502769797,0.03569179637261929
2022-06-22,0.1778939170441532,0.013903398353924285,-0.12932813679996372,-0.17985564079369018
2022-06-23,0.08575545013172604,-0.03892676781450542,0.13862371178898486,-0.30215714080886086
2022-06-24,0.1036505414205801,-0.06214405064001223,-0.0100553146988535,-0.09645047654573997
2022-06-27,0.026225688422785123,0.007549443871214012,0.056495291772180926,-0.09783385527343806
2022-06-28,0.2819401002293788,0.01770469096522061,-0.3661244446369849,0.3821915859127507
2022-06-29,0.04525156311643412,-0.18047510764560448,0.16454337198511515,-0.1909433961935032
2022-06-30,0.07704409516201288,-0.04628658494341944,0.010677795603533411,0.19476291541402566
2022-07-01,0.013918151428185735,0.14906825888397146,-0.09386621008871876,-0.15227252102089378
2022-07-04,-0.10692638497254449,-0.05650866970451625,0.0909206314615624,0.22439493909339742
2022-07-05,0.26885279379174815,0.08989687588056848,-0.21457558255041595,-0.17006738462731638
2022-07-06,0.019733300460711357,-0.06471197911004208,-0.04576030458596178,-0.010195445687228109
2022-07-07,0.2775037711642496,0.02859519702050493,-0.1534850623187602,0.09436656420968134
2022-07-08,-0.025314727300283706,0.05576802955951937,0.08223000784564671,0.2639504432788125
2022-07-11,-0.19559604933035107,-0.04226210758426944,0.095954094691994,0.5016442466751786
2022-07-12,0.12064402414556559,0.09278944567469262,-0.04444258016847916,-0.22455979904360365
2022-07-13,-0.05783553904285739,0.04714844729885909,-0.24745444234117078,-0.43538849590998263
2022-07-14,-0.06069869742451427,-0.024923152286699977,-0.10271453805618017,-0.1533562813095565
2022-07-15,0.24435127523950892,0.19405130930354522,0.014537574878035397,0.29657216329884967
2022-07-18,-0.20134658569135447,0.36470564603897204,0.02379464163857727,0.13797162528747317
2022-07-19,-0.048700256943444944,0.09377798983087857,0.09039568363102794,-0.16312327284914563
2022-07-20,-0.06661011825189003,0.10365007794222877,0.03827552617131969,-0.18439074942760147
2022-07-21,0.14965221876494672,-0.05234678900728401,-0.16381045442874748,0.12965401992580078
2022-07-22,-0.023365363251653882,-0.045625399601803736,0.11497746293584939,0.20018490595396407
2022-07-25,0.14227268314323788,0.0108982774982211,-0.11052476009079076,0.03831486109586209
2022-07-26,0.08250905836889105,0.06717958384697172,-0.1683834733953191,-0.09632797528224962
2022-07-27,0.020603900834608207,0.12627111659093587,-0.1251059019863832,-0.10474450924056473
2022-07-28,0.02829167065424542,-0.03825500293043894,0.21330937782771725,0.16899581218675086
2022-07-29,0.23944878234257108,0.10750529448562576,-0.0775057896281786,-0.2747862429631655
2022-08-01,-0.05460861689284244,0.08644261923712991,0.017845226481256398,-0.10489539258564094
2022-08-02,0.07355053125581051,0.16891901117518746,-0.13036122914119047,-0.13788398449644146
2022-08-03,-0.175414240615847,-0.06969608141155488,-0.01723823833953321,-0.02902579897156414
2022-08-04,-0.19142217777419757,0.06063760313556364,0.07046428683454875,-0.03998185377373148
2022-08-05,0.22141919099084184,-0.04396255697881393,-0.13897719889088506,0.05966099105477918
2022-08-08,0.04638779296381944,-0.03905132089082162,-0.08609231663043376,-0.029424045437890903
2022-08-09,-0.045228078829689176,0.062325976422895626,-0.010828371806238937,0.2716554451943751
2022-08-10,0.314529475419562,0.13468226216338144,-0.08772814195918509,0.062250784451825754
2022-08-11,0.04725962126389977,0.16856525802436584,-0.14896830266409145,0.39933599867455977
2022-08-12,0.11758987097404164,-0.04815597959084664,0.164906755568169,0.0004531770555791004
2022-08-15,-0.1086551485062161,0.02894940091765988,0.0792522621010283,0.047832241948857705
2022-08-16,-0.016323079644201127,-0.06522469177119136,-0.05530857093081085,0.0677536187988675
2022-08-17,0.058262299435320984,-0.0056571448346845864,-0.06734843698092434,-0.1959882059617645
2022-08-18,0.3253820186696426,0.27922549529858726,0.2664073963524972,0.47006496133870523
2022-08-19,0.18432241802318472,0.15364105534042877,-0.05867477471618436,-0.04401071010854782
2022-08-22,-0.005420650228043257,0.06317056996644843,0.06677167033161537,-0.06645217365755035
2022-08-23,-0.035531769732859084,0.0030397700645099753,0.03399618237394354,0.41510371628272746
2022-08-24,-0.31789199227675485,-0.14174349853968624,0.10953590001979854,0.24729804207500325
2022-08-25,0.10341176564748715,0.04446406912488507,-0.00919104427362933,-0.0015429355829708563
2022-08-26,0.09839633881426442,0.14227498489201698,-0.037195276275553246,0.007469007367173851
2022-08-29,0.18613489684792722,0.17684822302374523,-0.06934447701093022,0.07306267875444762
2022-08-30,-0.14370819369325644,-0.03828999688051503,0.18187226700473924,0.21181826043667495
2022-08-31,0.04171536998224485,0.077243308501395,0.0769125446153417,0.17015447073948306
2022-09-01,0.15354141308341426,0.30151690658384095,-0.23668145620304495,-0.10769346478800798
2022-09-02,-0.027679353801913983,0.044795604529736334,0.015577826936898072,0.32130364812553247
2022-09-05,-0.12438440700330018,-0.05565646466555726,-0.2597414127934434,-0.03706270928095038
2022-09-06,-0.18825068653769825,0.14317213201743792,0.037109294101251786,-0.1951555007801368
2022-09-07,0.1150535494316828,-0.02964054956651882,-0.05229736264306994,0.06483778284106177
2022-09-08,0.029308374964936473,-0.10429673346510973,-0.21593526367178673,0.20595837675207346
2022-09-09,-0.04731301298946433,-0.037799864275898355,-0.1510663489950424,-0.20064378710674474
2022-09-13,-0.0361208374276927,-0.0014401159737411067,0.004851860810319791,-0.10443009604401815
2022-09-14,-0.16906558910342379,-0.06563215393989139,0.14714390432531857,0.44078713348896215
2022-09-15,0.17875075796150885,0.11312193017352723,0.03188426574040728,-0.29801632210814305
2022-09-16,0.1369693553607789,-0.0678314692306102,0.051060822174858474,0.157675714561937
2022-09-19,0.09901401797515234,0.05430681932638058,-0.41945590479604794,-0.21385313401180756
2022-09-20,0.024463895756774334,0.020360217302463384,0.021075156278432018,0.4113536778005298
2022-09-21,-0.10250449109072307,0.0047365358606947456,0.0883132647173391,0.029880681692704792
2022-09-22,-0.013709518708834427,-0.10884209964448137,0.10141254493384332,0.2774923519155081
2022-09-23,0.1565135001418882,-0.037105701837517324,-0.09817450770347129,-0.3051425437117052
2022-09-26,-0.12333481705934639,0.05300591054088047,-0.3142721755066971,-0.30698095440319567
2022-09-27,-0.05822557170463701,0.015508212223327994,0.2523314917082271,0.2573244407434701
2022-09-28,0.16048390722932906,-0.012332169228782818,-0.051110053328693346,-0.18902275544080882
2022-09-29,0.22015659366162157,0.08809501417624406,0.022470618230678054,0.4786602001270582
2022-09-30,-0.38624784658794725,-0.09607909263633141,0.06326254441147244,0.342960415516902
2022-10-10,-0.010101525762082895,-0.06801287661855222,-0.12130147496030796,0.02124271396949065
2022-10-11,-0.09901644576695948,0.18691475323792084,-0.33422426918970566,-0.2179548787974885
2022-10-12,-0.15755866757380413,0.27402784803748026,-0.09268912446454733,-0.28391590233505654
2022-10-13,0.024913090038542623,0.00777446578920697,-0.30838457813433817,-0.2134216062505239
2022-10-14,-0.04116268969193267,0.17950403369375773,0.04611751753195732,-0.1580301934650493
2022-10-17,0.09992068077272268,-0.08245815475784772,0.06517510053380435,-0.04088148872501743
2022-10-18,0.05769999440541729,-0.04049765058974573,-0.06562954711368847,0.12008485446598575
2022-10-19,0.05630317059089463,0.24732098231152985,0.20661046685349022,-0.14471564280069363
2022-10-20,0.16526476663204043,0.02299644142623707,-0.09202967876122285,0.10310547452211927
2022-10-21,-0.07542758824637004,0.03873318307998336,0.2712154207794319,-0.13672305872986
2022-10-24,0.05779176023814836,0.003268891785754418,-0.030240455903597082,-0.0722077004816521
2022-10-25,0.1838329574255038,0.2265220190764121,-0.09754709364341388,-0.3601525587577059
2022-10-26,-0.12868548006360492,0.2023048567886844,0.05280678159901417,0.22094073916468476
2022-10-27,-0.026640993875116495,-0.0790910602944492,0.04250303325617816,0.10832286020114784
2022-10-28,0.16542270414910598,0.21283633165982385,0.2854193859890871,-0.2733848301515054
2022-10-31,0.2701950731179218,-0.057665912571120206,-0.20863930148957266,-0.0047533844427395736
2022-11-01,-0.28646822722917553,0.09601898229016194,-0.10726736705528458,-0.23072505371322832
2022-11-02,0.11132947031706682,0.14446442236572507,-0.09444965117629849,-0.1430672741547337
2022-11-03,0.28347902669853914,-0.2571963103956085,-0.0750219900471072,0.04174515069898306
2022-11-04,-0.1442895392281099,0.17355403329305105,-0.07866126431415851,0.3320229567075959
2022-11-07,0.0013042372595323752,0.03571473738112339,-0.2761961513162586,0.17891006146166402
2022-11-08,-0.0956375334935484,-0.01694151039040238,-0.07428725777321166,0.3412800422021977
2022-11-09,-0.08559931965837504,0.04809327632012744,-0.06529410911259692,0.2787541857323092
2022-11-10,-0.08711437564994477,-0.11583499543347439,0.20846461254678575,0.21277658686119774
2022-11-11,-0.11898559621880951,0.1387859957046108,0.07752645094308042,0.1679397757163235
2022-11-14,0.026707141032746583,-0.037020586395354646,-0.0855537581691372,-0.21113079414360458
2022-11-15,0.3281757631468471,-0.09485343522171923,-0.11523450997781251,-0.0405959392874474
2022-11-16,0.1530062974910164,0.20307681665377514,0.1755763406396493,-0.14137540746744634
2022-11-17,0.2791096310664277,0.008030593745941,-0.26509422856822307,0.10767621462926386
2022-11-18,-0.028249997913888224,0.07341146123252335,-0.2402085665025677,0.09100875343241828
2022-11-21,0.19598516827776738,0.061917960427509695,-0.1086474963900727,0.49210915681468903
2022-11-22,-0.20425582363359576,0.07847042730691581,0.04648006878524855,0.30203240899287587
2022-11-23,0.04802287280722384,0.0853975817663426,-0.10494524171301564,0.13840748149822066
2022-11-24,-0.014773511359598004,-0.013531222260310494,0.2170665676278741,0.5075864608553743
2022-11-25,0.2169474811694297,0.03421377832815274,-0.08066157433822368,-0.1867015118498178
2022-11-28,0.3319903158084262,0.17333032775783552,-0.0666007193772851,0.20413200554674316
2022-11-29,0.06983754857714965,-0.05028111019180392,0.0036479408008102377,-0.01973833895624447
2022-11-30,0.1122868432930392,0.03618650747690477,-0.18802432015561713,-0.3600885544556957
2022-12-01,0.10387660886407583,0.014576840088228193,-0.09418119939550723,-0.0009707812453647181
2022-12-02,0.12958127505399006,0.024212990191859417,-0.07547871019003204,0.30215014543448376
2022-12-05,0.19689428560322078,-0.0643070616371263,0.10036649372185916,-0.19110456711614832
2022-12-06,-0.2022250472589913,-0.016618507071532947,0.10440666575833706,-0.18003614967509826
2022-12-07,-0.025304003666343847,-0.11957900006707431,-0.07423299760947924,0.2995453442613917
2022-12-08,-0.04954597106771448,-0.08320606228612823,0.03217277709915186,0.12066052235659344
2022-12-09,0.3073044703137603,0.04845332488874447,-0.22244885585997767,-0.37706710116334446
2022-12-12,0.37477136207411466,0.16831309396742053,-0.12482936170415118,0.30454149498612204
2022-12-13,-0.1487966871746598,-0.1267033554677263,0.016148468815453676,-0.1272620543741487
2022-12-14,0.33902397086177277,0.027816135354493374,-0.3214828085879065,-0.32834671965845424
2022-12-15,0.5432649474509152,0.07402601608358404,-0.13346386013994224,0.40469088486144716
2022-12-16,0.13533616544581534,-0.06103140919714754,-0.08269186285777756,-0.06773987649283796
2022-12-19,0.2925951460732461,0.3161043062422312,-0.2950086006981509,0.015326093722111214
2022-12-20,0.4472211111377044,0.13870167055464624,0.04124690038977382,0.1449416718879834
2022-12-21,-0.45404670253240415,-0.20199381128708846,0.011590673908096937,-0.04999007894668844
2022-12-22,-0.15523254373953702,0.023499296520157847,0.15288998980496035,-0.0522487319301048
2022-12-23,0.37077567503129977,0.25620600229525414,-0.39757063437397205,-0.2724768395664692
2022-12-26,0.25003595004977325,-0.1225633311679229,0.10188904053089749,0.12634717690612338
2022-12-27,-0.13504575406160776,0.12664426982864982,0.07845902185015353,0.24627143494140788
2022-12-28,0.06504992836392064,0.12861555801688074,0.042378382006746144,-0.37737646206116887
2022-12-29,0.12338576070547409,0.12859795668708504,-0.07836926979422676,0.16008261137261368
2022-12-30,0.19852206072765574,0.10549647337159103,0.08606971410939182,-0.0668270079823932
2023-01-03,0.16840053538718794,-0.05178948800225137,0.05058880136694187,0.2087995373307975
2023-01-04,0.13558955857781543,-0.08227946641888703,-0.3293739380170699,-0.2199894673652088
2023-01-05,-0.11032544921710526,-0.003063353159755134,-0.16440240398123548,0.09460953684095441
2023-01-06,-0.11409455355220444,0.012257375908848631,0.04381091776302967,-0.052271260924603366
2023-01-09,-0.08526159415181529,0.026759749966277772,0.13210779143405044,-0.32953982451312513
2023-01-10,0.24878049933721094,0.038346396123355456,-0.12573911340777819,0.4465300356891311
2023-01-11,0.027314300729148405,-0.00015076546845580515,0.10819032083326437,0.02150646388036914
2023-01-12,0.18698036366677606,-0.02271182587215176,-0.04757589552225388,-0.07023176823387355
2023-01-13,-0.06960329521229909,-0.05441189579846793,0.006467742809353846,-0.28078391127396346
2023-01-16,-0.1715319729065617,0.18850109009552576,0.0750832717415095,-0.08740120819740237
2023-01-17,0.1408329529861837,0.040500159884919985,-0.21209309889263328,0.13402715939804768
2023-01-18,0.12403462157398852,0.04526494054657511,0.25796355150566297,-0.20469598542042794
2023-01-19,0.2567899174393162,-0.1807587969720076,-0.2674528452510341,0.2505821617354336
2023-01-20,0.05982282270908925,-0.094699962934592,0.13204455985427518,-0.10306458695306818
2023-01-30,0.032810599818348864,0.04075514737956656,0.05476685508854544,0.23734971652494027
2023-01-31,-0.012184583910154173,-0.005169109138324378,0.21432904136145425,-0.13452196016459073
2023-02-01,0.060734218659105776,0.10210544486184814,-0.07859074097725717,-0.07459446646869874
2023-02-02,0.027938458107863405,0.19130206946452916,-0.025113388285486156,-0.19489525583465775
2023-02-03,-0.241275316550506,0.26499385795033187,0.08800015827581646,0.1495229037877736
2023-02-06,0.08810161054793936,0.05939138433896975,0.044631143891547695,0.2361374599284114
2023-02-07,0.1193096012920636,0.034052015167159166,-0.11053035185797024,0.05863811003660436
2023-02-08,0.2248737294059514,0.059054718751716424,-0.03786677331072375,-0.3325413790803095
2023-02-09,0.025942503428047593,0.16768473722357602,0.2624409881841026,0.17187675594855328
2023-02-10,-0.07559619079418169,0.019500776644824008,0.08815425774937624,-0.2478380778124289
2023-02-13,0.13464265511817394,0.0010766442918702295,-0.03886173703564273,0.1479362430212156
2023-02-14,0.12275443948699559,0.05039903087076091,0.07542416011207409,-0.13823346930641897
2023-02-15,0.12107226503148236,-0.028551661603299163,-0.17165283135374254,0.18733076659430922
2023-02-16,0.014891620807460268,0.1769285562786668,0.036714779412051424,0.36483419107365417
2023-02-17,0.12336564336111915,0.04027703873185884,0.10897641300231194,0.17738472283282894
2023-02-20,-0.015460748153370401,-0.011290359351900927,0.04105331867800771,0.23324364246756588
2023-02-21,0.054622800512697606,0.23848003711935475,-0.018639370386292917,0.029283294031836948
2023-02-22,0.15712892537537382,0.09771908166316216,-0.05663210324642671,0.2551937157496732
2023-02-23,0.2722195662000094,0.12593184299502677,-0.250869866155363,-0.045866273029411014
2023-02-24,-0.01708636807510731,-0.06605998865833748,-0.1438976786457706,0.11262953484109031
2023-02-27,0.23419120472172697,0.13517224404697933,-0.17948893543668615,-0.04614210232892672
2023-02-28,-0.15225493056342293,-0.014298449677558368,-0.08211190793399126,0.028359751370672072
2023-03-01,-0.22619038536947522,0.06846917783501785,0.033054237363363104,0.2556666242708043
2023-03-02,-0.16840197226329892,0.04783617457684784,0.09548872354565273,0.1350548441819381
2023-03-03,-0.0015374198625595285,0.09532707146088029,-0.06859466416883439,-0.1928402977224882
2023-03-06,0.035305220336241526,0.06406699353242962,-0.08303712691901496,0.4811650239699525
2023-03-07,0.478927772118046,0.3386440738664098,0.027902267408539124,-0.2149972113998343
2023-03-08,-0.20127544979217507,0.11830765209226403,0.03335665432694692,-0.049229907604671864
2023-03-09,-0.04763564495427192,0.059430968572819085,0.11696047411454905,-0.20705503854673477
2023-03-10,0.010634577615451918,-0.08464732597145222,0.04722429935612526,-0.0371460265085373
2023-03-13,0.013739526030125796,0.0027757006249245126,0.0828952286295283,-0.0500257774164828
2023-03-14,-0.005732629228875858,0.06838196507504289,-0.08646924962201566,0.3891572502310358
2023-03-15,-0.03527464944869714,0.1277671075968556,0.17009253381090012,0.07922287523856764
2023-03-16,0.018136831710006757,-0.03670358989261208,0.06405130212032313,0.04757588990563473
2023-03-17,-0.06724750114985896,0.042087538582977695,-0.10814873375280697,0.0035258448227173437
2023-03-20,0.057602928595278546,0.035778494447986746,-0.4048689596117318,-0.29101366667302264
2023-03-21,0.01411635629298192,-0.09777057965522107,0.12531563334818763,0.07620369404819331
2023-03-22,-0.18338916536002975,0.01854977182392331,0.2238995116381723,-0.07796604407507457
2023-03-23,-0.11078628297489818,0.047293032682613124,0.1587091157370831,-0.22098081053775057
2023-03-24,-0.17413167149238065,0.0790905238800971,0.03754878802130625,-0.09832535512559533
2023-03-27,0.079398900095111,0.10322952017427262,-0.28624340682226357,0.2826567160080102
2023-03-28,0.1671464533488932,0.038966468462021814,0.08022403793610504,-0.23109454961783515
2023-03-29,0.0885539669137108,-0.015825630711731827,-0.03702732426040665,0.11894449171516955
2023-03-30,0.3677206518259935,-0.20356427369899055,0.05574936350523072,-0.17460769635128068
2023-03-31,-0.12368534729578562,-0.005784280723007022,-0.003726119032011758,-0.1217199823647764
2023-04-03,-0.037372722897702854,0.0007057791645682243,0.03703787677579338,0.07716062208468139
2023-04-04,-0.06769191118146475,0.007362734761811839,0.027795540904996578,-0.029679805747202654
2023-04-06,0.11557576373955011,0.023319377620457073,-0.17780281820180624,-0.12738234946478116
2023-04-07,0.03888113625451028,0.0724602806354104,-0.2662079126843154,0.3014621150985089
2023-04-10,0.0684199517572721,0.0157693203885859,-0.05426175089543535,0.1408779553742315
2023-04-11,-0.1068145266102337,-0.013925187172318975,0.08269448845748173,0.07703309555843024
2023-04-12,0.2994503606771472,0.2266222178729601,-0.08833663230619421,0.2878650594300293
2023-04-13,0.23525747892308513,0.0185586096283396,0.11092274314706939,-0.026194914483303678
2023-04-14,0.09229545450428259,-0.0414035912201143,0.04388559672944577,0.32531445264095904
2023-04-17,-0.13789156783422615,0.09291980949610637,-0.19412664675211022,0.24555631280932855
2023-04-18,-0.037309302004351196,0.07147455471223821,0.10936776464301798,0.10032899785499397
2023-04-19,-0.1357948755654234,-0.21866225503284284,-0.012185411773858333,0.07259886421143058
2023-04-20,0.2978395510805243,0.000697095635631132,-0.1242927134887614,0.2398748050173871
2023-04-21,0.0526220566389263,0.049945375705594215,0.20476277349844071,0.17703681879541308
2023-04-24,-0.06527978870694914,-0.1481063486422737,0.1304023622623885,0.17777337561235174
2023-04-25,0.33708306572756763,0.2247406280094204,-0.29953381194804285,-0.01545685849772435
2023-04-26,-0.01948853230997148,0.03501803600831815,0.17809432557326418,0.02196857480344401
2023-04-27,0.22961466110935386,-0.07160469148325886,-0.3158734823041718,-0.018603228988006724
2023-04-28,0.04910810342656121,0.006777695209911077,0.3357820931519644,0.32033081883776265
2023-05-04,-0.13687590901834096,0.06854036838496742,0.17301000516809148,0.14982292267032943
2023-05-05,-0.10869192025533979,-0.10826705183335411,0.10368920354206512,0.3137806615982211
2023-05-08,0.01969145002570612,0.06351680447623276,-0.1502326997543928,-0.11650286232357633
2023-05-09,0.18928380887690519,0.25048270392602434,-0.34651563632111,-0.11145526991148078
2023-05-10,-0.12264679704939935,0.1301280311920095,-0.01880965357633294,0.021095016010198253
2023-05-11,0.026129775137575365,0.05023405450018384,-0.011020478137115715,0.025447566015055906
2023-05-12,0.22240356265878752,0.07215055362834473,0.09867051205800312,-0.07809439668070786
2023-05-15,-0.06462906045437547,0.1195841760270745,0.09038832115250248,0.0591567965422578
2023-05-16,-0.0017067649620164647,0.027130885284628675,-0.09018888537740212,-0.2379380596941404
2023-05-17,-0.02092046627408044,-0.0041839997408743045,-0.205506990370055,0.09853722300885066
2023-05-18,0.1917195905281364,0.13082460187434555,0.1613332915352359,-0.27177876484915825
2023-05-19,-0.1660886536834008,0.033918352661127645,-0.16295407861766958,0.09561499109675235
2023-05-22,-0.04748223925178107,0.12240387129994729,0.056768390233519615,0.014838340127010009
2023-05-23,-0.06148532071515656,0.012444481461675348,0.04844561881077724,-0.31280146114486973
2023-05-24,-0.15672127155095497,-0.14612002206675642,-0.09260448874298206,-0.17440162750003138
2023-05-25,-0.11971446706002183,-0.02426142461218886,-0.0760546680074387,-0.09586579696064117
2023-05-26,-0.14895527226341937,-0.025659415942572036,0.059520073369114926,0.09413933321355704
2023-05-29,-0.10400117715707048,0.016609750338970476,0.09405350917618632,-0.12750369810122794
2023-05-30,-0.23154425465262832,0.21690540006256923,0.3281088950273114,-0.1939767965630264
2023-05-31,0.2017984708531419,-0.07268469994509971,-0.12265984423018085,-0.02357210786006714
2023-06-01,-0.10912033316963989,-0.041128025621208555,-0.3663688641289812,0.22002622529058855
2023-06-02,0.2162481756989349,-0.12587353209710966,0.13533101363187852,0.09285275453124246
2023-06-05,0.08215181869374079,0.006188417747797159,-0.12468587340835352,0.417334574173934
2023-06-06,0.045486531142289136,-0.02542729631960727,0.07790765241002481,0.18021303204713604
2023-06-07,-0.13634023739671244,0.06484649852045268,0.13941430928791285,0.5073710018598955
2023-06-08,0.3929095288966403,-0.13173087045146517,-0.23451305373149237,-0.2609311082079798
2023-06-09,0.02968079381802389,0.007758250584848918,-0.05116925095330854,-0.23221976156002483
2023-06-12,-0.1690378833609263,-0.06783610367453317,-0.08550683667880403,-0.3122327754584733
2023-06-13,-0.2036591092287314,-0.015448034014380066,0.05879376879499731,-0.24564641170873505
2023-06-14,0.05088284351465603,-0.07436051183015506,-0.012289768745720164,0.04365497372361631
2023-06-15,0.04768011259324737,-0.14569042433178245,0.12445219788364249,-0.27961297576580213
2023-06-16,-0.15135640527388775,0.13242705040500113,0.16985427914325352,-0.3484471940517334
2023-06-19,-0.23083822260045578,-0.10866779041744815,0.17763602210107868,-0.2324058885786453
2023-06-20,0.08953852961918794,0.09433447152568254,-0.26460095339914097,0.45800585156184614
2023-06-21,-0.23746573287639025,-0.060842374328909994,-0.05872821660642996,0.07835920141284324
2023-06-26,0.058432596340325674,0.23655674163307908,-0.14790876121567248,0.35979779045683913
2023-06-27,-0.04363657191008514,0.12898008876240502,0.14041719844388942,0.274925604320343
2023-06-28,0.1608650443581097,0.07964201161343873,-0.13621715623985337,-0.10109980203691164
2023-06-29,-0.06972050946034367,-0.04158758811363244,-0.2239207767513109,0.07647423862662144
2023-06-30,0.06157172937716425,0.003267663099509703,-0.0005647411791872273,0.21902392821688563
2023-07-03,-0.04385832116976897,-0.06577133275417683,-0.03485702958058397,-0.37442786804233236
2023-07-04,0.14010045143536487,0.14656616622316418,0.07835890803800973,0.2870104132706407
2023-07-05,0.23237035794372005,0.0055623343446583855,-0.05584341938330381,-0.009150547684501109
2023-07-06,-0.0356271978605018,0.20510955316864982,-0.001405830326224182,0.27968049081928575
2023-07-07,0.16934681916827368,0.04439500494498863,-0.18546478691396448,0.06756966024722205
2023-07-10,0.1704265435830523,-0.02609285597166733,-0.0957020348751256,-0.19079097827673927
2023-07-11,0.16940442764191527,0.0035241045709788533,0.11169977707545097,0.31531978753291845
2023-07-12,0.16414499299217633,0.004306998738463351,-0.04473733511732442,0.07055102202750116
2023-07-13,-0.19650163446235958,0.06334314744623153,-0.22331320278799469,0.07684120281731174
2023-07-14,-0.03218789868422555,0.11885919983612862,0.036816855429033776,-0.09722692905695847
2023-07-17,0.043030370309328554,0.13968200667975028,-0.09972486703496668,0.05288281657283517
2023-07-18,-0.06022566155654817,0.05656886224361604,0.09331349160212506,0.3347474968303621
2023-07-19,-0.12129136727602113,0.036212084826870966,-0.0660044819348731,0.40729017019364927
2023-07-20,-0.22251670659525727,-0.10054074334335313,0.09621333022361064,0.1221135265463778
2023-07-21,-0.01631026685182948,0.07052649676197323,-0.10772041061019448,-0.05201265776307434
2023-07-24,0.35826542511547377,-0.11672236860202242,0.0557307300802578,0.1619277185026305
2023-07-25,0.0365507543149723,0.08620063966545806,0.0521921119951664,0.19963778034080318
2023-07-26,-0.1008052188379805,-0.03861147311009701,0.05529510621088271,0.18776700692622936
2023-07-27,-0.06771955614485507,-0.10964786092636122,0.1842869490693987,0.25947266889446474
2023-07-28,-0.033369512142837114,0.004527226398779355,-0.008311201582365304,-0.0025514988741435407
2023-07-31,0.117917114313819,0.016329408170544978,-0.3590001415989778,-0.030837236144300752
2023-08-01,0.06329636821804535,0.0062311739266259535,0.042771169813753736,-0.2579899895531103
2023-08-02,9.985740546380054e-05,-0.03313011735863875,0.051484723113166125,0.10708515813178124
2023-08-03,0.05757114458819902,-0.1202841528034297,0.006021603202400345,-0.06366137460104151
2023-08-04,-0.15080100563910123,0.07172702861003882,0.232517366642832,-0.21155668961283502
2023-08-07,0.024164453414546993,0.1287106693669327,-0.08939878429305177,0.14306442044259277
2023-08-08,-0.08316711938465701,-0.05575645827477915,-0.21869733261162497,0.22385875545791156
2023-08-09,0.10811145731304447,0.038123014213766356,0.06256417485415222,0.05394214687670148
2023-08-10,0.23316391222412033,0.08515641374938138,-0.0019541798226342545,0.054636165122190584
2023-08-11,-0.2056455105446565,0.01000643810348729,-0.03631918438117343,-0.14859774803106923
2023-08-14,0.05427861912586468,0.07656947292254102,0.18221349950241633,0.3516344879117193
2023-08-15,-0.36890263927355627,-0.011148043264110728,0.22794847193621884,0.2569984492225112
2023-08-16,0.18518243494253825,0.044832185127637744,-0.26053227999098205,-0.3063745483852236
2023-08-17,0.30935933491358336,0.17176593672996296,0.07880796444121371,0.3986806089635566
2023-08-18,0.24525798208544874,0.1325291589238138,0.09314193564869683,-0.048201741027194836
2023-08-21,-0.22916375931775962,-0.2565398593791631,-0.04130024253346209,-0.09729353805738042
2023-08-22,0.11855850615339056,0.07898693067085784,0.18890114890270807,0.42883410559684326
2023-08-23,0.2854474031449259,0.0894409001498779,-0.23782753448289903,-0.2922823515774852
2023-08-24,0.3251957818073972,-0.017903438991419034,0.012214749504463733,0.3952989147199506
2023-08-25,0.02149096534156789,-0.07792422453191533,-0.01635512350005775,0.12476488419000496
2023-08-28,0.13625088935368626,0.013493001997483158,-0.17306559308475358,-0.4838288494583189
2023-08-29,-0.487924033397206,0.27704367337461855,0.09073520979433077,-0.3743351832197503
2023-08-30,-0.2225319729079248,0.13556754511692842,-0.158185654728985,-0.0544501402087491
2023-08-31,0.07959010940673049,0.09228145336505435,-0.21737654717926747,0.324681146168894
2023-09-01,-0.3340853980009932,0.13339207933804548,0.05078686688485599,0.1751011084975605
2023-09-04,0.02224971704080952,0.15557307173550086,0.03986347215972436,-0.021813979529661385
2023-09-05,0.07150422896784138,-0.010231112079579923,0.12872516900722256,-0.06319524910953105
2023-09-06,0.0904470093469666,0.02837200323651639,0.029666076109852724,0.3642599972913119
2023-09-07,-0.09677804226275527,0.019198435687702062,-0.12525321108549814,-0.1974776235666249
2023-09-08,0.20269848434555524,0.0605363593389647,-0.2909710149223014,-0.06016781524878936
2023-09-11,-0.014993470613348731,0.08645225038824886,0.017187747877798167,0.12757292759613656
2023-09-12,0.04434787749660253,0.09449177073013373,-0.013731637438878739,0.3799908220027996
2023-09-13,-0.4052035698233446,-0.17673257770149609,0.25805623684628193,0.3591895027087307
2023-09-14,-0.03451533993874636,0.20981210259427802,-0.03165678003969041,-0.15179854363797865
2023-09-15,0.1602211417835158,-0.027442729978887866,-0.09459193356132735,0.14633140194060143
2023-09-18,0.186627494317405,-0.029077966508651406,0.2769893638350007,0.31171033926939185
2023-09-19,-0.33538094012426545,-0.06286535536607438,0.16356855579404714,0.3464404175689533
2023-09-20,-0.028227077264831025,0.0681529119652216,-0.061573025759610454,-0.05202622665641153
2023-09-21,0.08025492682842905,-0.06778787525444917,-0.23578717440791064,-0.2123170764859716
2023-09-22,0.48472009283624373,-0.1388496991688257,-0.03641117565889146,0.20343632546583576
2023-09-25,0.011751037206913636,0.03197835221616,0.07840787578560972,-0.11447626530354517
2023-09-26,0.09576865938451624,0.09841097891261578,-0.16331452579263186,-0.02478473543409213
2023-09-27,-0.007261840400275456,0.026729495406567993,0.03762695426510129,-0.04434592882350925
2023-09-28,-0.030039015662435165,0.11077861727800997,-0.07518551164737168,-0.07514339735080094
2023-10-09,0.008398647455328052,0.09364774400452469,-0.07161014563837767,-0.2597812980598256
2023-10-10,0.04525639729967725,-0.09600001543621373,0.13719972398265726,-0.18824548750693443
2023-10-11,0.14589579578953804,-0.033669263393491,-0.08610854276734495,0.3470837746460601
2023-10-12,-0.04900165151987977,-0.04760030445673713,0.21554177531570864,0.17775060602270273
2023-10-13,-0.2273775495236122,0.05519734968238983,-0.012033471706705863,0.2609117274270745
2023-10-16,-0.14514055829705963,-0.11602654923034483,0.12363922237372181,-0.02693939778728288
2023-10-17,-0.18741030958967247,-0.04706945777713952,0.09533606437722769,0.12758958152190916
2023-10-18,0.21061811767619157,0.19232392556023156,-0.15660675871279364,-0.2931952229100077
2023-10-19,0.06257238636704184,0.07274066691825198,0.09935320569064036,0.25382184729901186
2023-10-20,0.03836538368527952,-0.06711986613324565,0.08049131421176114,-0.012038192857498927
2023-10-23,0.27789106927437346,0.27048750370160574,-0.14494667059516178,-0.15541303486323965
2023-10-24,0.159463147601612,0.00374590260154731,-0.015774480299079352,0.04775776235712884
2023-10-25,0.0639068972036577,0.10240959829932905,-0.26924190127300374,-0.015636503136248373
2023-10-26,0.10697281163625724,0.06735905317177963,-0.06487305538213595,-0.08457745973949435
2023-10-27,-0.34394689858069466,0.1023776860666475,0.26693410237345333,-0.4748386890822179
2023-10-30,0.17470802924466594,0.13901450731169665,-0.1927888599002026,0.19848147732009314
2023-10-31,-0.17477173461287565,0.03055748569198091,-0.05997752377969146,0.12763445442407167
2023-11-01,-0.12035465010078548,-0.09592253445560675,-0.06268142615612551,0.2709267074617999
2023-11-02,0.36232699793080375,0.009558572957388274,0.011651204809584408,-0.4182056921234367
2023-11-03,-0.5023623011315249,0.08524396587393673,0.07559956930454434,-0.2574227292119437
2023-11-06,-0.0688968745737695,0.0901562280705848,0.11336159673382534,-0.12392427818892639
2023-11-07,-0.013313520593200803,-0.11292441344590043,0.05965075020010937,-0.0943616680142857
2023-11-08,0.19931565548864683,0.04553755539224027,-0.1999346771517349,0.4127510317198838
2023-11-09,0.08393152368746461,0.11877217279658657,-0.02567876695051258,-0.08972317433187321
2023-11-10,0.11535228665618481,0.0612387333014399,0.036602533918353886,-0.10762307769554531
2023-11-13,0.047604966631673726,0.04485902777687915,-0.007550018768563569,-0.18004929045549214
2023-11-14,0.23566893262785477,0.021253268812822315,-0.3206667967449536,0.1108300162958031
2023-11-15,0.14715798858982787,0.04267646853000546,-0.09962635496650667,0.3303022842082074
2023-11-16,0.13130476852305914,0.09336444389220724,0.0759636150494252,-0.3299503247709583
2023-11-17,0.07856297879585761,0.07320307781150365,-0.042430635993707506,-0.07466541471737773
2023-11-20,0.11117632229249842,-0.032175659904159284,-0.16198970958565936,0.3764212548207383
2023-11-21,-0.2979740802603258,-0.04973795868743611,0.18866620596917402,0.23523551526440153
2023-11-22,0.2558538818750048,0.2573635066414396,-0.11841417745520204,-0.018539356737018252
2023-11-23,0.07844375716966996,0.014393100074528244,0.2000986542477333,0.39139617547695976
2023-11-24,-0.01345086906824532,0.1507831767873029,-0.043889215633370615,-0.2650527929208554
2023-11-27,0.014733559636366205,0.012953651308488783,-0.15824546641705944,-0.17734839265267
2023-11-28,-0.06586863553889208,0.05534434792023467,0.26728526341598835,-0.1838455449315004
2023-11-29,-0.17902491467094456,0.021264135090578982,0.10673608623205744,0.04203308360506387
2023-11-30,0.05068451454316935,0.0037997996723537764,-0.160063006986045,-0.08185161788821237
2023-12-01,-0.15669662033047407,0.05816569502722928,0.18198472666780063,0.0012428581063547884
2023-12-04,-0.17970197010563704,0.0032765271221481328,0.121687552424138,0.19562548996948656
2023-12-05,0.1183873342869547,-0.14328712203039656,-0.20053578408480213,-0.09134817114758718
2023-12-06,0.11977033536279963,0.03634517039768482,0.3078999542693378,-0.05740139829367961
2023-12-07,-0.07826692775291973,-0.06294978861437173,-0.050035149400275813,-0.21891750795897819
2023-12-08,0.1301657336494106,0.05034204672104306,-0.08133142119474715,-0.21440457049759798
2023-12-11,0.04858145463182094,-0.10655354094335688,-0.18619732979303605,0.2789071295120768
2023-12-12,-0.14899482374750758,0.04385234369861292,0.12921248259963708,-0.05106917570545014
2023-12-13,-0.09581976405492725,-0.04375102777921797,-0.005517728408600034,0.1720561938250141
2023-12-14,0.08478108541360643,-0.026068168179277963,-0.35448426995530635,0.10339725522640472
2023-12-15,0.19288548829097402,0.09621902211394041,0.08282741232030968,0.13113514630376813
2023-12-18,0.15288518125877607,-0.06551346744889933,-0.07618014523203956,-0.17600715600298278
2023-12-19,0.011838509534932186,0.0453509808412895,0.27463081657116983,0.3674178255111792
2023-12-20,0.1902921921333229,-0.015290105892578782,-0.14497439308020837,-0.03229649411764853
2023-12-21,-0.03551931278511494,0.0864530364657432,0.07605226062537666,0.3509390573290456
2023-12-22,-0.006169812700495177,0.11894271779475357,-0.009739102130281953,-0.13209274788000744
2023-12-25,-0.06811160044605163,0.048274980142008865,0.2525951490637324,0.3439438721785071
2023-12-26,0.002489071629523146,0.09850843729577623,-0.18776643942535687,-0.0006777070393874181
2023-12-27,0.40389961204638397,-0.1677980402142989,-0.03640026345950443,-0.051981613645954404
2023-12-28,0.17012838420806548,-0.16725320160539403,-0.12271834203579222,-0.2833947014957356
2023-12-29,0.03408633023794143,0.1580750444339113,-0.2164896083044925,0.30125623016148245
