date,贵州茅台,泸州老窖
2015-01-05,202.52,21.9
2015-01-06,197.83,21.58
2015-01-07,192.94,21.59
2015-01-08,191.76,21.64
2015-01-09,190.31,21.42
2015-01-12,186.43,19.37
2015-01-13,184.88,19.1
2015-01-14,183.18,19.24
2015-01-15,186.07,19.34
2015-01-16,186.11,19.45
2015-01-19,175.48,18.32
2015-01-20,178.08,18.66
2015-01-21,182.36,19.14
2015-01-22,181.23,19.26
2015-01-23,181.02,19.22
2015-01-26,182.8,19.53
2015-01-27,180.11,19.59
2015-01-28,177.47,19.25
2015-01-29,176.15,19.15
2015-01-30,177.18,19.12
2015-02-02,174.82,18.71
2015-02-03,178.37,18.94
2015-02-04,177.25,18.91
2015-02-05,174.05,18.8
2015-02-06,174.6,18.21
2015-02-09,184.3,18.53
2015-02-10,182.88,19.66
2015-02-11,183.15,19.86
2015-02-12,183.57,19.96
2015-02-13,182.49,20.53
2015-02-16,183.31,20.34
2015-02-17,182.22,20.06
2015-02-25,183.96,20.14
2015-02-26,186.64,20.39
2015-02-27,191.05,20.36
2015-03-02,190.73,20.22
2015-03-03,185.95,19.94
2015-03-04,187.19,20.37
2015-03-05,185.52,20.32
2015-03-06,183.62,20.65
2015-03-09,191.56,20.75
2015-03-10,187.83,20.95
2015-03-11,191.98,20.8
2015-03-12,192.75,21.0
2015-03-13,189.91,20.84
2015-03-16,193.76,21.61
2015-03-17,196.77,22.61
2015-03-18,199.45,23.01
2015-03-19,195.28,22.59
2015-03-20,193.15,22.99
2015-03-23,195.08,23.12
2015-03-24,195.69,23.49
2015-03-25,192.78,23.01
2015-03-26,198.56,24.51
2015-03-27,194.55,24.29
2015-03-30,196.77,25.3
2015-03-31,195.96,24.54
2015-04-01,195.34,24.55
2015-04-02,194.58,24.76
2015-04-03,196.81,24.61
2015-04-07,200.67,25.0
2015-04-08,204.5,24.82
2015-04-09,200.0,24.0
2015-04-10,200.22,24.4
2015-04-13,203.9,24.85
2015-04-14,206.0,25.43
2015-04-15,205.7,24.53
2015-04-16,226.27,26.38
2015-04-17,232.56,25.97
2015-04-20,234.03,25.02
2015-04-21,257.43,26.88
2015-04-22,263.89,27.41
2015-04-23,256.04,26.81
2015-04-24,258.49,26.03
2015-04-27,255.79,26.34
2015-04-28,247.89,25.25
2015-04-29,249.78,25.63
2015-04-30,252.23,25.7
2015-05-04,254.97,25.97
2015-05-05,240.95,24.25
2015-05-06,242.68,23.69
2015-05-07,244.93,23.4
2015-05-08,254.17,23.93
2015-05-11,257.44,24.49
2015-05-12,254.42,24.5
2015-05-13,256.4,24.32
2015-05-14,251.41,24.14
2015-05-15,245.17,23.76
2015-05-18,241.14,23.95
2015-05-19,250.04,24.43
2015-05-20,253.95,24.55
2015-05-21,258.59,25.46
2015-05-22,275.86,26.29
2015-05-25,286.83,26.6
2015-05-26,285.54,27.2
2015-05-27,276.9,26.81
2015-05-28,261.11,25.37
2015-05-29,263.83,25.21
2015-06-01,271.46,26.33
2015-06-02,266.62,26.8
2015-06-03,262.79,26.4
2015-06-04,258.21,26.95
2015-06-05,253.84,28.11
2015-06-08,264.64,29.1
2015-06-09,259.03,28.28
2015-06-10,261.05,28.82
2015-06-11,260.06,28.61
2015-06-12,266.0,29.8
2015-06-15,260.89,29.93
2015-06-16,253.95,28.4
2015-06-17,255.09,28.71
2015-06-18,243.97,27.89
2015-06-19,235.31,26.25
2015-06-23,252.25,28.88
2015-06-24,261.21,31.77
2015-06-25,251.79,31.95
2015-06-26,242.45,31.0
2015-06-29,246.64,33.95
2015-06-30,257.65,32.61
2015-07-01,257.49,30.77
2015-07-02,260.3,27.69
2015-07-03,249.81,24.92
2015-07-06,254.04,24.4
2015-07-07,244.18,22.0
2015-07-08,236.86,19.8
2015-07-09,257.94,21.78
2015-07-10,265.59,23.96
2015-07-13,257.75,26.36
2015-07-14,249.05,25.21
2015-07-15,251.26,24.2
2015-07-16,251.59,24.77
2015-07-17,228.29,25.7
2015-07-20,225.11,24.91
2015-07-21,221.66,25.18
2015-07-22,217.13,25.13
2015-07-23,219.54,25.61
2015-07-24,219.21,25.42
2015-07-27,201.52,22.88
2015-07-28,205.83,23.36
2015-07-29,207.74,24.14
2015-07-30,205.96,23.91
2015-07-31,206.83,24.82
2015-08-03,209.56,25.07
2015-08-04,211.97,25.82
2015-08-05,207.19,25.2
2015-08-06,204.96,24.75
2015-08-07,206.93,25.17
2015-08-10,212.3,26.12
2015-08-11,210.75,26.81
2015-08-12,209.47,26.06
2015-08-13,209.51,26.31
2015-08-14,209.98,27.4
2015-08-17,206.22,27.45
2015-08-18,201.06,25.12
2015-08-19,201.62,25.9
2015-08-20,195.07,25.39
2015-08-21,186.33,23.0
2015-08-24,169.64,20.7
2015-08-25,176.59,19.42
2015-08-26,183.88,19.66
2015-08-27,197.07,21.14
2015-08-28,192.65,22.0
2015-08-31,195.37,21.83
2015-09-01,194.37,21.4
2015-09-02,194.61,21.76
2015-09-07,188.71,20.8
2015-09-08,189.32,21.2
2015-09-09,191.86,21.82
2015-09-10,193.21,21.11
2015-09-11,192.91,21.11
2015-09-14,202.53,20.03
2015-09-15,202.0,19.82
2015-09-16,204.55,21.17
2015-09-17,198.0,20.45
2015-09-18,199.43,20.81
2015-09-21,199.3,21.33
2015-09-22,199.27,21.35
2015-09-23,194.72,20.81
2015-09-24,194.0,21.22
2015-09-25,193.46,20.9
2015-09-28,191.38,20.75
2015-09-29,190.17,20.46
2015-09-30,190.31,20.54
2015-10-08,197.52,21.15
2015-10-09,196.95,21.2
2015-10-12,198.09,21.98
2015-10-13,198.74,21.93
2015-10-14,197.83,21.81
2015-10-15,199.99,22.28
2015-10-16,200.74,22.54
2015-10-19,202.72,22.24
2015-10-20,201.97,22.39
2015-10-21,200.31,21.45
2015-10-22,202.53,21.8
2015-10-23,210.98,22.68
2015-10-26,217.73,22.65
2015-10-27,215.25,22.48
2015-10-28,212.44,22.81
2015-10-29,213.0,23.6
2015-10-30,213.86,24.18
2015-11-02,212.56,23.94
2015-11-03,209.71,23.35
2015-11-04,214.98,24.47
2015-11-05,216.56,24.82
2015-11-06,218.42,24.98
2015-11-09,220.83,24.9
2015-11-10,222.38,24.88
2015-11-11,220.15,24.75
2015-11-12,220.01,24.47
2015-11-13,215.11,23.8
2015-11-16,213.78,24.5
2015-11-17,214.36,24.5
2015-11-18,214.66,24.17
2015-11-19,215.03,24.45
2015-11-20,213.72,24.84
2015-11-23,212.62,24.52
2015-11-24,211.69,24.53
2015-11-25,212.98,24.5
2015-11-26,212.84,24.3
2015-11-27,207.74,23.13
2015-11-30,214.31,23.2
2015-12-01,213.8,23.79
2015-12-02,221.58,24.88
2015-12-03,220.2,24.85
2015-12-04,215.31,24.99
2015-12-07,214.51,24.99
2015-12-08,211.94,24.2
2015-12-09,214.47,24.26
2015-12-10,212.96,23.94
2015-12-11,211.41,24.31
2015-12-14,214.1,24.99
2015-12-15,214.51,25.27
2015-12-16,213.91,24.86
2015-12-17,215.86,25.6
2015-12-18,216.88,25.92
2015-12-21,227.03,28.24
2015-12-22,225.03,27.9
2015-12-23,223.0,27.29
2015-12-24,224.78,27.32
2015-12-25,224.5,26.92
2015-12-28,219.12,26.2
2015-12-29,219.83,26.7
2015-12-30,218.86,26.56
2015-12-31,218.19,27.12
2016-01-04,210.02,24.99
2016-01-05,212.82,25.4
2016-01-06,212.18,25.93
2016-01-07,202.23,23.98
2016-01-08,204.63,24.16
2016-01-11,199.86,22.86
2016-01-12,196.79,22.87
2016-01-13,199.78,22.41
2016-01-14,204.82,23.03
2016-01-15,199.0,22.4
2016-01-18,199.43,22.45
2016-01-19,210.24,23.15
2016-01-20,202.32,22.68
2016-01-21,200.26,21.9
2016-01-22,202.74,22.05
2016-01-25,202.77,22.3
2016-01-26,199.01,21.0
2016-01-27,199.93,20.78
2016-01-28,196.64,20.26
2016-01-29,200.65,21.25
2016-02-01,201.29,21.2
2016-02-02,204.55,21.45
2016-02-03,203.66,21.57
2016-02-04,204.99,21.66
2016-02-05,203.87,21.17
2016-02-15,200.41,20.86
2016-02-16,203.92,21.47
2016-02-17,202.3,21.56
2016-02-18,201.71,21.45
2016-02-19,203.11,21.41
2016-02-22,207.8,21.72
2016-02-23,212.41,22.24
2016-02-24,217.74,22.39
2016-02-25,212.41,20.8
2016-02-26,216.84,21.0
2016-02-29,214.91,19.82
2016-03-01,218.42,20.12
2016-03-02,224.22,20.98
2016-03-03,227.81,21.3
2016-03-04,238.78,21.8
2016-03-07,233.64,22.52
2016-03-08,229.21,22.1
2016-03-09,227.44,21.76
2016-03-10,228.06,22.12
2016-03-11,228.05,22.26
2016-03-14,224.57,22.54
2016-03-15,231.92,22.61
2016-03-16,228.61,22.53
2016-03-17,229.56,22.9
2016-03-18,226.0,23.4
2016-03-21,231.98,23.38
2016-03-22,234.49,23.68
2016-03-23,234.97,23.67
2016-03-24,242.66,24.29
2016-03-25,244.98,24.52
2016-03-28,249.58,25.15
2016-03-29,248.11,24.45
2016-03-30,248.66,24.86
2016-03-31,247.64,24.65
2016-04-01,245.09,24.48
2016-04-05,245.52,24.55
2016-04-06,257.21,25.17
2016-04-07,254.11,24.2
2016-04-08,249.86,23.88
2016-04-11,243.72,23.89
2016-04-12,244.92,23.72
2016-04-13,242.24,23.85
2016-04-14,242.76,24.15
2016-04-15,244.9,23.92
2016-04-18,243.68,23.48
2016-04-19,243.18,23.5
2016-04-20,238.44,23.5
2016-04-21,240.37,23.5
2016-04-22,247.4,23.5
2016-04-25,244.52,23.5
2016-04-26,243.86,23.5
2016-04-27,244.88,23.5
2016-04-28,246.44,23.5
2016-04-29,251.2,23.5
2016-05-03,260.0,23.5
2016-05-04,256.21,23.5
2016-05-05,257.77,23.5
2016-05-06,252.22,23.5
2016-05-09,250.82,23.5
2016-05-10,252.08,23.5
2016-05-11,256.87,23.5
2016-05-12,255.96,23.5
2016-05-13,250.96,23.5
2016-05-16,251.63,23.5
2016-05-17,250.03,24.56
2016-05-18,244.44,23.89
2016-05-19,245.77,23.62
2016-05-20,251.26,23.83
2016-05-23,254.2,24.0
2016-05-24,251.94,23.33
2016-05-25,251.86,23.15
2016-05-26,252.71,23.01
2016-05-27,252.44,23.38
2016-05-30,256.13,23.8
2016-05-31,264.47,24.54
2016-06-01,263.79,24.64
2016-06-02,267.74,24.82
2016-06-03,283.89,25.58
2016-06-06,276.05,26.27
2016-06-07,277.85,26.98
2016-06-08,274.28,26.3
2016-06-13,267.06,25.28
2016-06-14,272.75,26.58
2016-06-15,276.49,27.31
2016-06-16,274.02,27.31
2016-06-17,278.26,28.76
2016-06-20,276.11,28.85
2016-06-21,273.81,28.34
2016-06-22,278.44,28.69
2016-06-23,276.44,28.65
2016-06-24,273.77,28.57
2016-06-27,287.68,30.19
2016-06-28,288.21,30.32
2016-06-29,288.18,29.9
2016-06-30,291.92,29.7
2016-07-01,286.17,29.85
2016-07-04,293.9,29.99
2016-07-05,300.58,30.26
2016-07-06,317.19,33.01
2016-07-07,316.91,32.18
2016-07-08,309.91,32.8
2016-07-11,315.14,32.89
2016-07-12,324.73,33.21
2016-07-13,317.19,32.6
2016-07-14,317.09,32.36
2016-07-15,317.52,32.5
2016-07-18,316.21,32.2
2016-07-19,308.11,31.04
2016-07-20,308.56,30.83
2016-07-21,314.38,31.1
2016-07-22,307.92,30.12
2016-07-25,311.26,30.41
2016-07-26,319.04,31.56
2016-07-27,314.01,31.8
2016-07-28,316.05,32.0
2016-07-29,313.15,32.49
2016-08-01,306.96,31.59
2016-08-02,306.21,31.11
2016-08-03,306.82,31.31
2016-08-04,306.3,31.1
2016-08-05,305.93,30.92
2016-08-08,308.1,31.4
2016-08-09,315.75,32.18
2016-08-10,313.81,32.13
2016-08-11,316.77,32.22
2016-08-12,316.97,31.15
2016-08-15,318.78,32.11
2016-08-16,309.52,31.62
2016-08-17,308.16,31.48
2016-08-18,306.43,31.6
2016-08-19,306.48,31.29
2016-08-22,307.32,31.89
2016-08-23,306.88,31.93
2016-08-24,305.28,31.38
2016-08-25,303.01,30.97
2016-08-26,301.45,31.01
2016-08-29,307.53,30.92
2016-08-30,305.86,31.23
2016-08-31,310.19,31.87
2016-09-01,308.71,31.6
2016-09-02,305.78,31.37
2016-09-05,308.5,31.65
2016-09-06,309.94,32.19
2016-09-07,306.6,31.68
2016-09-08,305.82,31.64
2016-09-09,304.63,31.01
2016-09-12,298.06,29.85
2016-09-13,300.43,29.8
2016-09-14,299.57,29.5
2016-09-19,300.13,30.17
2016-09-20,294.96,30.0
2016-09-21,294.05,29.9
2016-09-22,296.98,30.52
2016-09-23,297.68,30.73
2016-09-26,288.73,30.04
2016-09-27,291.17,30.41
2016-09-28,288.41,30.26
2016-09-29,290.98,30.32
2016-09-30,297.91,31.08
2016-10-10,302.96,31.83
2016-10-11,308.92,31.78
2016-10-12,305.82,31.79
2016-10-13,303.89,31.35
2016-10-14,305.6,31.36
2016-10-17,302.45,31.2
2016-10-18,307.16,31.72
2016-10-19,306.45,31.97
2016-10-20,305.48,31.66
2016-10-21,304.19,31.68
2016-10-24,306.93,31.68
2016-10-25,312.94,33.29
2016-10-26,313.68,34.59
2016-10-27,316.87,34.86
2016-10-28,317.05,34.61
2016-10-31,317.95,34.4
2016-11-01,316.68,35.4
2016-11-02,315.18,34.6
2016-11-03,315.86,34.9
2016-11-04,314.82,34.13
2016-11-07,315.33,33.9
2016-11-08,320.0,34.47
2016-11-09,316.81,34.77
2016-11-10,319.13,35.0
2016-11-11,315.08,34.5
2016-11-14,310.99,33.72
2016-11-15,314.01,34.2
2016-11-16,313.15,33.7
2016-11-17,311.04,33.37
2016-11-18,310.0,33.29
2016-11-21,309.5,33.3
2016-11-22,308.87,33.4
2016-11-23,312.95,34.05
2016-11-24,316.93,33.73
2016-11-25,316.89,33.65
2016-11-28,319.5,33.78
2016-11-29,323.96,34.85
2016-11-30,319.08,34.29
2016-12-01,321.02,33.86
2016-12-02,321.77,33.6
2016-12-05,315.93,33.39
2016-12-06,326.42,33.8
2016-12-07,327.45,33.61
2016-12-08,337.71,34.14
2016-12-09,337.76,34.32
2016-12-12,326.86,33.0
2016-12-13,333.01,33.88
2016-12-14,332.27,33.56
2016-12-15,328.05,33.02
2016-12-16,327.58,32.98
2016-12-19,325.96,33.6
2016-12-20,326.48,33.39
2016-12-21,328.66,33.53
2016-12-22,325.2,33.29
2016-12-23,320.03,32.39
2016-12-26,324.48,32.36
2016-12-27,326.16,32.39
2016-12-28,323.72,32.28
2016-12-29,327.31,32.3
2016-12-30,334.15,33.0
2017-01-03,334.56,33.2
2017-01-04,351.91,34.35
2017-01-05,346.74,34.38
2017-01-06,350.76,34.43
2017-01-09,348.51,34.55
2017-01-10,349.0,34.36
2017-01-11,345.45,33.9
2017-01-12,347.05,33.08
2017-01-13,344.87,33.1
2017-01-16,341.47,32.75
2017-01-17,349.13,33.5
2017-01-18,355.08,34.25
2017-01-19,354.72,34.0
2017-01-20,354.99,34.08
2017-01-23,351.22,34.29
2017-01-24,350.31,34.3
2017-01-25,347.63,33.93
2017-01-26,344.42,33.69
2017-02-03,346.85,32.9
2017-02-06,346.85,33.3
2017-02-07,343.58,33.55
2017-02-08,344.21,33.75
2017-02-09,347.61,35.11
2017-02-10,345.08,34.71
2017-02-13,349.75,36.06
2017-02-14,350.21,36.5
2017-02-15,348.53,36.22
2017-02-16,348.09,36.35
2017-02-17,350.56,37.0
2017-02-20,361.29,38.66
2017-02-21,358.74,38.5
2017-02-22,361.89,38.81
2017-02-23,361.7,38.08
2017-02-24,362.62,38.36
2017-02-27,357.2,37.05
2017-02-28,354.66,37.39
2017-03-01,356.61,37.91
2017-03-02,356.82,37.95
2017-03-03,356.54,38.5
2017-03-06,358.96,38.5
2017-03-07,367.2,39.92
2017-03-08,367.28,39.92
2017-03-09,369.9,39.57
2017-03-10,369.85,39.5
2017-03-13,371.55,40.63
2017-03-14,369.5,39.97
2017-03-15,374.68,40.23
2017-03-16,374.77,39.95
2017-03-17,378.48,39.77
2017-03-20,386.41,39.6
2017-03-21,394.01,41.6
2017-03-22,394.48,42.99
2017-03-23,389.79,42.18
2017-03-24,386.82,42.06
2017-03-27,378.82,40.89
2017-03-28,380.26,41.0
2017-03-29,383.65,41.52
2017-03-30,386.14,41.78
2017-03-31,386.36,42.19
2017-04-05,389.66,42.16
2017-04-06,391.91,41.8
2017-04-07,392.87,41.55
2017-04-10,389.2,40.4
2017-04-11,385.29,39.95
2017-04-12,390.23,40.46
2017-04-13,398.39,41.27
2017-04-14,395.45,41.16
2017-04-17,395.79,41.95
2017-04-18,404.65,43.05
2017-04-19,405.74,43.51
2017-04-20,415.31,45.87
2017-04-21,400.53,45.68
2017-04-24,398.55,44.8
2017-04-25,418.89,47.51
2017-04-26,417.96,46.06
2017-04-27,421.44,46.75
2017-04-28,413.48,46.5
2017-05-02,412.08,45.29
2017-05-03,417.61,45.93
2017-05-04,416.0,45.63
2017-05-05,416.19,45.41
2017-05-08,405.48,43.7
2017-05-09,408.76,44.58
2017-05-10,410.09,44.69
2017-05-11,412.16,46.0
2017-05-12,413.47,46.33
2017-05-15,419.55,46.99
2017-05-16,430.12,48.75
2017-05-17,426.6,47.15
2017-05-18,429.54,46.82
2017-05-19,440.82,47.22
2017-05-22,441.78,47.38
2017-05-23,454.2,48.7
2017-05-24,450.32,48.18
2017-05-25,450.6,48.35
2017-05-26,451.92,48.53
2017-05-31,442.94,48.22
2017-06-01,449.28,48.01
2017-06-02,447.31,47.46
2017-06-05,444.41,46.69
2017-06-06,448.82,47.81
2017-06-07,459.37,49.56
2017-06-08,464.31,50.0
2017-06-09,465.74,49.85
2017-06-12,472.88,51.02
2017-06-13,473.04,50.88
2017-06-14,474.39,50.23
2017-06-15,464.3,49.1
2017-06-16,462.63,49.31
2017-06-19,470.17,49.0
2017-06-20,466.3,49.3
2017-06-21,472.71,50.15
2017-06-22,472.75,49.94
2017-06-23,472.73,50.04
2017-06-26,484.68,52.2
2017-06-27,484.1,51.8
2017-06-28,475.3,50.6
2017-06-29,473.01,50.57
2017-06-30,471.85,50.58
2017-07-03,460.37,48.92
2017-07-04,451.92,47.85
2017-07-05,460.13,48.8
2017-07-06,455.98,48.82
2017-07-07,445.97,48.25
2017-07-10,454.47,48.32
2017-07-11,463.13,49.58
2017-07-12,457.47,48.64
2017-07-13,456.16,48.82
2017-07-14,456.41,49.16
2017-07-17,450.07,47.97
2017-07-18,452.55,48.51
2017-07-19,456.86,49.92
2017-07-20,466.47,51.35
2017-07-21,473.2,51.38
2017-07-24,477.8,52.59
2017-07-25,477.96,53.15
2017-07-26,471.63,52.0
2017-07-27,473.87,52.8
2017-07-28,483.92,55.13
2017-07-31,481.22,55.37
2017-08-01,480.24,56.56
2017-08-02,482.84,55.5
2017-08-03,477.22,53.9
2017-08-04,473.64,53.35
2017-08-07,481.56,55.99
2017-08-08,482.58,56.2
2017-08-09,490.85,58.82
2017-08-10,491.63,58.13
2017-08-11,484.06,56.59
2017-08-14,499.83,57.0
2017-08-15,495.97,57.24
2017-08-16,496.49,56.86
2017-08-17,492.69,55.91
2017-08-18,489.65,56.1
2017-08-21,489.73,55.81
2017-08-22,487.22,54.91
2017-08-23,494.01,55.24
2017-08-24,492.81,54.04
2017-08-25,492.99,53.95
2017-08-28,492.04,54.74
2017-08-29,489.44,53.76
2017-08-30,492.97,55.0
2017-08-31,491.15,55.28
2017-09-01,495.18,55.25
2017-09-04,492.42,54.08
2017-09-05,489.99,53.73
2017-09-06,484.98,53.24
2017-09-07,481.27,53.4
2017-09-08,474.37,51.54
2017-09-11,478.32,52.0
2017-09-12,484.91,52.4
2017-09-13,491.63,54.67
2017-09-14,490.71,54.6
2017-09-15,489.84,54.99
2017-09-18,498.97,56.28
2017-09-19,496.95,55.2
2017-09-20,496.2,55.62
2017-09-21,498.77,55.13
2017-09-22,499.93,55.64
2017-09-25,507.24,57.45
2017-09-26,509.29,56.74
2017-09-27,508.21,56.2
2017-09-28,518.46,56.8
2017-09-29,517.64,56.1
2017-10-09,527.77,56.38
2017-10-10,540.06,57.7
2017-10-11,545.54,59.2
2017-10-12,544.09,59.5
2017-10-13,556.15,59.0
2017-10-16,560.69,57.64
2017-10-17,556.73,57.05
2017-10-18,560.72,58.46
2017-10-19,582.6,59.42
2017-10-20,574.33,58.01
2017-10-23,573.41,57.88
2017-10-24,567.33,58.81
2017-10-25,565.67,57.78
2017-10-26,605.09,58.85
2017-10-27,649.63,59.8
2017-10-30,622.08,59.85
2017-10-31,618.03,60.88
2017-11-01,623.01,62.26
2017-11-02,626.92,65.3
2017-11-03,639.17,64.91
2017-11-06,653.06,66.44
2017-11-07,642.07,66.6
2017-11-08,650.38,65.01
2017-11-09,650.07,67.11
2017-11-10,677.95,68.49
2017-11-13,687.88,67.58
2017-11-14,678.75,65.58
2017-11-15,688.08,67.31
2017-11-16,719.11,70.63
2017-11-17,690.25,69.01
2017-11-20,679.15,68.49
2017-11-21,677.25,70.17
2017-11-22,650.52,67.67
2017-11-23,633.73,63.51
2017-11-24,630.04,64.16
2017-11-27,621.29,62.92
2017-11-28,648.23,62.99
2017-11-29,638.12,60.86
2017-11-30,631.0,59.28
2017-12-01,622.35,60.01
2017-12-04,637.79,62.35
2017-12-05,632.96,62.61
2017-12-06,625.01,61.05
2017-12-07,616.69,59.22
2017-12-08,627.28,60.7
2017-12-11,650.99,63.62
2017-12-12,651.32,62.91
2017-12-13,668.21,65.74
2017-12-14,664.55,65.77
2017-12-15,653.79,65.0
2017-12-18,665.77,66.76
2017-12-19,667.09,66.99
2017-12-20,684.91,68.2
2017-12-21,681.74,68.26
2017-12-22,682.92,66.12
2017-12-25,688.12,66.38
2017-12-26,680.81,65.34
2017-12-27,664.18,63.7
2017-12-28,718.69,66.35
2017-12-29,697.49,66.0
2018-01-02,703.85,65.78
2018-01-03,715.86,66.4
2018-01-04,737.07,68.75
2018-01-05,738.36,68.05
2018-01-08,752.13,68.45
2018-01-09,782.52,70.3
2018-01-10,785.71,70.93
2018-01-11,774.81,70.14
2018-01-12,788.42,71.02
2018-01-15,785.37,72.78
2018-01-16,772.94,73.37
2018-01-17,747.93,70.07
2018-01-18,750.74,70.15
2018-01-19,750.18,67.89
2018-01-22,773.64,70.9
2018-01-23,773.78,70.52
2018-01-24,764.46,68.75
2018-01-25,769.16,68.61
2018-01-26,777.22,68.99
2018-01-29,736.32,65.8
2018-01-30,742.08,65.09
2018-01-31,764.54,65.31
2018-02-01,757.73,63.01
2018-02-02,740.4,63.4
2018-02-05,718.23,59.48
2018-02-06,708.86,59.24
2018-02-07,683.43,55.68
2018-02-08,700.99,56.45
2018-02-09,683.43,55.45
2018-02-12,697.48,58.59
2018-02-13,711.98,58.18
2018-02-14,718.45,59.3
2018-02-22,742.45,62.4
2018-02-23,742.48,61.86
2018-02-26,743.51,61.55
2018-02-27,737.98,60.09
2018-02-28,725.62,58.41
2018-03-01,741.97,59.46
2018-03-02,736.41,59.69
2018-03-05,720.11,57.7
2018-03-06,718.26,57.88
2018-03-07,710.04,58.0
2018-03-08,722.76,59.34
2018-03-09,728.2,59.82
2018-03-12,723.95,59.06
2018-03-13,710.35,58.04
2018-03-14,726.88,60.25
2018-03-15,746.47,61.8
2018-03-16,739.85,60.78
2018-03-19,753.48,60.96
2018-03-20,747.73,59.92
2018-03-21,742.0,59.7
2018-03-22,726.08,57.26
2018-03-23,711.06,56.95
2018-03-26,713.49,56.63
2018-03-27,714.74,55.75
2018-03-28,682.05,52.81
2018-03-29,689.1,56.69
2018-03-30,683.62,56.75
2018-04-02,680.06,57.97
2018-04-03,677.91,59.63
2018-04-04,694.01,60.71
2018-04-09,698.3,61.34
2018-04-10,708.02,61.56
2018-04-11,705.36,61.16
2018-04-12,694.2,61.89
2018-04-13,686.86,60.41
2018-04-16,681.38,61.37
2018-04-17,666.2,59.77
2018-04-18,655.64,58.44
2018-04-19,679.96,60.68
2018-04-20,670.26,60.49
2018-04-23,674.01,59.35
2018-04-24,689.88,62.67
2018-04-25,690.97,62.79
2018-04-26,678.23,60.13
2018-04-27,662.53,60.23
2018-05-02,667.83,59.51
2018-05-03,670.88,60.45
2018-05-04,662.87,60.62
2018-05-07,698.17,64.3
2018-05-08,708.83,64.51
2018-05-09,701.95,65.45
2018-05-10,714.19,66.05
2018-05-11,718.02,64.9
2018-05-14,742.41,66.98
2018-05-15,743.06,66.5
2018-05-16,734.52,66.9
2018-05-17,727.38,64.94
2018-05-18,739.32,65.95
2018-05-21,734.82,65.87
2018-05-22,739.57,66.86
2018-05-23,723.78,64.93
2018-05-24,715.4,64.65
2018-05-25,716.86,66.05
2018-05-28,740.4,68.45
2018-05-29,731.43,67.46
2018-05-30,725.87,67.22
2018-05-31,751.13,69.1
2018-06-01,745.11,67.68
2018-06-04,781.97,69.54
2018-06-05,788.05,69.81
2018-06-06,785.75,69.28
2018-06-07,780.97,68.1
2018-06-08,777.95,68.29
2018-06-11,775.73,68.12
2018-06-12,799.19,70.0
2018-06-13,790.33,69.65
2018-06-14,786.13,67.19
2018-06-15,773.33,67.23
2018-06-19,738.0,65.29
2018-06-20,763.59,66.97
2018-06-21,759.32,65.61
2018-06-22,766.53,66.05
2018-06-25,765.56,66.5
2018-06-26,754.8,64.69
2018-06-27,722.44,62.65
2018-06-28,710.93,59.28
2018-06-29,731.46,60.86
2018-07-02,711.55,59.61
2018-07-03,694.92,57.47
2018-07-04,690.91,55.77
2018-07-05,702.39,55.16
2018-07-06,714.12,55.34
2018-07-09,727.24,58.15
2018-07-10,725.76,58.83
2018-07-11,719.58,57.42
2018-07-12,737.54,59.46
2018-07-13,746.99,60.49
2018-07-16,754.68,58.72
2018-07-17,742.43,57.47
2018-07-18,737.44,56.18
2018-07-19,740.95,56.19
2018-07-20,741.13,56.37
2018-07-23,732.07,55.23
2018-07-24,745.4,57.46
2018-07-25,743.81,57.03
2018-07-26,735.62,56.16
2018-07-27,738.56,56.2
2018-07-30,719.21,55.15
2018-07-31,726.44,54.93
2018-08-01,714.94,53.41
2018-08-02,695.84,50.9
2018-08-03,678.99,48.68
2018-08-06,669.68,48.34
2018-08-07,686.28,49.24
2018-08-08,676.22,46.95
2018-08-09,691.88,48.79
2018-08-10,687.18,49.07
2018-08-13,679.22,47.9
2018-08-14,680.13,48.62
2018-08-15,662.8,46.62
2018-08-16,648.44,44.45
2018-08-17,634.86,44.11
2018-08-20,644.79,45.1
2018-08-21,671.49,46.88
2018-08-22,667.7,45.96
2018-08-23,670.21,45.86
2018-08-24,660.3,45.25
2018-08-27,687.3,47.17
2018-08-28,681.0,45.59
2018-08-29,685.85,45.46
2018-08-30,680.4,44.65
2018-08-31,659.19,43.09
2018-09-03,666.21,43.14
2018-09-04,675.04,43.3
2018-09-05,657.79,42.08
2018-09-06,644.0,40.8
2018-09-07,650.97,41.06
2018-09-10,644.8,41.13
2018-09-11,646.0,40.92
2018-09-12,630.0,40.83
2018-09-13,631.98,40.31
2018-09-14,642.9,41.38
2018-09-17,645.81,40.43
2018-09-18,666.7,42.41
2018-09-19,681.42,44.35
2018-09-20,678.55,44.86
2018-09-21,700.01,47.31
2018-09-25,697.02,46.17
2018-09-26,724.93,47.03
2018-09-27,724.0,47.56
2018-09-28,730.0,47.51
2018-10-08,686.15,44.51
2018-10-09,695.0,44.51
2018-10-10,670.92,41.7
2018-10-11,644.99,40.98
2018-10-12,668.0,43.65
2018-10-15,666.9,42.05
2018-10-16,667.14,42.29
2018-10-17,665.72,41.98
2018-10-18,645.94,41.46
2018-10-19,670.0,43.25
2018-10-22,693.0,46.26
2018-10-23,641.74,42.6
2018-10-24,636.99,40.95
2018-10-25,619.0,39.45
2018-10-26,610.1,38.36
2018-10-29,549.09,35.6
2018-10-30,524.0,36.65
2018-10-31,548.9,38.06
2018-11-01,563.0,38.28
2018-11-02,599.9,41.0
2018-11-05,575.8,39.59
2018-11-06,566.0,38.85
2018-11-07,566.4,38.92
2018-11-08,570.34,39.06
2018-11-09,562.0,38.97
2018-11-12,552.0,38.78
2018-11-13,570.0,40.55
2018-11-14,555.1,39.95
2018-11-15,559.7,40.4
2018-11-16,560.0,40.29
2018-11-19,569.02,41.44
2018-11-20,561.6,40.32
2018-11-21,564.7,41.19
2018-11-22,564.5,41.3
2018-11-23,556.9,40.23
2018-11-26,552.11,40.02
2018-11-27,548.1,39.78
2018-11-28,557.0,40.22
2018-11-29,551.6,39.95
2018-11-30,565.0,41.0
2018-12-03,601.2,42.9
2018-12-04,602.23,42.95
2018-12-05,610.1,43.82
2018-12-06,591.8,42.28
2018-12-07,587.0,42.61
2018-12-10,577.23,42.25
2018-12-11,582.99,42.46
2018-12-12,589.0,43.24
2018-12-13,601.75,44.03
2018-12-14,592.96,43.2
2018-12-17,590.52,42.64
2018-12-18,590.94,42.88
2018-12-19,577.8,41.3
2018-12-20,574.5,41.05
2018-12-21,567.41,39.68
2018-12-24,568.0,40.16
2018-12-25,565.79,40.53
2018-12-26,560.08,39.69
2018-12-27,563.0,40.1
2018-12-28,590.01,40.66
2019-01-02,598.98,39.6
2019-01-03,590.0,38.13
2019-01-04,602.0,38.97
2019-01-07,605.49,38.72
2019-01-08,604.79,38.77
2019-01-09,616.12,39.49
2019-01-10,618.77,38.81
2019-01-11,635.88,39.3
2019-01-14,624.6,38.47
2019-01-15,659.98,41.83
2019-01-16,661.1,41.11
2019-01-17,659.25,41.08
2019-01-18,683.61,42.2
2019-01-21,686.98,42.63
2019-01-22,671.0,42.05
2019-01-23,665.66,42.26
2019-01-24,672.5,42.41
2019-01-25,679.7,42.72
2019-01-28,677.0,43.12
2019-01-29,685.0,43.38
2019-01-30,676.0,42.18
2019-01-31,689.6,42.67
2019-02-01,692.67,43.75
2019-02-11,725.3,46.81
2019-02-12,717.92,47.48
2019-02-13,735.25,47.71
2019-02-14,737.16,48.86
2019-02-15,724.78,47.7
2019-02-18,740.0,49.88
2019-02-19,730.76,50.02
2019-02-20,722.0,50.26
2019-02-21,720.25,49.8
2019-02-22,726.01,50.1
2019-02-25,742.33,52.39
2019-02-26,727.35,50.85
2019-02-27,740.7,51.28
2019-02-28,755.01,51.24
2019-03-01,789.3,53.49
2019-03-04,781.86,54.4
2019-03-05,779.78,54.18
2019-03-06,768.0,53.59
2019-03-07,748.6,51.58
2019-03-08,737.5,49.88
2019-03-11,758.54,51.45
2019-03-12,745.01,50.76
2019-03-13,754.0,50.45
2019-03-14,778.0,51.43
2019-03-15,777.3,53.27
2019-03-18,810.09,58.6
2019-03-19,792.61,59.16
2019-03-20,792.8,60.91
2019-03-21,785.75,60.02
2019-03-22,794.0,61.03
2019-03-25,775.6,59.71
2019-03-26,773.0,59.16
2019-03-27,788.5,61.54
2019-03-28,806.8,64.39
2019-03-29,853.99,66.58
2019-04-01,859.0,67.3
2019-04-02,850.0,66.51
2019-04-03,844.5,65.7
2019-04-04,865.0,67.9
2019-04-08,900.2,68.99
2019-04-09,905.0,69.09
2019-04-10,947.99,72.7
2019-04-11,925.2,70.5
2019-04-12,914.0,69.6
2019-04-15,907.0,67.55
2019-04-16,939.9,69.02
2019-04-17,952.0,69.53
2019-04-18,945.5,69.15
2019-04-19,952.56,69.14
2019-04-22,949.2,69.98
2019-04-23,974.95,72.45
2019-04-24,970.0,71.74
2019-04-25,952.37,70.48
2019-04-26,945.0,75.43
2019-04-29,971.97,76.37
2019-04-30,974.0,77.88
2019-05-06,906.0,70.5
2019-05-07,890.0,72.32
2019-05-08,884.4,71.22
2019-05-09,858.81,67.7
2019-05-10,907.12,71.81
2019-05-13,892.0,71.7
2019-05-14,886.57,70.65
2019-05-15,927.0,77.72
2019-05-16,929.91,81.0
2019-05-17,906.79,77.35
2019-05-20,884.96,74.1
2019-05-21,895.0,75.74
2019-05-22,888.0,73.65
2019-05-23,861.0,70.55
2019-05-24,878.5,72.2
2019-05-27,879.0,72.31
2019-05-28,888.0,73.99
2019-05-29,911.91,73.79
2019-05-30,905.3,72.0
2019-05-31,890.0,70.63
2019-06-03,892.0,69.6
2019-06-04,875.3,67.9
2019-06-05,871.6,68.16
2019-06-06,862.13,66.8
2019-06-10,871.08,67.91
2019-06-11,910.89,72.05
2019-06-12,906.7,71.29
2019-06-13,910.0,70.73
2019-06-14,913.0,70.24
2019-06-17,911.6,69.82
2019-06-18,917.0,69.7
2019-06-19,932.01,71.0
2019-06-20,975.0,74.16
2019-06-21,976.3,75.8
2019-06-24,987.1,76.9
2019-06-25,982.98,77.2
2019-06-26,979.86,76.24
2019-06-27,996.35,80.93
2019-06-28,984.0,80.83
2019-07-01,1031.86,83.65
2019-07-02,1025.0,84.18
2019-07-03,987.9,82.77
2019-07-04,981.2,81.43
2019-07-05,999.82,84.9
2019-07-08,984.86,83.7
2019-07-09,976.06,83.51
2019-07-10,982.52,85.1
2019-07-11,981.5,86.0
2019-07-12,986.09,88.45
2019-07-15,975.93,87.48
2019-07-16,968.0,84.9
2019-07-17,963.5,84.41
2019-07-18,947.5,83.66
2019-07-19,955.87,84.45
2019-07-22,957.02,85.2
2019-07-23,953.98,81.1
2019-07-24,946.36,81.22
2019-07-25,963.0,81.81
2019-07-26,965.03,82.21
2019-07-29,976.41,82.93
2019-07-30,978.93,82.19
2019-07-31,972.6,80.64
2019-08-01,959.3,79.87
2019-08-02,954.45,79.81
2019-08-05,942.43,77.31
2019-08-06,946.3,78.9
2019-08-07,945.0,77.99
2019-08-08,971.68,79.3
2019-08-09,962.03,77.38
2019-08-12,1018.63,79.63
2019-08-13,1017.95,79.2
2019-08-14,1043.33,83.52
2019-08-15,1044.9,84.28
2019-08-16,1054.6,86.0
2019-08-19,1055.88,86.2
2019-08-20,1070.0,86.3
2019-08-21,1066.0,86.6
2019-08-22,1104.0,87.66
2019-08-23,1130.1,88.69
2019-08-26,1102.95,86.87
2019-08-27,1109.0,89.25
2019-08-28,1100.11,88.85
2019-08-29,1113.1,92.28
2019-08-30,1142.0,96.88
2019-09-02,1138.76,98.07
2019-09-03,1140.0,96.16
2019-09-04,1125.01,94.25
2019-09-05,1144.0,94.5
2019-09-06,1142.49,94.03
2019-09-09,1136.52,93.25
2019-09-10,1123.85,92.7
2019-09-11,1069.52,87.51
2019-09-12,1099.0,88.89
2019-09-16,1099.0,86.79
2019-09-17,1094.01,87.82
2019-09-18,1148.9,90.2
2019-09-19,1145.0,88.7
2019-09-20,1157.42,89.0
2019-09-23,1149.0,87.65
2019-09-24,1184.0,88.5
2019-09-25,1174.0,88.01
2019-09-26,1167.0,87.74
2019-09-27,1174.75,87.22
2019-09-30,1150.0,85.22
2019-10-08,1167.1,88.25
2019-10-09,1146.81,87.48
2019-10-10,1155.0,86.68
2019-10-11,1174.6,87.67
2019-10-14,1180.0,87.66
2019-10-15,1211.0,88.33
2019-10-16,1170.0,85.82
2019-10-17,1183.33,86.12
2019-10-18,1175.79,84.5
2019-10-21,1168.5,83.57
2019-10-22,1170.8,85.1
2019-10-23,1158.91,84.0
2019-10-24,1150.27,81.75
2019-10-25,1171.35,83.0
2019-10-28,1178.29,84.88
2019-10-29,1193.0,85.83
2019-10-30,1183.8,85.8
2019-10-31,1180.01,87.2
2019-11-01,1185.0,88.2
2019-11-04,1199.59,87.4
2019-11-05,1199.0,86.75
2019-11-06,1193.0,84.86
2019-11-07,1201.37,84.91
2019-11-08,1205.0,85.62
2019-11-11,1199.0,85.0
2019-11-12,1201.6,85.23
2019-11-13,1224.0,86.45
2019-11-14,1230.0,86.46
2019-11-15,1224.9,85.21
2019-11-18,1227.28,85.06
2019-11-19,1232.32,85.52
2019-11-20,1233.75,87.0
2019-11-21,1231.3,87.48
2019-11-22,1194.0,84.2
2019-11-25,1182.06,84.35
2019-11-26,1185.0,85.3
2019-11-27,1189.95,85.83
2019-11-28,1175.8,84.5
2019-11-29,1129.0,81.75
2019-12-02,1133.0,81.74
2019-12-03,1118.0,80.36
2019-12-04,1122.33,81.72
2019-12-05,1129.8,81.49
2019-12-06,1170.0,82.59
2019-12-09,1158.7,82.36
2019-12-10,1164.4,81.93
2019-12-11,1158.98,80.89
2019-12-12,1137.0,80.49
2019-12-13,1163.0,82.0
2019-12-16,1147.92,81.6
2019-12-17,1169.98,83.04
2019-12-18,1168.0,82.5
2019-12-19,1157.4,82.0
2019-12-20,1146.3,82.15
2019-12-23,1149.3,81.61
2019-12-24,1148.0,82.05
2019-12-25,1133.7,80.86
2019-12-26,1135.1,80.73
2019-12-27,1163.0,81.71
2019-12-30,1185.8,85.73
2019-12-31,1183.0,86.68
2020-01-02,1130.0,85.45
2020-01-03,1078.56,85.79
2020-01-06,1077.99,85.62
2020-01-07,1094.53,86.0
2020-01-08,1088.14,84.85
2020-01-09,1102.7,87.5
2020-01-10,1112.5,90.5
2020-01-13,1124.27,93.03
2020-01-14,1107.4,92.07
2020-01-15,1112.13,92.34
2020-01-16,1107.0,92.65
2020-01-17,1107.5,91.8
2020-01-20,1091.0,90.59
2020-01-21,1075.3,87.26
2020-01-22,1075.51,87.51
2020-01-23,1052.8,82.65
2020-02-03,1003.92,74.39
2020-02-04,1038.01,72.12
2020-02-05,1049.99,72.4
2020-02-06,1071.0,73.89
2020-02-07,1076.0,74.76
2020-02-10,1066.49,73.72
2020-02-11,1098.0,77.4
2020-02-12,1097.27,77.49
2020-02-13,1091.0,77.5
2020-02-14,1088.0,77.72
2020-02-17,1093.82,78.22
2020-02-18,1084.0,77.7
2020-02-19,1096.5,79.03
2020-02-20,1118.0,82.77
2020-02-21,1112.88,82.69
2020-02-24,1087.18,81.11
2020-02-25,1074.81,79.55
2020-02-26,1073.7,78.5
2020-02-27,1087.39,79.02
2020-02-28,1057.0,74.8
2020-03-02,1086.01,77.82
2020-03-03,1113.0,79.0
2020-03-04,1128.92,78.88
2020-03-05,1171.0,83.4
2020-03-06,1155.5,81.38
2020-03-09,1114.01,77.8
2020-03-10,1156.0,81.22
2020-03-11,1158.52,81.51
2020-03-12,1138.5,80.25
2020-03-13,1112.03,78.92
2020-03-16,1067.0,74.05
2020-03-17,1045.1,71.65
2020-03-18,1007.99,69.77
2020-03-19,996.0,66.51
2020-03-20,1035.28,68.65
2020-03-23,1019.0,66.63
2020-03-24,1056.0,70.17
2020-03-25,1080.1,72.91
2020-03-26,1064.92,72.98
2020-03-27,1075.5,74.5
2020-03-30,1072.0,71.91
2020-03-31,1111.0,73.65
2020-04-01,1103.0,73.84
2020-04-02,1145.0,74.25
2020-04-03,1139.79,74.3
2020-04-07,1159.95,76.24
2020-04-08,1159.76,76.12
2020-04-09,1158.5,76.35
2020-04-10,1165.0,76.85
2020-04-13,1162.3,78.13
2020-04-14,1185.1,78.39
2020-04-15,1189.6,78.63
2020-04-16,1197.1,77.18
2020-04-17,1226.0,78.33
2020-04-20,1227.3,78.05
2020-04-21,1200.0,74.73
2020-04-22,1244.5,77.28
2020-04-23,1252.26,77.74
2020-04-24,1250.56,77.88
2020-04-27,1276.0,78.15
2020-04-28,1279.13,82.5
2020-04-29,1274.9,79.09
2020-04-30,1265.7,79.17
2020-05-06,1300.0,79.03
2020-05-07,1312.0,80.3
2020-05-08,1314.61,81.64
2020-05-11,1323.01,82.8
2020-05-12,1333.0,84.12
2020-05-13,1335.95,88.66
2020-05-14,1326.59,87.8
2020-05-15,1313.0,87.56
2020-05-18,1346.21,89.5
2020-05-19,1346.11,89.1
2020-05-20,1351.0,87.83
2020-05-21,1366.1,87.63
2020-05-22,1328.2,84.08
2020-05-25,1362.9,84.78
2020-05-26,1358.0,85.35
2020-05-27,1338.0,84.16
2020-05-28,1344.0,84.0
2020-05-29,1366.6,85.3
2020-06-01,1419.5,89.22
2020-06-02,1410.71,88.11
2020-06-03,1399.3,87.48
2020-06-04,1407.99,89.08
2020-06-05,1425.0,93.59
2020-06-08,1406.1,95.03
2020-06-09,1416.55,95.79
2020-06-10,1423.66,95.95
2020-06-11,1400.46,94.9
2020-06-12,1416.37,95.0
2020-06-15,1383.0,90.36
2020-06-16,1403.88,90.49
2020-06-17,1405.0,89.6
2020-06-18,1413.0,89.89
2020-06-19,1439.84,91.89
2020-06-22,1439.0,90.41
2020-06-23,1474.5,93.28
2020-06-24,1460.01,92.46
2020-06-29,1463.17,90.88
2020-06-30,1462.88,91.12
2020-07-01,1494.27,100.23
2020-07-02,1544.0,107.61
2020-07-03,1541.79,110.1
2020-07-06,1600.0,111.47
2020-07-07,1688.0,114.85
2020-07-08,1681.34,114.89
2020-07-09,1706.0,119.5
2020-07-10,1713.85,121.5
2020-07-13,1781.99,124.91
2020-07-14,1762.0,123.8
2020-07-15,1752.53,127.88
2020-07-16,1614.0,115.09
2020-07-17,1648.05,114.01
2020-07-20,1636.96,112.8
2020-07-21,1668.0,115.03
2020-07-22,1678.08,117.1
2020-07-23,1676.0,120.0
2020-07-24,1595.3,113.98
2020-07-27,1622.55,115.05
2020-07-28,1670.0,116.9
2020-07-29,1672.0,118.19
2020-07-30,1680.0,118.19
2020-07-31,1678.18,117.98
2020-08-03,1668.0,117.51
2020-08-04,1669.99,117.1
2020-08-05,1668.0,118.86
2020-08-06,1637.96,114.73
2020-08-07,1631.0,111.0
2020-08-10,1633.99,111.9
2020-08-11,1642.51,112.86
2020-08-12,1626.95,110.9
2020-08-13,1635.0,111.18
2020-08-14,1661.0,117.59
2020-08-17,1690.0,123.9
2020-08-18,1705.0,125.66
2020-08-19,1687.0,127.87
2020-08-20,1664.0,125.36
2020-08-21,1676.0,127.86
2020-08-24,1696.35,128.06
2020-08-25,1727.0,138.37
2020-08-26,1727.0,138.2
2020-08-27,1731.0,142.48
2020-08-28,1757.0,151.49
2020-08-31,1786.5,149.5
2020-09-01,1801.98,147.77
2020-09-02,1795.0,147.1
2020-09-03,1793.0,150.51
2020-09-04,1770.0,152.38
2020-09-07,1723.5,152.0
2020-09-08,1711.4,141.64
2020-09-09,1688.0,138.41
2020-09-10,1705.8,141.58
2020-09-11,1733.0,146.0
2020-09-14,1766.0,146.44
2020-09-15,1760.0,146.21
2020-09-16,1725.1,143.48
2020-09-17,1670.52,140.0
2020-09-18,1695.0,142.17
2020-09-21,1666.8,140.5
2020-09-22,1665.69,139.93
2020-09-23,1649.98,139.64
2020-09-24,1629.32,137.72
2020-09-25,1635.11,138.88
2020-09-28,1661.0,144.36
2020-09-29,1652.3,144.0
2020-09-30,1668.5,143.55
2020-10-09,1696.0,145.6
2020-10-12,1750.61,151.79
2020-10-13,1739.0,152.45
2020-10-14,1729.0,150.7
2020-10-15,1725.0,151.7
2020-10-16,1712.0,149.88
2020-10-19,1699.0,150.0
2020-10-20,1734.0,157.09
2020-10-21,1733.33,157.9
2020-10-22,1742.5,162.0
2020-10-23,1715.33,155.6
2020-10-26,1643.0,155.51
2020-10-27,1625.0,155.9
2020-10-28,1664.81,162.7
2020-10-29,1676.0,178.97
2020-10-30,1670.02,172.5
2020-11-02,1674.01,177.9
2020-11-03,1695.0,182.43
2020-11-04,1699.58,183.54
2020-11-05,1721.9,183.36
2020-11-06,1700.62,182.8
2020-11-09,1742.57,185.95
2020-11-10,1745.0,189.45
2020-11-11,1731.35,190.7
2020-11-12,1734.79,192.11
2020-11-13,1705.0,186.69
2020-11-16,1730.05,197.97
2020-11-17,1715.8,197.0
2020-11-18,1693.65,191.5
2020-11-19,1720.19,191.66
2020-11-20,1719.96,194.15
2020-11-23,1790.21,197.86
2020-11-24,1763.5,198.77
2020-11-25,1726.88,192.25
2020-11-26,1734.39,192.75
2020-11-27,1737.9,192.9
2020-11-30,1713.91,183.33
2020-12-01,1737.0,184.27
2020-12-02,1738.01,183.91
2020-12-03,1749.0,186.38
2020-12-04,1793.11,190.8
2020-12-07,1812.4,190.78
2020-12-08,1850.0,191.85
2020-12-09,1840.0,190.01
2020-12-10,1832.9,190.7
2020-12-11,1820.0,191.5
2020-12-14,1829.0,197.95
2020-12-15,1816.01,193.71
2020-12-16,1840.0,198.22
2020-12-17,1865.51,204.8
2020-12-18,1845.0,204.63
2020-12-21,1842.5,213.6
2020-12-22,1881.0,215.1
2020-12-23,1841.65,216.05
2020-12-24,1830.34,214.0
2020-12-25,1830.0,212.9
2020-12-28,1873.0,224.83
2020-12-29,1867.0,221.1
2020-12-30,1933.0,224.9
2020-12-31,1998.0,226.16
2021-01-04,1997.0,240.85
2021-01-05,2059.45,258.3
2021-01-06,2100.0,262.3
2021-01-07,2140.0,265.0
2021-01-08,2090.0,255.47
2021-01-11,2099.73,246.9
2021-01-12,2160.9,262.3
2021-01-13,2164.0,266.2
2021-01-14,2134.0,257.98
2021-01-15,2082.0,243.5
2021-01-18,2063.0,232.01
2021-01-19,2009.41,229.87
2021-01-20,2040.63,229.0
2021-01-21,2070.0,238.79
2021-01-22,2079.95,239.09
2021-01-25,2175.0,263.0
2021-01-26,2141.89,263.29
2021-01-27,2089.0,254.0
2021-01-28,2088.0,250.0
2021-01-29,2116.18,257.7
2021-02-01,2109.32,255.25
2021-02-02,2145.0,279.18
2021-02-03,2189.91,279.0
2021-02-04,2320.85,279.06
2021-02-05,2313.0,287.79
2021-02-08,2368.8,290.5
2021-02-09,2456.43,298.1
2021-02-10,2601.0,313.99
2021-02-18,2471.0,292.4
2021-02-19,2460.0,298.01
2021-02-22,2288.02,271.37
2021-02-23,2307.0,274.46
2021-02-24,2189.0,247.01
2021-02-25,2150.0,243.17
2021-02-26,2122.78,235.21
2021-03-01,2158.0,238.35
2021-03-02,2058.0,226.99
2021-03-03,2140.0,232.01
2021-03-04,2033.0,214.5
2021-03-05,2060.11,217.36
2021-03-08,1960.0,195.62
2021-03-09,1936.99,187.21
2021-03-10,1970.01,195.89
2021-03-11,2048.0,207.02
2021-03-12,2026.0,210.69
2021-03-15,1975.45,196.0
2021-03-16,2010.5,200.99
2021-03-17,2030.36,210.05
2021-03-18,2069.7,219.0
2021-03-19,2010.0,214.51
2021-03-22,1989.99,216.19
2021-03-23,1996.0,219.9
2021-03-24,1989.0,214.89
2021-03-25,1971.0,210.7
2021-03-26,2013.0,224.91
2021-03-29,2034.1,224.48
2021-03-30,2056.05,228.9
2021-03-31,2009.0,225.02
2021-04-01,2044.5,232.64
2021-04-02,2162.0,247.9
2021-04-06,2126.03,243.9
2021-04-07,2061.0,229.0
2021-04-08,2070.0,233.2
2021-04-09,2020.0,223.87
2021-04-12,2008.89,225.5
2021-04-13,2021.0,233.9
2021-04-14,2047.0,233.74
2021-04-15,2015.6,231.67
2021-04-16,2054.98,236.71
2021-04-19,2088.0,239.14
2021-04-20,2094.8,239.54
2021-04-21,2080.0,244.6
2021-04-22,2055.5,240.38
2021-04-23,2108.94,249.61
2021-04-26,2077.82,247.45
2021-04-27,2094.44,251.0
2021-04-28,2042.0,261.0
2021-04-29,2026.36,262.98
2021-04-30,2006.78,255.58
2021-05-06,1959.0,239.88
2021-05-07,1903.0,237.4
2021-05-10,1879.03,226.03
2021-05-11,1959.0,236.87
2021-05-12,1984.0,243.3
2021-05-13,1971.5,243.11
2021-05-14,2009.85,247.8
2021-05-17,2057.96,257.81
2021-05-18,2059.31,257.9
2021-05-19,2049.0,258.03
2021-05-20,2058.88,259.5
2021-05-21,2042.1,257.5
2021-05-24,2071.29,264.77
2021-05-25,2194.5,284.05
2021-05-26,2220.0,275.89
2021-05-27,2245.0,275.8
2021-05-28,2230.0,274.49
2021-05-31,2218.0,274.95
2021-06-01,2240.95,277.71
2021-06-02,2222.0,274.8
2021-06-03,2222.22,276.99
2021-06-04,2251.5,279.6
2021-06-07,2271.0,283.22
2021-06-08,2191.0,262.02
2021-06-09,2199.5,262.2
2021-06-10,2238.48,266.71
2021-06-11,2178.81,258.25
2021-06-15,2193.0,249.86
2021-06-16,2158.0,242.58
2021-06-17,2156.91,242.45
2021-06-18,2090.94,232.8
2021-06-21,2081.64,236.5
2021-06-22,2074.97,232.02
2021-06-23,2038.0,225.98
2021-06-24,2068.05,231.0
2021-06-25,2092.0,234.93
2021-06-28,2103.01,235.5
2021-06-29,2062.0,228.15
2021-06-30,2056.7,235.94
2021-07-01,2105.0,236.0
2021-07-02,2013.0,226.6
2021-07-05,1994.0,223.0
2021-07-06,2012.9,225.51
2021-07-07,2004.0,227.65
2021-07-08,1985.0,220.7
2021-07-09,1972.11,216.51
2021-07-12,1961.0,223.8
2021-07-13,1982.9,224.36
2021-07-14,1962.0,225.62
2021-07-15,1997.99,228.11
2021-07-16,1955.9,222.2
2021-07-19,1975.0,228.48
2021-07-20,1980.0,226.04
2021-07-21,1969.0,222.72
2021-07-22,1940.01,216.55
2021-07-23,1900.0,216.5
2021-07-26,1804.11,199.68
2021-07-27,1712.89,190.0
2021-07-28,1768.9,191.29
2021-07-29,1749.79,185.35
2021-07-30,1678.99,171.1
2021-08-02,1755.0,180.89
2021-08-03,1749.3,187.85
2021-08-04,1724.0,180.73
2021-08-05,1699.0,176.62
2021-08-06,1671.0,178.54
2021-08-09,1693.8,179.7
2021-08-10,1799.0,194.69
2021-08-11,1750.5,190.2
2021-08-12,1690.0,186.53
2021-08-13,1700.04,188.9
2021-08-16,1699.2,188.48
2021-08-17,1635.0,179.38
2021-08-18,1620.0,179.55
2021-08-19,1619.97,176.82
2021-08-20,1548.0,161.38
2021-08-23,1570.19,167.67
2021-08-24,1625.18,174.1
2021-08-25,1665.02,176.15
2021-08-26,1595.0,170.03
2021-08-27,1596.03,169.38
2021-08-30,1586.0,177.15
2021-08-31,1558.0,170.0
2021-09-01,1622.01,182.18
2021-09-02,1618.8,179.11
2021-09-03,1658.22,184.3
2021-09-06,1670.67,187.0
2021-09-07,1669.0,186.96
2021-09-08,1633.1,181.91
2021-09-09,1634.08,181.41
2021-09-10,1662.58,187.39
2021-09-13,1654.0,184.93
2021-09-14,1657.0,181.52
2021-09-15,1615.74,172.87
2021-09-16,1638.07,174.2
2021-09-17,1686.0,181.99
2021-09-22,1637.69,174.42
2021-09-23,1635.0,177.12
2021-09-24,1694.0,186.4
2021-09-27,1855.0,205.04
2021-09-28,1822.06,213.03
2021-09-29,1820.0,211.5
2021-09-30,1830.0,221.58
2021-10-08,1839.6,225.33
2021-10-11,1867.12,224.5
2021-10-12,1870.99,225.15
2021-10-13,1929.9,238.28
2021-10-14,1911.0,238.89
2021-10-15,1916.97,234.69
2021-10-18,1800.0,224.92
2021-10-19,1812.18,231.37
2021-10-20,1841.0,232.13
2021-10-21,1844.0,231.9
2021-10-22,1901.0,231.91
2021-10-25,1873.03,230.6
2021-10-26,1861.05,232.9
2021-10-27,1819.0,225.13
2021-10-28,1825.49,227.29
2021-10-29,1826.08,228.95
2021-11-01,1803.0,231.2
2021-11-02,1804.64,224.0
2021-11-03,1765.0,223.01
2021-11-04,1804.2,234.77
2021-11-05,1819.94,229.7
2021-11-08,1820.1,231.5
2021-11-09,1790.01,226.97
2021-11-10,1753.99,219.05
2021-11-11,1769.6,218.8
2021-11-12,1773.78,210.0
2021-11-15,1761.14,211.46
2021-11-16,1808.0,221.8
2021-11-17,1795.0,222.63
2021-11-18,1792.0,223.15
2021-11-19,1828.41,230.53
2021-11-22,1854.27,227.48
2021-11-23,1896.43,226.05
2021-11-24,1941.0,234.95
2021-11-25,1956.03,234.94
2021-11-26,1941.01,233.68
2021-11-29,1985.0,235.5
2021-11-30,1930.77,230.05
2021-12-01,1932.99,232.11
2021-12-02,1934.0,237.18
2021-12-03,1971.88,252.3
2021-12-06,1967.3,244.38
2021-12-07,1955.87,246.47
2021-12-08,2043.0,252.87
2021-12-09,2086.55,253.3
2021-12-10,2090.0,252.17
2021-12-13,2118.2,254.43
2021-12-14,2150.0,260.4
2021-12-15,2135.0,261.22
2021-12-16,2118.99,257.88
2021-12-17,2050.7,248.51
2021-12-20,2058.96,247.65
2021-12-21,2038.2,248.0
2021-12-22,2048.0,252.28
2021-12-23,2120.0,263.0
2021-12-24,2194.09,261.2
2021-12-27,2131.82,261.19
2021-12-28,2138.18,260.8
2021-12-29,2041.0,243.0
2021-12-30,2075.0,254.0
2021-12-31,2050.0,253.87
2022-01-04,2051.23,250.64
2022-01-05,2024.0,247.87
2022-01-06,1982.22,241.75
2022-01-07,1942.0,236.68
2022-01-10,1966.0,237.2
2022-01-11,1940.55,231.0
2022-01-12,1967.0,230.16
2022-01-13,1877.39,224.0
2022-01-14,1867.0,227.15
2022-01-17,1861.61,229.68
2022-01-18,1892.27,235.72
2022-01-19,1912.0,229.89
2022-01-20,1969.52,236.2
2022-01-21,1984.99,236.85
2022-01-24,1950.2,232.9
2022-01-25,1943.0,226.99
2022-01-26,1955.0,228.03
2022-01-27,1965.0,224.5
2022-01-28,1887.0,216.31
2022-02-07,1867.96,214.45
2022-02-08,1839.0,208.36
2022-02-09,1895.98,214.18
2022-02-10,1873.0,213.4
2022-02-11,1849.97,216.18
2022-02-14,1868.67,219.4
2022-02-15,1890.62,224.01
2022-02-16,1892.55,228.96
2022-02-17,1886.99,227.54
2022-02-18,1907.0,228.1
2022-02-21,1876.99,227.69
2022-02-22,1807.87,221.32
2022-02-23,1827.01,222.45
2022-02-24,1764.11,211.75
2022-02-25,1799.06,215.3
2022-02-28,1790.4,216.6
2022-03-01,1858.48,220.79
2022-03-02,1844.88,216.01
2022-03-03,1800.0,206.08
2022-03-04,1780.5,203.26
2022-03-07,1707.0,190.85
2022-03-08,1753.2,195.8
2022-03-09,1779.18,200.33
2022-03-10,1794.43,212.32
2022-03-11,1769.01,205.6
2022-03-14,1700.0,194.98
2022-03-15,1603.0,186.98
2022-03-16,1674.95,193.99
2022-03-17,1720.15,203.9
2022-03-18,1707.79,203.88
2022-03-21,1704.3,205.4
2022-03-22,1695.0,202.36
2022-03-23,1752.19,204.8
2022-03-24,1720.93,199.9
2022-03-25,1690.0,190.22
2022-03-28,1660.8,181.9
2022-03-29,1667.0,178.77
2022-03-30,1730.1,188.02
2022-03-31,1719.0,185.88
2022-04-01,1780.01,190.7
2022-04-06,1765.0,187.5
2022-04-07,1765.0,187.77
2022-04-08,1784.0,188.67
2022-04-11,1720.0,180.1
2022-04-12,1782.0,193.0
2022-04-13,1769.0,192.7
2022-04-14,1809.0,209.53
2022-04-15,1805.99,208.5
2022-04-18,1790.82,206.1
2022-04-19,1790.3,202.95
2022-04-20,1797.0,202.91
2022-04-21,1779.98,199.39
2022-04-22,1773.0,201.4
2022-04-25,1708.0,192.7
2022-04-26,1732.48,200.86
2022-04-27,1794.92,201.73
2022-04-28,1835.0,214.0
2022-04-29,1828.38,210.73
2022-05-05,1837.0,209.99
2022-05-06,1793.0,199.93
2022-05-09,1752.0,194.08
2022-05-10,1766.19,197.66
2022-05-11,1768.0,201.5
2022-05-12,1762.67,205.42
2022-05-13,1778.24,204.55
2022-05-16,1758.0,201.95
2022-05-17,1768.0,202.88
2022-05-18,1761.0,198.78
2022-05-19,1756.0,196.17
2022-05-20,1800.01,209.02
2022-05-23,1781.0,205.98
2022-05-24,1760.0,201.75
2022-05-25,1755.51,197.5
2022-05-26,1742.8,196.81
2022-05-27,1755.16,197.4
2022-05-30,1778.41,206.0
2022-05-31,1804.03,214.8
2022-06-01,1788.25,214.44
2022-06-02,1786.0,210.33
2022-06-06,1788.0,214.8
2022-06-07,1817.9,217.11
2022-06-08,1865.6,221.22
2022-06-09,1853.0,215.4
2022-06-10,1900.6,219.1
2022-06-13,1856.0,213.35
2022-06-14,1871.0,213.7
2022-06-15,1875.1,218.3
2022-06-16,1877.0,218.15
2022-06-17,1951.0,223.0
2022-06-20,1942.02,227.12
2022-06-21,1945.74,228.0
2022-06-22,1936.0,225.06
2022-06-23,1957.1,226.39
2022-06-24,2009.01,230.0
2022-06-27,2010.55,238.71
2022-06-28,2036.0,237.0
2022-06-29,2030.0,235.9
2022-06-30,2045.0,246.54
2022-07-01,2029.05,245.55
2022-07-04,2018.0,242.55
2022-07-05,2033.01,244.0
2022-07-06,2002.0,235.34
2022-07-07,1990.0,235.05
2022-07-08,1999.0,240.97
2022-07-11,1963.6,234.2
2022-07-12,1948.41,234.53
2022-07-13,1958.89,237.0
2022-07-14,1953.0,234.28
2022-07-15,1949.5,237.6
2022-07-18,1951.66,234.53
2022-07-19,1943.1,234.8
2022-07-20,1950.1,235.7
2022-07-21,1939.0,233.89
2022-07-22,1947.0,232.5
2022-07-25,1944.65,233.8
2022-07-26,1950.21,237.38
2022-07-27,1919.6,231.5
2022-07-28,1898.0,229.04
2022-07-29,1898.44,222.2
2022-08-01,1890.3,224.0
2022-08-02,1879.98,219.22
2022-08-03,1885.0,220.6
2022-08-04,1916.01,225.8
2022-08-05,1923.96,225.48
2022-08-08,1911.53,221.95
2022-08-09,1910.0,220.19
2022-08-10,1876.0,215.32
2022-08-11,1906.9,220.84
2022-08-12,1928.0,224.68
2022-08-15,1919.89,220.0
2022-08-16,1917.84,218.39
2022-08-17,1918.0,221.98
2022-08-18,1895.5,215.8
2022-08-19,1895.01,216.3
2022-08-22,1893.98,218.99
2022-08-23,1870.01,215.0
2022-08-24,1854.2,214.2
2022-08-25,1885.0,219.9
2022-08-26,1898.0,223.27
2022-08-29,1878.82,224.7
2022-08-30,1870.0,226.15
2022-08-31,1924.0,234.2
2022-09-01,1880.89,230.68
2022-09-02,1875.0,225.5
2022-09-05,1835.0,221.8
2022-09-06,1845.0,221.1
2022-09-07,1818.01,219.31
2022-09-08,1815.0,220.78
2022-09-09,1844.79,224.7
2022-09-13,1879.0,224.48
2022-09-14,1869.0,221.3
2022-09-15,1880.0,224.59
2022-09-16,1859.0,218.0
2022-09-19,1871.64,220.78
2022-09-20,1878.0,225.7
2022-09-21,1848.0,222.3
2022-09-22,1820.81,219.12
2022-09-23,1834.43,220.87
2022-09-26,1863.0,227.12
2022-09-27,1888.0,232.25
2022-09-28,1883.0,231.26
2022-09-29,1880.35,231.0
2022-09-30,1872.5,230.66
2022-10-10,1786.0,210.31
2022-10-11,1779.99,216.35
2022-10-12,1760.0,213.1
2022-10-13,1699.99,209.91
2022-10-14,1737.61,212.22
2022-10-17,1718.5,207.87
2022-10-18,1705.83,207.9
2022-10-19,1648.0,196.62
2022-10-20,1643.5,197.02
2022-10-21,1624.0,191.97
2022-10-24,1501.28,178.0
2022-10-25,1479.75,175.98
2022-10-26,1464.08,173.95
2022-10-27,1401.0,159.3
2022-10-28,1360.0,160.34
2022-10-31,1350.0,156.35
2022-11-01,1462.01,170.0
2022-11-02,1471.96,174.93
2022-11-03,1439.5,172.7
2022-11-04,1516.57,183.76
2022-11-07,1507.11,182.88
2022-11-08,1484.88,178.99
2022-11-09,1459.9,175.5
2022-11-10,1475.0,177.32
2022-11-11,1528.15,186.29
2022-11-14,1533.0,183.16
2022-11-15,1588.0,186.0
2022-11-16,1585.25,186.17
2022-11-17,1567.0,182.93
2022-11-18,1567.13,185.23
2022-11-21,1519.98,177.7
2022-11-22,1539.95,177.9
2022-11-23,1549.0,177.0
2022-11-24,1519.99,173.65
2022-11-25,1522.01,173.37
2022-11-28,1509.88,173.36
2022-11-29,1599.0,185.94
2022-11-30,1599.0,186.01
2022-12-01,1630.8,195.39
2022-12-02,1633.88,192.76
2022-12-05,1664.9,196.63
2022-12-06,1688.0,203.51
2022-12-07,1684.0,204.72
2022-12-08,1687.02,204.4
2022-12-09,1730.0,212.88
2022-12-12,1739.02,208.52
2022-12-13,1750.0,211.87
2022-12-14,1770.87,220.7
2022-12-15,1786.99,219.35
2022-12-16,1786.87,222.99
2022-12-19,1773.0,220.08
2022-12-20,1715.0,209.0
2022-12-21,1739.0,212.38
2022-12-22,1768.0,217.31
2022-12-23,1771.0,221.18
2022-12-26,1742.06,217.5
2022-12-27,1733.0,222.49
2022-12-28,1733.0,224.3
2022-12-29,1719.0,219.17
2022-12-30,1727.0,224.28
2023-01-03,1730.01,219.86
2023-01-04,1725.01,221.0
2023-01-05,1801.0,234.59
2023-01-06,1803.77,234.57
2023-01-09,1841.2,238.46
2023-01-10,1854.45,239.0
2023-01-11,1844.95,237.0
2023-01-12,1834.0,236.66
2023-01-13,1887.0,244.3
2023-01-16,1912.9,252.0
2023-01-17,1908.0,249.01
2023-01-18,1893.0,246.5
2023-01-19,1880.21,247.38
2023-01-20,1860.01,247.8
2023-01-30,1888.0,249.23
2023-01-31,1845.76,237.0
2023-02-01,1844.97,238.48
2023-02-02,1836.11,239.02
2023-02-03,1818.0,235.3
2023-02-06,1795.0,234.03
2023-02-07,1797.0,232.9
2023-02-08,1784.0,232.17
2023-02-09,1818.0,241.57
2023-02-10,1810.0,247.0
2023-02-13,1856.35,260.6
2023-02-14,1843.79,252.03
2023-02-15,1841.0,250.6
2023-02-16,1861.82,250.0
2023-02-17,1820.78,251.4
2023-02-20,1875.0,257.74
2023-02-21,1867.0,254.43
2023-02-22,1836.0,252.38
2023-02-23,1818.0,251.48
2023-02-24,1788.0,248.6
2023-02-27,1810.41,251.2
2023-02-28,1813.74,250.0
2023-03-01,1838.53,255.28
2023-03-02,1828.0,254.96
2023-03-03,1818.04,254.5
2023-03-06,1807.14,252.37
2023-03-07,1788.3,247.4
2023-03-08,1770.42,243.8
2023-03-09,1770.02,242.98
2023-03-10,1750.0,237.98
2023-03-13,1762.0,244.73
2023-03-14,1766.0,240.5
2023-03-15,1750.92,236.88
2023-03-16,1751.99,236.98
2023-03-17,1742.0,235.72
2023-03-20,1729.6,231.0
2023-03-21,1775.0,240.55
2023-03-22,1773.35,241.89
2023-03-23,1774.86,244.04
2023-03-24,1778.62,245.65
2023-03-27,1767.79,242.19
2023-03-28,1781.8,248.73
2023-03-29,1790.0,253.58
2023-03-30,1800.0,256.54
2023-03-31,1820.0,254.79
2023-04-03,1802.07,254.29
2023-04-04,1814.59,259.23
2023-04-06,1796.96,250.04
2023-04-07,1790.99,249.0
2023-04-10,1771.7,247.5
2023-04-11,1745.5,238.99
2023-04-12,1694.1,233.19
2023-04-13,1723.0,234.3
2023-04-14,1713.42,229.55
2023-04-17,1753.0,233.42
2023-04-18,1758.0,234.08
2023-04-19,1759.0,232.09
2023-04-20,1741.88,229.5
2023-04-21,1725.47,229.12
2023-04-24,1705.0,221.75
2023-04-25,1730.38,225.52
2023-04-26,1743.91,225.61
2023-04-27,1757.92,225.54
2023-04-28,1760.52,226.24
2023-05-04,1749.9,221.18
2023-05-05,1750.0,223.79
2023-05-08,1720.52,222.3
2023-05-09,1722.0,221.25
2023-05-10,1725.0,217.76
2023-05-11,1717.07,215.99
2023-05-12,1706.4,213.82
2023-05-15,1716.3,215.88
2023-05-16,1703.29,213.0
2023-05-17,1701.0,210.0
2023-05-18,1691.0,207.37
2023-05-19,1699.5,213.15
2023-05-22,1746.0,224.0
2023-05-23,1724.55,220.7
2023-05-24,1710.9,217.72
2023-05-25,1701.0,216.6
2023-05-26,1690.56,214.13
2023-05-29,1689.0,213.96
2023-05-30,1668.29,209.76
2023-05-31,1628.9,204.03
2023-06-01,1635.92,207.53
2023-06-02,1670.6,212.22
2023-06-05,1665.0,206.76
2023-06-06,1666.99,208.99
2023-06-07,1650.9,205.28
2023-06-08,1668.0,206.3
2023-06-09,1666.0,205.94
2023-06-12,1696.0,217.2
2023-06-13,1699.0,220.9
2023-06-14,1726.88,228.2
2023-06-15,1755.0,230.5
2023-06-16,1797.69,232.6
2023-06-19,1744.0,226.06
2023-06-20,1743.46,221.39
2023-06-21,1735.83,219.9
2023-06-26,1709.0,212.46
2023-06-27,1711.05,218.22
2023-06-28,1728.38,217.86
2023-06-29,1713.71,212.27
2023-06-30,1691.0,209.57
2023-07-03,1724.1,218.0
2023-07-04,1730.6,220.85
2023-07-05,1715.38,214.72
2023-07-06,1702.98,212.68
2023-07-07,1690.03,211.35
2023-07-10,1700.9,213.0
2023-07-11,1710.0,212.43
2023-07-12,1713.8,213.85
2023-07-13,1738.4,227.25
2023-07-14,1753.0,228.99
2023-07-17,1729.97,222.99
2023-07-18,1722.8,222.3
2023-07-19,1723.0,221.15
2023-07-20,1724.0,222.24
2023-07-21,1771.3,226.95
2023-07-24,1771.15,223.07
2023-07-25,1828.55,238.76
2023-07-26,1828.55,237.7
2023-07-27,1838.03,239.77
2023-07-28,1897.0,244.97
2023-07-31,1880.58,241.11
2023-08-01,1889.0,237.59
2023-08-02,1880.0,237.42
2023-08-03,1878.47,237.88
2023-08-04,1893.47,239.9
2023-08-07,1887.93,235.21
2023-08-08,1890.0,235.9
2023-08-09,1890.28,237.3
2023-08-10,1875.0,237.0
2023-08-11,1834.0,232.68
2023-08-14,1803.0,229.9
2023-08-15,1812.98,229.33
2023-08-16,1820.0,229.68
2023-08-17,1828.05,235.07
2023-08-18,1802.59,229.7
2023-08-21,1791.0,228.9
2023-08-22,1788.0,228.83
2023-08-23,1774.0,224.48
2023-08-24,1816.3,233.3
2023-08-25,1824.98,231.6
2023-08-28,1834.97,228.29
2023-08-29,1851.33,233.85
2023-08-30,1856.0,233.26
2023-08-31,1847.0,232.3
2023-09-01,1851.05,237.8
2023-09-04,1866.0,241.18
2023-09-05,1858.7,238.08
2023-09-06,1861.0,238.09
2023-09-07,1838.0,233.57
2023-09-08,1818.5,233.3
2023-09-11,1822.17,235.39
2023-09-12,1819.96,233.09
2023-09-13,1819.91,232.23
2023-09-14,1818.69,232.24
2023-09-15,1781.99,226.6
2023-09-18,1829.2,227.33
2023-09-19,1826.94,227.39
2023-09-20,1824.0,227.15
2023-09-21,1798.39,220.68
2023-09-22,1849.0,227.0
2023-09-25,1832.38,225.3
2023-09-26,1816.0,222.44
2023-09-27,1814.0,222.11
2023-09-28,1798.55,216.65
2023-10-09,1777.0,214.95
2023-10-10,1770.0,211.29
2023-10-11,1778.5,210.13
2023-10-12,1786.0,209.98
2023-10-13,1751.0,205.15
2023-10-16,1729.9,203.44
2023-10-17,1726.0,203.84
2023-10-18,1728.0,204.21
2023-10-19,1630.0,197.81
2023-10-20,1645.0,197.0
2023-10-23,1643.98,197.59
2023-10-24,1642.95,198.8
2023-10-25,1677.5,206.05
2023-10-26,1672.23,206.06
2023-10-27,1676.71,208.96
2023-10-30,1681.0,211.16
2023-10-31,1684.58,214.61
2023-11-01,1780.99,221.93
2023-11-02,1779.5,218.44
2023-11-03,1811.24,221.28
2023-11-06,1812.0,220.6
2023-11-07,1791.17,219.75
2023-11-08,1798.34,216.9
2023-11-09,1794.11,215.73
2023-11-10,1775.84,212.07
2023-11-13,1764.0,209.21
2023-11-14,1765.27,209.58
2023-11-15,1772.93,211.9
2023-11-16,1760.05,210.64
2023-11-17,1753.42,208.3
2023-11-20,1762.5,208.87
2023-11-21,1790.0,213.07
2023-11-22,1781.51,210.75
2023-11-23,1786.0,209.7
2023-11-24,1777.0,210.36
2023-11-27,1763.0,206.5
2023-11-28,1769.04,206.3
2023-11-29,1774.71,205.35
2023-11-30,1791.5,207.5
2023-12-01,1760.28,202.0
2023-12-04,1750.71,198.43
2023-12-05,1709.0,192.61
2023-12-06,1703.0,191.47
2023-12-07,1700.0,189.0
2023-12-08,1704.92,190.0
2023-12-11,1698.0,181.55
2023-12-12,1709.99,184.46
2023-12-13,1660.0,174.3
2023-12-14,1635.9,169.52
2023-12-15,1645.0,172.05
2023-12-18,1662.0,172.76
2023-12-19,1675.0,172.06
2023-12-20,1649.79,169.32
2023-12-21,1670.0,170.76
2023-12-22,1670.65,170.48
2023-12-25,1672.0,173.09
2023-12-26,1670.0,171.14
2023-12-27,1667.06,170.27
2023-12-28,1724.99,179.49
2023-12-29,1726.0,179.42
2024-01-02,1685.01,172.87
2024-01-03,1694.0,170.6
2024-01-04,1669.0,165.0
2024-01-05,1663.36,163.1
2024-01-08,1643.99,160.16
2024-01-09,1641.0,159.8
2024-01-10,1641.5,160.51
2024-01-11,1646.57,161.76
2024-01-12,1643.06,159.48
2024-01-15,1640.0,158.25
2024-01-16,1639.43,158.7
2024-01-17,1577.0,153.8
2024-01-18,1610.87,156.63
2024-01-19,1635.0,157.8
2024-01-22,1642.0,154.21
2024-01-23,1619.0,153.58
2024-01-24,1626.0,151.74
2024-01-25,1638.0,155.8
2024-01-26,1637.32,155.18
2024-01-29,1650.0,156.85
2024-01-30,1613.0,150.0
2024-01-31,1604.91,146.8
2024-02-01,1610.03,146.93
2024-02-02,1596.0,144.21
2024-02-05,1630.01,144.73
2024-02-06,1676.0,153.45
2024-02-07,1710.99,155.8
2024-02-08,1706.0,153.66
2024-02-19,1695.43,155.15
2024-02-20,1670.0,153.37
2024-02-21,1717.66,163.06
2024-02-22,1718.38,165.4
2024-02-23,1714.09,169.0
2024-02-26,1694.98,169.34
2024-02-27,1689.5,169.92
2024-02-28,1681.55,169.3
2024-02-29,1695.0,175.75
2024-03-01,1685.06,175.82
2024-03-04,1676.3,170.6
2024-03-05,1695.1,172.5
2024-03-06,1680.55,168.73
2024-03-07,1683.63,167.26
2024-03-08,1671.43,165.83
2024-03-11,1694.49,172.9
2024-03-12,1745.0,185.97
2024-03-13,1727.45,185.56
2024-03-14,1716.63,187.02
2024-03-15,1717.49,187.6
2024-03-18,1708.26,186.2
2024-03-19,1708.02,190.74
2024-03-20,1709.6,189.2
2024-03-21,1709.0,190.3
2024-03-22,1701.35,183.14
2024-03-25,1689.01,183.2
2024-03-26,1709.29,187.31
2024-03-27,1701.0,184.45
2024-03-28,1701.64,185.06
2024-03-29,1702.9,184.59
2024-04-01,1721.33,191.35
2024-04-02,1713.99,190.97
2024-04-03,1715.11,192.57
2024-04-08,1666.66,180.3
2024-04-09,1662.22,178.19
2024-04-10,1647.98,175.7
2024-04-11,1648.0,178.24
2024-04-12,1634.03,170.86
2024-04-15,1672.98,180.94
2024-04-16,1670.0,176.3
2024-04-17,1667.0,176.9
2024-04-18,1670.78,178.19
2024-04-19,1646.64,175.68
2024-04-22,1675.06,178.21
2024-04-23,1692.28,181.0
2024-04-24,1693.6,182.09
2024-04-25,1693.04,179.97
2024-04-26,1709.43,186.42
2024-04-29,1704.0,189.0
2024-04-30,1705.0,186.1
2024-05-06,1760.2,193.55
2024-05-07,1770.0,193.62
2024-05-08,1763.97,190.97
2024-05-09,1756.0,190.56
2024-05-10,1738.98,186.94
2024-05-13,1706.0,180.78
2024-05-14,1701.98,181.93
2024-05-15,1700.0,180.82
2024-05-16,1704.5,185.38
2024-05-17,1715.0,189.85
2024-05-20,1709.0,192.74
2024-05-21,1705.0,191.67
2024-05-22,1697.71,187.01
2024-05-23,1692.01,183.65
2024-05-24,1677.08,181.3
2024-05-27,1670.12,180.72
2024-05-28,1664.64,180.35
2024-05-29,1674.0,179.01
2024-05-30,1649.0,174.1
2024-05-31,1648.45,174.85
2024-06-03,1639.39,174.23
2024-06-04,1653.2,175.52
2024-06-05,1644.0,171.98
2024-06-06,1639.81,168.98
2024-06-07,1619.18,166.18
2024-06-11,1569.0,159.41
2024-06-12,1571.68,158.3
2024-06-13,1555.01,155.89
2024-06-14,1555.0,156.0
2024-06-17,1541.5,157.24
2024-06-18,1521.5,154.18
2024-06-19,1501.0,153.33
2024-06-20,1500.1,151.56
2024-06-21,1471.0,150.09
2024-06-24,1476.55,149.5
2024-06-25,1486.65,150.39
2024-06-26,1489.22,149.32
2024-06-27,1490.49,148.18
2024-06-28,1467.39,143.49
2024-07-01,1440.38,143.0
2024-07-02,1490.7,143.99
2024-07-03,1500.0,142.61
2024-07-04,1485.74,139.51
2024-07-05,1453.0,137.37
2024-07-08,1420.0,134.31
2024-07-09,1438.03,135.95
2024-07-10,1437.59,133.5
2024-07-11,1462.09,136.85
2024-07-12,1478.82,136.88
2024-07-15,1474.9,138.3
2024-07-16,1476.0,137.57
2024-07-17,1501.4,141.52
2024-07-18,1497.51,142.9
2024-07-19,1525.62,146.98
2024-07-22,1499.0,142.3
2024-07-23,1455.0,135.44
2024-07-24,1440.02,133.98
2024-07-25,1430.49,131.56
2024-07-26,1422.19,129.83
2024-07-29,1398.02,126.23
2024-07-30,1379.99,125.33
2024-07-31,1421.28,130.66
2024-08-01,1386.16,124.79
2024-08-02,1385.45,123.35
2024-08-05,1410.01,126.8
2024-08-06,1404.7,126.89
2024-08-07,1415.5,127.26
2024-08-08,1430.69,129.57
2024-08-09,1436.8,129.15
2024-08-12,1436.1,129.06
2024-08-13,1423.01,127.1
2024-08-14,1413.3,125.2
2024-08-15,1426.89,126.54
2024-08-16,1431.2,125.25
2024-08-19,1425.44,124.78
2024-08-20,1422.72,123.85
2024-08-21,1417.58,123.14
2024-08-22,1410.05,122.5
2024-08-23,1414.99,118.21
2024-08-26,1412.0,118.53
2024-08-27,1404.07,118.75
2024-08-28,1389.0,112.94
2024-08-29,1413.3,115.28
2024-08-30,1443.19,119.28
2024-09-02,1395.0,112.5
2024-09-03,1410.0,114.23
2024-09-04,1400.0,112.69
2024-09-05,1404.88,113.4
2024-09-06,1398.0,110.6
2024-09-09,1375.0,107.9
2024-09-10,1378.0,107.19
2024-09-11,1380.0,105.93
2024-09-12,1335.06,102.6
2024-09-13,1304.13,100.82
2024-09-18,1266.9,100.02
2024-09-19,1261.0,101.5
2024-09-20,1263.92,101.37
2024-09-23,1261.54,102.35
2024-09-24,1372.6,110.62
2024-09-25,1399.0,112.47
2024-09-26,1529.0,123.72
2024-09-27,1629.2,136.09
2024-09-30,1748.0,149.7
2024-10-08,1723.0,159.0
2024-10-09,1595.15,143.1
2024-10-10,1640.0,147.29
2024-10-11,1604.99,141.38
2024-10-14,1601.99,141.2
2024-10-15,1554.25,134.39
2024-10-16,1522.5,134.99
2024-10-17,1494.6,131.19
2024-10-18,1541.0,135.24
2024-10-21,1528.8,134.21
2024-10-22,1543.0,137.23
2024-10-23,1567.5,140.12
2024-10-24,1552.2,135.64
2024-10-25,1558.85,136.62
2024-10-28,1565.0,142.64
2024-10-29,1531.62,140.0
2024-10-30,1532.0,136.81
2024-10-31,1527.79,135.51
2024-11-01,1533.75,136.53
2024-11-04,1548.2,137.3
2024-11-05,1576.99,141.12
2024-11-06,1571.0,139.9
2024-11-07,1649.14,153.89
2024-11-08,1609.97,151.0
2024-11-11,1598.01,148.1
2024-11-12,1577.2,146.7
2024-11-13,1578.5,145.89
2024-11-14,1573.8,144.61
2024-11-15,1559.0,144.1
2024-11-18,1559.0,142.67
2024-11-19,1541.92,141.68
2024-11-20,1544.81,142.47
2024-11-21,1545.13,141.68
2024-11-22,1507.82,136.29
2024-11-25,1498.57,136.88
2024-11-26,1509.0,136.87
2024-11-27,1519.05,138.87
2024-11-28,1518.0,136.14
2024-11-29,1525.74,138.73
2024-12-02,1525.0,139.02
2024-12-03,1526.74,138.18
2024-12-04,1520.0,137.1
2024-12-05,1511.0,136.3
2024-12-06,1521.01,138.21
2024-12-09,1518.8,137.88
2024-12-10,1546.59,141.69
2024-12-11,1535.6,141.3
2024-12-12,1565.8,144.91
2024-12-13,1519.0,137.79
2024-12-16,1527.2,132.6
2024-12-17,1558.0,132.0
2024-12-18,1571.5,131.5
2024-12-19,1551.01,129.97
2024-12-20,1522.0,130.32
2024-12-23,1526.45,129.76
2024-12-24,1538.82,130.12
2024-12-25,1530.0,129.55
2024-12-26,1527.79,129.29
2024-12-27,1528.97,129.55
2024-12-30,1525.0,126.86
2024-12-31,1524.0,125.2
