natural_week,natural_week_start,natural_week_end,price_week_close_date,open,high,low,close,volume,trading_days,Ret_t
2009-02-02/2009-02-08,2009-02-02,2009-02-08,2009-02-06,2158.08,2240.02,2158.08,2237.28,106664904.0,1,
2009-02-09/2009-02-15,2009-02-09,2009-02-15,2009-02-13,2271.59,2402.44,2248.48,2399.06,653630976.0,5,0.07231102052492311
2009-02-16/2009-02-22,2009-02-16,2009-02-22,2009-02-20,2421.19,2470.62,2259.59,2344.32,586269728.0,5,-0.02281727009745471
2009-02-23/2009-03-01,2009-02-23,2009-03-01,2009-02-27,2333.81,2419.53,2117.06,2140.49,533637280.0,5,-0.08694632132132152
2009-03-02/2009-03-08,2009-03-02,2009-03-08,2009-03-06,2123.37,2340.37,2100.64,2286.58,457616316.0,5,0.0682507276371298
2009-03-09/2009-03-15,2009-03-09,2009-03-15,2009-03-13,2302.01,2333.98,2156.6,2205.42,323838280.0,5,-0.03549405662605287
2009-03-16/2009-03-22,2009-03-16,2009-03-22,2009-03-20,2197.25,2397.21,2180.05,2379.84,450339960.0,5,0.07908697663030173
2009-03-23/2009-03-29,2009-03-23,2009-03-29,2009-03-27,2384.67,2516.38,2375.52,2498.93,572741232.0,5,0.05004117923894036
2009-03-30/2009-04-05,2009-03-30,2009-04-05,2009-04-03,2501.31,2612.37,2423.57,2570.5,574723056.0,5,0.028640258030437016
2009-04-06/2009-04-12,2009-04-06,2009-04-12,2009-04-10,2570.63,2597.06,2457.42,2595.53,364149464.0,4,0.00973740517409083
2009-04-13/2009-04-19,2009-04-13,2009-04-19,2009-04-17,2621.98,2706.63,2619.37,2650.69,595429568.0,5,0.021251921572857935
2009-04-20/2009-04-26,2009-04-20,2009-04-26,2009-04-24,2643.73,2713.3,2543.91,2572.89,482384272.0,5,-0.029350848269695917
2009-04-27/2009-05-03,2009-04-27,2009-05-03,2009-04-30,2566.92,2640.02,2485.8,2622.93,298998728.0,4,0.01944894651539708
2009-05-04/2009-05-10,2009-05-04,2009-05-10,2009-05-08,2635.13,2800.22,2632.3,2789.22,539863088.0,5,0.06339856572611535
2009-05-11/2009-05-17,2009-05-11,2009-05-17,2009-05-15,2808.14,2839.61,2699.95,2796.12,468744008.0,5,0.0024738098823327004
2009-05-18/2009-05-24,2009-05-18,2009-05-24,2009-05-22,2782.58,2849.64,2719.12,2740.68,407513020.0,5,-0.019827475215655976
2009-05-25/2009-05-31,2009-05-25,2009-05-31,2009-05-27,2684.21,2768.57,2675.28,2759.71,214384336.0,3,0.006943532262066343
2009-06-01/2009-06-07,2009-06-01,2009-06-07,2009-06-05,2798.93,2975.18,2798.93,2939.31,567580624.0,5,0.06507930181069743
2009-06-08/2009-06-14,2009-06-08,2009-06-14,2009-06-12,2937.64,3000.86,2883.32,2906.29,457079360.0,5,-0.01123392905137599
2009-06-15/2009-06-21,2009-06-15,2009-06-21,2009-06-19,2911.42,3086.72,2898.07,3080.0,420623832.0,5,0.059770360149881796
2009-06-22/2009-06-28,2009-06-22,2009-06-28,2009-06-26,3106.39,3141.17,3028.45,3128.42,478191432.0,5,0.01572077922077919
2009-06-29/2009-07-05,2009-06-29,2009-07-05,2009-07-03,3132.11,3327.67,3122.16,3327.14,487451872.0,5,0.06352088274592282
2009-07-06/2009-07-12,2009-07-06,2009-07-12,2009-07-10,3333.1,3428.03,3261.32,3398.31,597988872.0,5,0.02139074400235641
2009-07-13/2009-07-19,2009-07-13,2009-07-19,2009-07-17,3382.57,3543.02,3358.52,3519.81,576486104.0,5,0.035753065494319225
2009-07-20/2009-07-26,2009-07-20,2009-07-26,2009-07-24,3532.52,3687.49,3515.53,3667.56,626669008.0,5,0.041976697605836666
2009-07-27/2009-08-02,2009-07-27,2009-08-02,2009-07-31,3680.15,3765.59,3453.64,3734.62,719690760.0,5,0.01828463610683939
2009-08-03/2009-08-09,2009-08-03,2009-08-09,2009-08-07,3754.22,3803.06,3539.7,3555.09,629573384.0,5,-0.048071825245942
2009-08-10/2009-08-16,2009-08-10,2009-08-16,2009-08-14,3589.72,3613.46,3334.73,3344.46,417233684.0,5,-0.059247445212357475
2009-08-17/2009-08-23,2009-08-17,2009-08-23,2009-08-21,3283.44,3319.8,2982.22,3203.62,416806976.0,5,-0.042111432039851016
2009-08-24/2009-08-30,2009-08-24,2009-08-30,2009-08-28,3222.4,3241.52,3019.12,3046.78,424123744.0,5,-0.048957117261098304
2009-08-31/2009-09-06,2009-08-31,2009-09-06,2009-09-04,3003.54,3099.39,2795.49,3077.14,396038160.0,5,0.009964618383998758
2009-09-07/2009-09-13,2009-09-07,2009-09-13,2009-09-11,3097.79,3253.45,3047.3,3238.13,405203192.0,5,0.05231806157665897
2009-09-14/2009-09-20,2009-09-14,2009-09-20,2009-09-18,3248.35,3330.43,3170.96,3199.69,454552344.0,5,-0.011871049031385361
2009-09-21/2009-09-27,2009-09-21,2009-09-27,2009-09-25,3163.51,3237.22,2989.24,3058.53,323213392.0,5,-0.04411677381246304
2009-09-28/2009-10-04,2009-09-28,2009-10-04,2009-09-30,3066.37,3088.08,2923.93,3004.8,130035228.0,3,-0.017567262704632602
2009-10-05/2009-10-11,2009-10-05,2009-10-11,2009-10-09,3078.75,3164.03,3071.27,3163.71,56871040.0,1,0.05288538338658144
2009-10-12/2009-10-18,2009-10-12,2009-10-18,2009-10-16,3181.58,3287.63,3140.5,3241.71,306852048.0,5,0.024654598556757668
2009-10-19/2009-10-25,2009-10-19,2009-10-25,2009-10-23,3238.85,3436.39,3231.81,3413.25,398260384.0,5,0.0529165162830727
2009-10-26/2009-11-01,2009-10-26,2009-11-01,2009-10-30,3421.7,3432.9,3239.0,3280.37,327199344.0,5,-0.03893063795502827
2009-11-02/2009-11-08,2009-11-02,2009-11-08,2009-11-06,3205.83,3506.03,3198.31,3483.02,424675624.0,5,0.06177656788715913
2009-11-09/2009-11-15,2009-11-09,2009-11-15,2009-11-13,3487.11,3532.19,3445.36,3518.72,406151040.0,5,0.010249725812656818
2009-11-16/2009-11-22,2009-11-16,2009-11-22,2009-11-20,3541.05,3658.21,3541.05,3631.01,499465816.0,5,0.03191217260822121
2009-11-23/2009-11-29,2009-11-23,2009-11-29,2009-11-27,3636.53,3698.13,3367.29,3382.51,573337152.0,5,-0.06843825822567273
2009-11-30/2009-12-06,2009-11-30,2009-12-06,2009-12-04,3415.08,3646.26,3415.08,3643.49,508095496.0,5,0.07715572163866469
2009-12-07/2009-12-13,2009-12-07,2009-12-13,2009-12-11,3644.63,3672.8,3543.42,3575.02,354802560.0,5,-0.01879242155186367
2009-12-14/2009-12-20,2009-12-14,2009-12-20,2009-12-18,3572.53,3623.27,3385.68,3391.74,339332648.0,5,-0.05126684605960252
2009-12-21/2009-12-27,2009-12-21,2009-12-27,2009-12-25,3386.33,3445.7,3296.29,3424.78,261629392.0,5,0.009741312718545725
2009-12-28/2010-01-03,2009-12-28,2010-01-03,2009-12-31,3432.82,3579.52,3432.82,3575.68,268582412.0,4,0.044061224370616436
2010-01-04/2010-01-10,2010-01-04,2010-01-10,2010-01-08,3592.47,3597.75,3426.7,3480.13,371524140.0,5,-0.02672218990513686
2010-01-11/2010-01-17,2010-01-11,2010-01-17,2010-01-15,3593.11,3594.53,3411.81,3482.74,452077712.0,5,0.0007499719838051089
2010-01-18/2010-01-24,2010-01-18,2010-01-24,2010-01-22,3471.78,3528.39,3293.19,3366.2,409761160.0,5,-0.03346215910461303
2010-01-25/2010-01-31,2010-01-25,2010-01-31,2010-01-29,3340.01,3372.43,3168.46,3204.16,268546124.0,5,-0.04813736557542625
2010-02-01/2010-02-07,2010-02-01,2010-02-07,2010-02-05,3198.23,3242.52,3094.57,3153.09,290008880.0,5,-0.015938654748826386
2010-02-08/2010-02-14,2010-02-08,2010-02-14,2010-02-12,3152.25,3253.2,3133.81,3251.28,177378300.0,5,0.031140880850213604
2010-02-22/2010-02-28,2010-02-22,2010-02-28,2010-02-26,3248.95,3301.15,3152.93,3281.67,250710008.0,5,0.009347087916143693
2010-03-01/2010-03-07,2010-03-01,2010-03-07,2010-03-05,3290.01,3345.91,3239.68,3259.76,293137572.0,5,-0.006676478744054082
2010-03-08/2010-03-14,2010-03-08,2010-03-14,2010-03-12,3268.4,3322.51,3232.12,3233.13,229606540.0,5,-0.008169313078263518
2010-03-15/2010-03-21,2010-03-15,2010-03-21,2010-03-19,3231.22,3296.41,3169.1,3293.87,207503220.0,5,0.018786748445005275
2010-03-22/2010-03-28,2010-03-22,2010-03-28,2010-03-26,3297.82,3313.92,3220.59,3275.0,232956216.0,5,-0.00572882354191262
2010-03-29/2010-04-04,2010-03-29,2010-04-04,2010-04-02,3295.76,3412.2,3293.67,3407.35,331132308.0,5,0.04041221374045789
2010-04-05/2010-04-11,2010-04-05,2010-04-11,2010-04-09,3422.85,3436.29,3336.16,3379.17,232668828.0,4,-0.008270356728836137
2010-04-12/2010-04-18,2010-04-12,2010-04-18,2010-04-16,3388.35,3412.94,3324.05,3356.33,322971032.0,5,-0.006759056217947035
2010-04-19/2010-04-25,2010-04-19,2010-04-25,2010-04-23,3313.5,3313.5,3130.96,3190.0,351816864.0,5,-0.04955710552895576
2010-04-26/2010-05-02,2010-04-26,2010-05-02,2010-04-30,3195.46,3207.72,3014.07,3067.36,264925036.0,5,-0.038445141065830635
2010-05-03/2010-05-09,2010-05-03,2010-05-09,2010-05-07,3005.49,3056.08,2817.15,2836.79,220808860.0,4,-0.07516887486307444
2010-05-10/2010-05-16,2010-05-10,2010-05-16,2010-05-14,2842.37,2922.13,2756.42,2868.02,259219428.0,5,0.011008922056267911
2010-05-17/2010-05-23,2010-05-17,2010-05-23,2010-05-21,2828.88,2828.88,2647.6,2768.79,248902928.0,5,-0.03459878243526893
2010-05-24/2010-05-30,2010-05-24,2010-05-30,2010-05-28,2787.75,2893.69,2771.59,2850.3,274509424.0,5,0.0294388523506659
2010-05-31/2010-06-06,2010-05-31,2010-06-06,2010-06-04,2835.33,2857.42,2700.07,2744.39,202988848.0,5,-0.037157492193804265
2010-06-07/2010-06-13,2010-06-07,2010-06-13,2010-06-11,2692.83,2787.82,2672.06,2758.87,218356628.0,5,0.005276218030236146
2010-06-14/2010-06-20,2010-06-14,2010-06-20,2010-06-18,2778.53,2784.92,2686.61,2696.17,74420700.0,2,-0.022726696074842123
2010-06-21/2010-06-27,2010-06-21,2010-06-27,2010-06-25,2698.98,2795.32,2686.32,2736.29,189850348.0,5,0.01488036733588749
2010-06-28/2010-07-04,2010-06-28,2010-07-04,2010-07-02,2734.51,2751.46,2462.2,2534.1,189939134.0,5,-0.07389202167898867
2010-07-05/2010-07-11,2010-07-05,2010-07-11,2010-07-09,2507.35,2662.16,2476.49,2647.1,200164254.0,5,0.04459176828065181
2010-07-12/2010-07-18,2010-07-12,2010-07-18,2010-07-16,2647.42,2689.81,2573.79,2616.13,223883620.0,5,-0.011699595784065542
2010-07-19/2010-07-25,2010-07-19,2010-07-25,2010-07-23,2592.09,2806.98,2585.01,2793.08,323336876.0,5,0.0676380760894908
2010-07-26/2010-08-01,2010-07-26,2010-08-01,2010-07-30,2798.76,2888.6,2775.78,2868.85,341906860.0,5,0.02712775860340555
2010-08-02/2010-08-08,2010-08-02,2010-08-08,2010-08-06,2868.28,2929.61,2818.25,2897.66,366882184.0,5,0.010042351464872645
2010-08-09/2010-08-15,2010-08-09,2010-08-15,2010-08-13,2894.1,2925.3,2799.22,2855.55,326541504.0,5,-0.014532415811378763
2010-08-16/2010-08-22,2010-08-16,2010-08-22,2010-08-20,2851.22,2975.19,2843.02,2898.33,376856720.0,5,0.014981352103797807
2010-08-23/2010-08-29,2010-08-23,2010-08-29,2010-08-27,2895.71,2933.12,2833.42,2858.57,263079956.0,5,-0.01371824464432958
2010-08-30/2010-09-05,2010-08-30,2010-09-05,2010-09-03,2874.25,2931.76,2859.17,2920.21,351833432.0,5,0.021563229167031128
2010-09-06/2010-09-12,2010-09-06,2010-09-12,2010-09-10,2935.89,2991.44,2890.03,2932.55,386729296.0,5,0.004225723492488509
2010-09-13/2010-09-19,2010-09-13,2010-09-19,2010-09-17,2933.59,2984.47,2834.03,2861.37,335018604.0,5,-0.024272390922576048
2010-09-20/2010-09-26,2010-09-20,2010-09-26,2010-09-21,2865.04,2872.22,2829.76,2857.48,86034984.0,2,-0.0013594886365622116
2010-09-27/2010-10-03,2010-09-27,2010-10-03,2010-09-30,2869.93,2935.59,2857.42,2935.57,227515132.0,4,0.027328275263518886
2010-10-04/2010-10-10,2010-10-04,2010-10-10,2010-10-08,2965.65,3055.84,2963.24,3044.23,99994720.0,1,0.037014957912773205
2010-10-11/2010-10-17,2010-10-11,2010-10-17,2010-10-15,3069.19,3327.68,3069.19,3327.68,803730376.0,5,0.09311057311701143
2010-10-18/2010-10-24,2010-10-18,2010-10-24,2010-10-22,3345.8,3439.23,3280.0,3378.66,755097408.0,5,0.015319982690643386
2010-10-25/2010-10-31,2010-10-25,2010-10-31,2010-10-29,3386.85,3499.82,3351.6,3379.98,610640088.0,5,0.0003906874322956444
2010-11-01/2010-11-07,2010-11-01,2010-11-07,2010-11-05,3390.41,3554.47,3390.41,3520.8,662027424.0,5,0.041662968419931445
2010-11-08/2010-11-14,2010-11-08,2010-11-14,2010-11-12,3534.19,3557.99,3284.35,3291.83,668713968.0,5,-0.06503351511020228
2010-11-15/2010-11-21,2010-11-15,2010-11-21,2010-11-19,3298.74,3319.98,3076.21,3178.85,442925828.0,5,-0.03432133494135481
2010-11-22/2010-11-28,2010-11-22,2010-11-28,2010-11-26,3148.22,3227.05,3061.62,3194.85,383854368.0,5,0.005033266747408671
2010-11-29/2010-12-05,2010-11-29,2010-12-05,2010-12-03,3183.54,3206.76,3060.44,3158.16,305139172.0,5,-0.011484107235081531
2010-12-06/2010-12-12,2010-12-06,2010-12-12,2010-12-10,3168.88,3215.28,3101.08,3161.98,297623016.0,5,0.0012095650632013566
2010-12-13/2010-12-19,2010-12-13,2010-12-19,2010-12-17,3176.33,3282.77,3173.56,3225.66,353806532.0,5,0.020139279818341516
2010-12-20/2010-12-26,2010-12-20,2010-12-26,2010-12-24,3239.02,3263.45,3118.0,3162.96,341001984.0,5,-0.019437882479864554
2010-12-27/2011-01-02,2010-12-27,2011-01-02,2010-12-31,3176.11,3219.66,3025.22,3128.26,288383136.0,5,-0.010970736272352455
2011-01-03/2011-01-09,2011-01-03,2011-01-09,2011-01-07,3155.56,3209.9,3141.13,3166.62,308453572.0,4,0.012262407856124424
2011-01-10/2011-01-16,2011-01-10,2011-01-16,2011-01-14,3162.08,3182.78,3083.51,3091.86,286267272.0,5,-0.023608768971332128
2011-01-17/2011-01-23,2011-01-17,2011-01-23,2011-01-21,3067.43,3078.88,2935.14,2983.46,300493680.0,5,-0.035059802190267386
2011-01-24/2011-01-30,2011-01-24,2011-01-30,2011-01-28,2986.09,3047.27,2919.16,3036.74,303429720.0,5,0.017858459640819557
2011-01-31/2011-02-06,2011-01-31,2011-02-06,2011-02-01,3035.42,3087.23,3032.45,3077.28,116968440.0,2,0.01334984226506064
2011-02-07/2011-02-13,2011-02-07,2011-02-13,2011-02-11,3055.4,3133.5,3024.35,3120.96,202973360.0,3,0.014194353454999087
2011-02-14/2011-02-20,2011-02-14,2011-02-20,2011-02-18,3123.25,3265.26,3123.25,3211.88,486534432.0,5,0.029132061929662667
2011-02-21/2011-02-27,2011-02-21,2011-02-27,2011-02-25,3192.15,3269.05,3145.99,3197.62,386694544.0,5,-0.004439767363662472
2011-02-28/2011-03-06,2011-02-28,2011-03-06,2011-03-04,3200.68,3273.66,3178.83,3270.67,427342168.0,5,0.022845116055066006
2011-03-07/2011-03-13,2011-03-07,2011-03-13,2011-03-11,3287.41,3355.49,3240.18,3247.38,426513192.0,5,-0.007120865143839028
2011-03-14/2011-03-20,2011-03-14,2011-03-20,2011-03-18,3238.91,3263.91,3147.96,3215.69,385610552.0,5,-0.009758636192869319
2011-03-21/2011-03-27,2011-03-21,2011-03-27,2011-03-25,3220.68,3304.26,3175.93,3294.48,336631524.0,5,0.024501739906520825
2011-03-28/2011-04-03,2011-03-28,2011-04-03,2011-04-01,3307.41,3328.07,3210.17,3272.73,408899400.0,5,-0.006601952356669383
2011-04-04/2011-04-10,2011-04-04,2011-04-10,2011-04-08,3269.19,3353.89,3268.76,3353.36,264434640.0,3,0.024636923913674558
2011-04-11/2011-04-17,2011-04-11,2011-04-17,2011-04-15,3363.37,3380.53,3296.51,3358.94,460882496.0,5,0.0016640026719469958
2011-04-18/2011-04-24,2011-04-18,2011-04-24,2011-04-22,3346.15,3372.9,3281.83,3299.94,384444760.0,5,-0.017565065169368954
2011-04-25/2011-05-01,2011-04-25,2011-05-01,2011-04-29,3292.48,3292.48,3147.14,3192.72,314695116.0,5,-0.032491499845451854
2011-05-02/2011-05-08,2011-05-02,2011-05-08,2011-05-06,3192.84,3212.05,3083.91,3121.4,229635184.0,4,-0.02233831967726574
2011-05-09/2011-05-15,2011-05-09,2011-05-15,2011-05-13,3126.26,3164.65,3080.19,3128.09,230344384.0,5,0.0021432690459408654
2011-05-16/2011-05-22,2011-05-16,2011-05-22,2011-05-20,3120.44,3154.94,3076.95,3121.6,217618616.0,5,-0.002074748488694489
2011-05-23/2011-05-29,2011-05-23,2011-05-29,2011-05-27,3115.31,3115.31,2962.07,2963.31,216575772.0,5,-0.05070797027165552
2011-05-30/2011-06-05,2011-05-30,2011-06-05,2011-06-03,2956.58,3006.56,2923.02,2986.35,204473920.0,5,0.00777508934266069
2011-06-06/2011-06-12,2011-06-06,2011-06-12,2011-06-10,2977.68,3012.81,2925.87,2961.93,169459608.0,4,-0.008177206288613181
2011-06-13/2011-06-19,2011-06-13,2011-06-19,2011-06-17,2940.39,3000.53,2891.01,2892.16,221037344.0,5,-0.02355558706654104
2011-06-20/2011-06-26,2011-06-20,2011-06-26,2011-06-24,2888.94,3047.94,2862.41,3027.47,248750064.0,5,0.046785101792431893
2011-06-27/2011-07-03,2011-06-27,2011-07-03,2011-07-01,3028.5,3071.21,2999.95,3049.75,294128076.0,5,0.007359280191050699
2011-07-04/2011-07-10,2011-07-04,2011-07-10,2011-07-08,3064.94,3140.1,3064.94,3109.18,332876128.0,5,0.019486843183867508
2011-07-11/2011-07-17,2011-07-11,2011-07-17,2011-07-15,3097.87,3130.78,3054.8,3128.89,281008268.0,5,0.006339292031982691
2011-07-18/2011-07-24,2011-07-18,2011-07-24,2011-07-22,3131.8,3137.92,3058.25,3067.99,239540300.0,5,-0.019463771497240212
2011-07-25/2011-07-31,2011-07-25,2011-07-31,2011-07-29,3050.9,3050.9,2948.08,2972.08,253519296.0,5,-0.031261509978846025
2011-08-01/2011-08-07,2011-08-01,2011-08-07,2011-08-05,2969.11,2991.05,2868.16,2897.42,193836240.0,5,-0.025120454361928335
2011-08-08/2011-08-14,2011-08-08,2011-08-14,2011-08-12,2864.51,2894.22,2697.06,2875.37,316214848.0,5,-0.007610218746333053
2011-08-15/2011-08-21,2011-08-15,2011-08-21,2011-08-19,2883.17,2932.14,2782.56,2807.66,234044868.0,5,-0.023548273787373453
2011-08-22/2011-08-28,2011-08-22,2011-08-28,2011-08-26,2809.33,2907.4,2768.42,2901.22,219952714.0,5,0.03332312317018449
2011-08-29/2011-09-04,2011-08-29,2011-09-04,2011-09-02,2875.78,2901.73,2790.77,2803.85,178949438.0,5,-0.03356174299087966
2011-09-05/2011-09-11,2011-09-05,2011-09-11,2011-09-09,2780.83,2796.35,2711.07,2751.1,148897262.0,5,-0.01881341726554564
2011-09-12/2011-09-18,2011-09-12,2011-09-18,2011-09-16,2712.44,2755.89,2677.13,2733.99,115866400.0,4,-0.006219330449638405
2011-09-19/2011-09-25,2011-09-19,2011-09-25,2011-09-23,2718.32,2778.35,2631.43,2669.48,200578676.0,5,-0.023595550824984657
2011-09-26/2011-10-02,2011-09-26,2011-10-02,2011-09-30,2645.25,2679.56,2572.19,2581.35,177511070.0,5,-0.03301392031406869
2011-10-10/2011-10-16,2011-10-10,2011-10-16,2011-10-14,2588.35,2672.91,2523.34,2653.78,238063798.0,5,0.028058961396168813
2011-10-17/2011-10-23,2011-10-17,2011-10-23,2011-10-21,2658.95,2687.1,2500.49,2507.88,176333898.0,5,-0.054978182064828296
2011-10-24/2011-10-30,2011-10-24,2011-10-30,2011-10-28,2517.06,2729.14,2501.96,2709.02,297874912.0,5,0.08020319951512822
2011-10-31/2011-11-06,2011-10-31,2011-11-06,2011-11-04,2704.54,2781.99,2653.72,2763.75,316754324.0,5,0.02020287779344554
2011-11-07/2011-11-13,2011-11-07,2011-11-13,2011-11-11,2750.99,2769.3,2685.1,2695.0,227947668.0,5,-0.02487562189054726
2011-11-14/2011-11-20,2011-11-14,2011-11-20,2011-11-18,2717.54,2754.0,2601.18,2606.5,221762420.0,5,-0.032838589981447175
2011-11-21/2011-11-27,2011-11-21,2011-11-27,2011-11-25,2608.56,2617.09,2557.7,2569.97,139805752.0,5,-0.014014962593516311
2011-11-28/2011-12-04,2011-11-28,2011-12-04,2011-12-02,2578.34,2630.66,2507.18,2557.31,193749414.0,5,-0.0049261275423447826
2011-12-05/2011-12-11,2011-12-05,2011-12-11,2011-12-09,2561.2,2561.2,2494.69,2503.46,133429612.0,5,-0.021057282847992576
2011-12-12/2011-12-18,2011-12-12,2011-12-18,2011-12-16,2497.92,2502.05,2332.14,2390.13,155992064.0,5,-0.04526934722344278
2011-12-19/2011-12-25,2011-12-19,2011-12-25,2011-12-23,2370.42,2412.57,2294.61,2359.16,171367364.0,5,-0.012957454197052187
2011-12-26/2012-01-01,2011-12-26,2012-01-01,2011-12-30,2345.56,2369.82,2267.11,2345.74,157136366.0,5,-0.005688465385984887
2012-01-02/2012-01-08,2012-01-02,2012-01-08,2012-01-06,2361.5,2365.99,2254.57,2290.6,112560040.0,3,-0.023506441464100858
2012-01-09/2012-01-15,2012-01-09,2012-01-15,2012-01-13,2291.18,2464.38,2271.72,2394.33,287223276.0,5,0.04528507814546412
2012-01-16/2012-01-22,2012-01-16,2012-01-22,2012-01-20,2376.95,2510.34,2329.25,2504.09,268770664.0,5,0.04584163419411702
2012-01-30/2012-02-05,2012-01-30,2012-02-05,2012-02-03,2508.88,2514.65,2423.45,2506.09,201250248.0,5,0.000798693337699552
2012-02-06/2012-02-12,2012-02-06,2012-02-12,2012-02-10,2511.17,2560.03,2441.7,2533.62,261821152.0,5,0.010985239955468407
2012-02-13/2012-02-19,2012-02-13,2012-02-19,2012-02-17,2504.41,2562.07,2496.31,2537.09,243824588.0,5,0.001369581863104985
2012-02-20/2012-02-26,2012-02-20,2012-02-26,2012-02-24,2571.91,2648.02,2520.79,2648.02,336801632.0,5,0.0437233208124268
2012-02-27/2012-03-04,2012-02-27,2012-03-04,2012-03-02,2658.12,2693.84,2621.86,2679.93,344497248.0,5,0.012050513213646363
2012-03-05/2012-03-11,2012-03-05,2012-03-11,2012-03-09,2687.74,2694.61,2594.13,2664.3,303599668.0,5,-0.00583224188691478
2012-03-12/2012-03-18,2012-03-12,2012-03-18,2012-03-16,2663.24,2705.75,2575.44,2623.52,359815448.0,5,-0.01530608414968293
2012-03-19/2012-03-25,2012-03-19,2012-03-25,2012-03-23,2617.66,2631.05,2544.53,2552.94,262019264.0,5,-0.02690278709520033
2012-03-26/2012-04-01,2012-03-26,2012-04-01,2012-03-30,2551.43,2571.9,2429.73,2454.9,200925000.0,5,-0.03840278267409336
2012-04-02/2012-04-08,2012-04-02,2012-04-08,2012-04-06,2449.21,2525.53,2441.27,2519.83,96700264.0,2,0.026449142531263847
2012-04-09/2012-04-15,2012-04-09,2012-04-15,2012-04-13,2510.53,2593.79,2459.35,2580.45,228798252.0,5,0.024057178460451745
2012-04-16/2012-04-22,2012-04-16,2012-04-22,2012-04-20,2564.23,2627.38,2541.54,2626.84,245238064.0,5,0.017977484547269107
2012-04-23/2012-04-29,2012-04-23,2012-04-29,2012-04-27,2624.75,2643.77,2559.46,2626.16,299471800.0,5,-0.0002588661661921954
2012-04-30/2012-05-06,2012-04-30,2012-05-06,2012-05-04,2660.67,2716.03,2643.53,2715.88,202727832.0,3,0.034163950406677523
2012-05-07/2012-05-13,2012-05-07,2012-05-13,2012-05-11,2699.45,2717.82,2636.52,2636.92,278027156.0,5,-0.02907344948966817
2012-05-14/2012-05-20,2012-05-14,2012-05-20,2012-05-18,2653.81,2656.28,2567.3,2573.98,228280540.0,5,-0.02386875597287752
2012-05-21/2012-05-27,2012-05-21,2012-05-27,2012-05-25,2572.37,2635.78,2563.97,2573.1,207212216.0,5,-0.0003418829983139471
2012-05-28/2012-06-03,2012-05-28,2012-06-03,2012-06-01,2562.6,2658.25,2545.34,2633.0,268628876.0,5,0.02327931289106533
2012-06-04/2012-06-10,2012-06-04,2012-06-10,2012-06-08,2598.73,2608.32,2520.41,2524.33,202813720.0,5,-0.04127231295100653
2012-06-11/2012-06-17,2012-06-11,2012-06-17,2012-06-15,2529.6,2584.71,2523.77,2568.05,206083520.0,5,0.017319447140429434
2012-06-18/2012-06-24,2012-06-18,2012-06-24,2012-06-21,2576.63,2593.22,2502.42,2512.19,133641552.0,4,-0.021751912930044193
2012-06-25/2012-07-01,2012-06-25,2012-07-01,2012-06-29,2501.16,2501.16,2417.49,2461.61,170386348.0,5,-0.020133827457318065
2012-07-02/2012-07-08,2012-07-02,2012-07-08,2012-07-06,2473.54,2490.55,2420.0,2472.61,197992324.0,5,0.004468620130727352
2012-07-09/2012-07-15,2012-07-09,2012-07-15,2012-07-13,2455.89,2470.21,2402.15,2450.63,215840548.0,5,-0.008889392180732147
2012-07-16/2012-07-22,2012-07-16,2012-07-22,2012-07-20,2452.6,2452.6,2373.65,2398.46,202516792.0,5,-0.021288403390148702
2012-07-23/2012-07-29,2012-07-23,2012-07-29,2012-07-27,2379.89,2392.35,2341.29,2349.11,150001566.0,5,-0.020575702742593127
2012-07-30/2012-08-05,2012-07-30,2012-08-05,2012-08-03,2350.78,2371.12,2325.61,2353.74,155291368.0,5,0.0019709592143406507
2012-08-06/2012-08-12,2012-08-06,2012-08-12,2012-08-10,2350.12,2413.42,2348.12,2399.75,188278552.0,5,0.019547613585187973
2012-08-13/2012-08-19,2012-08-13,2012-08-19,2012-08-17,2394.5,2394.5,2295.16,2313.48,167182404.0,5,-0.03594957808105015
2012-08-20/2012-08-26,2012-08-20,2012-08-26,2012-08-24,2294.9,2327.38,2274.57,2275.68,157210478.0,5,-0.016339021733492443
2012-08-27/2012-09-02,2012-08-27,2012-09-02,2012-08-31,2268.49,2268.49,2188.72,2204.87,161626754.0,5,-0.03111597412641498
2012-09-03/2012-09-09,2012-09-03,2012-09-09,2012-09-07,2201.12,2341.52,2186.96,2317.18,234378748.0,5,0.05093724346560102
2012-09-10/2012-09-16,2012-09-10,2012-09-16,2012-09-14,2320.56,2337.2,2294.82,2315.54,264835456.0,5,-0.0007077568423686786
2012-09-17/2012-09-23,2012-09-17,2012-09-23,2012-09-21,2312.05,2314.99,2186.53,2199.06,197229508.0,5,-0.05030360088791386
2012-09-24/2012-09-30,2012-09-24,2012-09-30,2012-09-28,2183.97,2297.03,2172.88,2293.11,203726058.0,5,0.04276827371695191
2012-10-08/2012-10-14,2012-10-08,2012-10-14,2012-10-12,2291.96,2332.15,2258.11,2304.53,208944352.0,5,0.0049801361469794525
2012-10-15/2012-10-21,2012-10-15,2012-10-21,2012-10-19,2306.01,2342.53,2278.46,2332.47,180603666.0,5,0.012123947182288708
2012-10-22/2012-10-28,2012-10-22,2012-10-28,2012-10-26,2320.47,2347.9,2237.06,2247.91,194384056.0,5,-0.036253413763092324
2012-10-29/2012-11-04,2012-10-29,2012-11-04,2012-11-02,2241.8,2309.67,2227.65,2306.77,189429260.0,5,0.02618432232607182
2012-11-05/2012-11-11,2012-11-05,2012-11-11,2012-11-09,2302.74,2318.23,2235.23,2240.92,177791848.0,5,-0.028546409048149535
2012-11-12/2012-11-18,2012-11-12,2012-11-18,2012-11-16,2242.96,2254.7,2162.98,2177.24,154131116.0,5,-0.028416900201702955
2012-11-19/2012-11-25,2012-11-19,2012-11-25,2012-11-23,2175.18,2202.47,2149.54,2192.68,133015908.0,5,0.007091547096323758
2012-11-26/2012-12-02,2012-11-26,2012-12-02,2012-11-30,2187.24,2191.36,2109.96,2139.66,152776318.0,5,-0.024180454968349196
2012-12-03/2012-12-09,2012-12-03,2012-12-09,2012-12-07,2136.7,2250.53,2102.14,2246.76,283644212.0,5,0.05005468158492499
2012-12-10/2012-12-16,2012-12-10,2012-12-16,2012-12-14,2254.92,2357.11,2242.56,2355.87,322685292.0,5,0.04856326443411829
2012-12-17/2012-12-23,2012-12-17,2012-12-23,2012-12-21,2359.2,2414.22,2346.55,2372.0,377535192.0,5,0.006846727535899655
2012-12-24/2012-12-30,2012-12-24,2012-12-30,2012-12-28,2368.01,2481.59,2365.41,2480.05,360602564.0,5,0.04555227655986527
2012-12-31/2013-01-06,2012-12-31,2013-01-06,2013-01-04,2485.56,2558.53,2485.56,2524.41,179990480.0,2,0.017886736154512972
2013-01-07/2013-01-13,2013-01-07,2013-01-13,2013-01-11,2518.05,2553.35,2473.7,2483.23,362561304.0,5,-0.01631272257676042
2013-01-14/2013-01-20,2013-01-14,2013-01-20,2013-01-18,2474.18,2607.45,2474.0,2595.44,433566520.0,5,0.04518711516855056
2013-01-21/2013-01-27,2013-01-21,2013-01-27,2013-01-25,2605.65,2663.4,2564.21,2571.67,435403984.0,5,-0.009158370064420662
2013-01-28/2013-02-03,2013-01-28,2013-02-03,2013-02-01,2577.27,2744.32,2577.27,2743.32,492809632.0,5,0.06674651102202067
2013-02-04/2013-02-10,2013-02-04,2013-02-10,2013-02-08,2753.69,2791.3,2722.87,2771.73,494257056.0,5,0.010356064914045726
2013-02-18/2013-02-24,2013-02-18,2013-02-24,2013-02-22,2784.06,2787.74,2584.76,2596.6,387946868.0,5,-0.06318436499947688
2013-02-25/2013-03-03,2013-02-25,2013-03-03,2013-03-01,2607.15,2680.85,2564.67,2668.84,356658096.0,5,0.027820996687976773
2013-03-04/2013-03-10,2013-03-04,2013-03-10,2013-03-08,2619.42,2658.97,2528.69,2606.93,449622124.0,5,-0.02319734416450603
2013-03-11/2013-03-17,2013-03-11,2013-03-17,2013-03-15,2600.28,2619.51,2504.46,2539.87,308289980.0,5,-0.025723744020744732
2013-03-18/2013-03-24,2013-03-18,2013-03-24,2013-03-22,2526.08,2626.54,2491.85,2618.31,330249768.0,5,0.030883470413840097
2013-03-25/2013-03-31,2013-03-25,2013-03-31,2013-03-29,2628.41,2641.61,2482.49,2495.08,317111420.0,5,-0.04706470967914422
2013-04-01/2013-04-07,2013-04-01,2013-04-07,2013-04-03,2486.43,2524.46,2474.93,2483.55,148594396.0,3,-0.004621094313609131
2013-04-08/2013-04-14,2013-04-08,2013-04-14,2013-04-12,2443.24,2508.59,2429.5,2462.11,236098748.0,5,-0.00863280384932863
2013-04-15/2013-04-21,2013-04-15,2013-04-21,2013-04-19,2453.97,2542.45,2416.62,2533.83,264894100.0,5,0.029129486497353918
2013-04-22/2013-04-28,2013-04-22,2013-04-28,2013-04-26,2525.11,2539.05,2439.8,2447.31,293898088.0,5,-0.03414593717810588
2013-04-29/2013-05-05,2013-04-29,2013-05-05,2013-05-03,2434.6,2521.12,2423.08,2492.91,109346180.0,2,0.018632702845164717
2013-05-06/2013-05-12,2013-05-06,2013-05-12,2013-05-10,2502.98,2562.01,2500.46,2540.84,283520592.0,5,0.019226526428952617
2013-05-13/2013-05-19,2013-05-13,2013-05-19,2013-05-17,2542.41,2598.71,2479.87,2592.05,305808856.0,5,0.020154751971788842
2013-05-20/2013-05-26,2013-05-20,2013-05-26,2013-05-24,2597.15,2630.07,2572.88,2597.23,377600644.0,5,0.0019984182403887107
2013-05-27/2013-06-02,2013-05-27,2013-06-02,2013-05-31,2593.52,2661.23,2585.9,2606.43,360343804.0,5,0.003542235381541081
2013-06-03/2013-06-09,2013-06-03,2013-06-09,2013-06-07,2605.97,2625.94,2475.69,2484.16,285254836.0,5,-0.04691090879095161
2013-06-10/2013-06-16,2013-06-10,2013-06-16,2013-06-14,2448.72,2448.72,2375.2,2416.77,125694600.0,2,-0.027127882262012015
2013-06-17/2013-06-23,2013-06-17,2013-06-23,2013-06-21,2422.76,2427.53,2269.57,2317.39,267279172.0,5,-0.04112100034343369
2013-06-24/2013-06-30,2013-06-24,2013-06-30,2013-06-28,2308.07,2308.07,2023.17,2200.64,428266640.0,5,-0.05037995330954226
2013-07-01/2013-07-07,2013-07-01,2013-07-07,2013-07-05,2187.09,2252.03,2166.35,2226.85,319804020.0,5,0.011910171586447582
2013-07-08/2013-07-14,2013-07-08,2013-07-14,2013-07-12,2194.42,2351.22,2149.79,2275.37,372952976.0,5,0.021788625188045918
2013-07-15/2013-07-21,2013-07-15,2013-07-21,2013-07-19,2289.76,2336.04,2188.75,2190.48,335716864.0,5,-0.037308218004104776
2013-07-22/2013-07-28,2013-07-22,2013-07-28,2013-07-26,2170.09,2276.74,2159.81,2224.01,312400940.0,5,0.015307147291917955
2013-07-29/2013-08-04,2013-07-29,2013-08-04,2013-08-02,2205.08,2274.71,2162.98,2247.26,281616492.0,5,0.010454089684848622
2013-08-05/2013-08-11,2013-08-05,2013-08-11,2013-08-09,2249.98,2313.88,2243.22,2286.01,319836192.0,5,0.017243220633126555
2013-08-12/2013-08-18,2013-08-12,2013-08-18,2013-08-16,2296.22,2423.08,2293.18,2304.14,434520388.0,5,0.00793084894641738
2013-08-19/2013-08-25,2013-08-19,2013-08-25,2013-08-23,2286.2,2353.41,2251.92,2286.93,324882192.0,5,-0.007469164200092027
2013-08-26/2013-09-01,2013-08-26,2013-09-01,2013-08-30,2294.76,2345.36,2288.5,2313.91,379357476.0,5,0.011797475217868447
2013-09-02/2013-09-08,2013-09-02,2013-09-08,2013-09-06,2319.96,2361.18,2297.45,2357.78,375081512.0,5,0.0189592507919496
2013-09-09/2013-09-15,2013-09-09,2013-09-15,2013-09-13,2374.26,2527.38,2372.69,2488.9,727608824.0,5,0.05561163467329422
2013-09-16/2013-09-22,2013-09-16,2013-09-22,2013-09-18,2501.08,2503.69,2407.24,2432.51,275884024.0,3,-0.022656595283056746
2013-09-23/2013-09-29,2013-09-23,2013-09-29,2013-09-27,2441.52,2473.16,2379.86,2394.97,420708060.0,5,-0.015432618982039292
2013-09-30/2013-10-06,2013-09-30,2013-10-06,2013-09-30,2406.21,2415.07,2397.22,2409.04,59513992.0,1,0.005874812628133164
2013-10-07/2013-10-13,2013-10-07,2013-10-13,2013-10-11,2406.42,2471.16,2392.57,2468.51,344781120.0,4,0.02468618204762074
2013-10-14/2013-10-20,2013-10-14,2013-10-20,2013-10-18,2472.27,2483.13,2407.78,2426.05,409748736.0,5,-0.017200659507152105
2013-10-21/2013-10-27,2013-10-21,2013-10-27,2013-10-25,2431.92,2474.37,2353.99,2368.56,408789180.0,5,-0.02369695595721455
2013-10-28/2013-11-03,2013-10-28,2013-11-03,2013-11-01,2372.57,2408.62,2327.9,2384.96,407584832.0,5,0.006924038234201513
2013-11-04/2013-11-10,2013-11-04,2013-11-10,2013-11-08,2397.21,2404.9,2306.04,2307.95,286269868.0,5,-0.03228984972494309
2013-11-11/2013-11-17,2013-11-11,2013-11-17,2013-11-15,2305.94,2377.21,2279.01,2350.73,301977956.0,5,0.018535930154466085
2013-11-18/2013-11-24,2013-11-18,2013-11-24,2013-11-22,2367.88,2435.43,2361.04,2397.96,423682080.0,5,0.02009163111033585
2013-11-25/2013-12-01,2013-11-25,2013-12-01,2013-11-29,2385.78,2460.56,2380.41,2438.94,353088840.0,5,0.017089526097182617
2013-12-02/2013-12-08,2013-12-02,2013-12-08,2013-12-06,2423.97,2486.64,2397.01,2452.29,440584120.0,5,0.005473689389652758
2013-12-09/2013-12-15,2013-12-09,2013-12-15,2013-12-13,2460.03,2468.95,2386.25,2406.64,293830368.0,5,-0.018615253497751172
2013-12-16/2013-12-22,2013-12-16,2013-12-22,2013-12-20,2408.68,2412.73,2278.1,2278.14,266380660.0,5,-0.05339394342319581
2013-12-23/2013-12-29,2013-12-23,2013-12-29,2013-12-27,2283.8,2315.18,2259.57,2303.48,240071500.0,5,0.011123109203121873
2013-12-30/2014-01-05,2013-12-30,2014-01-05,2014-01-03,2313.38,2333.07,2280.89,2290.78,210022316.0,4,-0.00551339712087795
2014-01-06/2014-01-12,2014-01-06,2014-01-12,2014-01-10,2286.37,2286.37,2200.22,2204.85,271558696.0,5,-0.037511240712770455
2014-01-13/2014-01-19,2014-01-13,2014-01-19,2014-01-17,2207.0,2227.26,2175.88,2178.49,255707176.0,5,-0.011955461822799829
2014-01-20/2014-01-26,2014-01-20,2014-01-26,2014-01-24,2173.65,2257.36,2156.46,2245.68,269021400.0,5,0.03084246427571391
2014-01-27/2014-02-02,2014-01-27,2014-02-02,2014-01-30,2233.01,2233.26,2200.22,2202.45,217468396.0,4,-0.019250293897616788
2014-02-03/2014-02-09,2014-02-03,2014-02-09,2014-02-07,2187.34,2212.5,2177.12,2212.48,50459316.0,1,0.004554019387500441
2014-02-10/2014-02-16,2014-02-10,2014-02-16,2014-02-14,2221.54,2307.47,2221.54,2295.57,422188492.0,5,0.037555141741394404
2014-02-17/2014-02-23,2014-02-17,2014-02-23,2014-02-21,2308.79,2331.7,2250.65,2264.29,457042496.0,5,-0.013626245333403064
2014-02-24/2014-03-02,2014-02-24,2014-03-02,2014-02-28,2246.72,2246.72,2133.55,2178.97,427219136.0,5,-0.03768068577788186
2014-03-03/2014-03-09,2014-03-03,2014-03-09,2014-03-07,2173.91,2194.22,2136.45,2168.36,349832520.0,5,-0.004869273096921756
2014-03-10/2014-03-16,2014-03-10,2014-03-16,2014-03-14,2149.68,2149.68,2088.73,2122.84,326951164.0,5,-0.02099282406980385
2014-03-17/2014-03-23,2014-03-17,2014-03-23,2014-03-21,2132.79,2163.23,2077.76,2158.8,338723576.0,5,0.01693957151740122
2014-03-24/2014-03-30,2014-03-24,2014-03-30,2014-03-28,2161.9,2191.49,2144.58,2151.96,391006880.0,5,-0.003168426903835564
2014-03-31/2014-04-06,2014-03-31,2014-04-06,2014-04-04,2156.05,2196.14,2134.42,2185.47,288845068.0,5,0.015571850777895468
2014-04-07/2014-04-13,2014-04-07,2014-04-13,2014-04-11,2179.92,2290.74,2178.9,2270.67,368737692.0,4,0.03898474927589968
2014-04-14/2014-04-20,2014-04-14,2014-04-20,2014-04-18,2267.94,2275.83,2203.05,2224.48,281252760.0,5,-0.020342013590702313
2014-04-21/2014-04-27,2014-04-21,2014-04-27,2014-04-25,2209.94,2231.71,2165.07,2167.83,266440804.0,5,-0.025466625908077467
2014-04-28/2014-05-04,2014-04-28,2014-05-04,2014-04-30,2165.77,2171.39,2131.78,2158.66,154024744.0,3,-0.004230036488101052
2014-05-05/2014-05-11,2014-05-05,2014-05-11,2014-05-09,2152.59,2173.62,2120.6,2133.91,239551652.0,5,-0.011465446156411874
2014-05-12/2014-05-18,2014-05-12,2014-05-18,2014-05-16,2150.31,2185.05,2132.19,2145.95,285886516.0,5,0.005642224836098997
2014-05-19/2014-05-25,2014-05-19,2014-05-25,2014-05-23,2139.36,2160.91,2096.51,2148.41,203015172.0,5,0.0011463454414128993
2014-05-26/2014-06-01,2014-05-26,2014-06-01,2014-05-30,2161.89,2178.09,2142.01,2156.46,214319508.0,5,0.0037469570519594875
2014-06-02/2014-06-08,2014-06-02,2014-06-08,2014-06-06,2157.64,2168.99,2117.31,2134.72,156015680.0,4,-0.010081337006019209
2014-06-09/2014-06-15,2014-06-09,2014-06-15,2014-06-13,2128.22,2183.64,2126.67,2176.24,234661404.0,5,0.01944985759256479
2014-06-16/2014-06-22,2014-06-16,2014-06-22,2014-06-20,2176.44,2196.34,2119.5,2136.73,258250800.0,5,-0.01815516670955397
2014-06-23/2014-06-29,2014-06-23,2014-06-29,2014-06-27,2137.93,2159.53,2126.03,2150.26,216083776.0,5,0.006332105600614035
2014-06-30/2014-07-06,2014-06-30,2014-07-06,2014-07-04,2152.31,2184.96,2152.31,2178.69,283854580.0,5,0.01322165691590782
2014-07-07/2014-07-13,2014-07-07,2014-07-13,2014-07-11,2178.55,2186.2,2134.79,2148.01,280114752.0,5,-0.014081856528464276
2014-07-14/2014-07-20,2014-07-14,2014-07-20,2014-07-18,2149.54,2183.25,2145.28,2164.14,344461656.0,5,0.007509276027578782
2014-07-21/2014-07-27,2014-07-21,2014-07-27,2014-07-25,2164.22,2260.89,2158.96,2260.45,435337092.0,5,0.04450266618610632
2014-07-28/2014-08-03,2014-07-28,2014-08-03,2014-08-01,2272.38,2371.5,2272.38,2329.4,674466968.0,5,0.03050277599593021
2014-08-04/2014-08-10,2014-08-04,2014-08-10,2014-08-08,2336.63,2380.77,2319.29,2331.13,548386280.0,5,0.00074268051858839
2014-08-11/2014-08-17,2014-08-11,2014-08-17,2014-08-15,2338.01,2370.51,2333.12,2360.63,485433608.0,5,0.012654806896226223
2014-08-18/2014-08-24,2014-08-18,2014-08-24,2014-08-22,2366.27,2379.8,2333.3,2365.36,512161800.0,5,0.002003702401477625
2014-08-25/2014-08-31,2014-08-25,2014-08-31,2014-08-29,2367.02,2367.61,2309.64,2338.29,392596248.0,5,-0.011444346737917388
2014-09-01/2014-09-07,2014-09-01,2014-09-07,2014-09-05,2340.92,2450.63,2338.53,2449.26,566315872.0,5,0.0474577575920867
2014-09-08/2014-09-14,2014-09-08,2014-09-14,2014-09-12,2452.23,2461.47,2412.62,2438.36,469512616.0,4,-0.004450323771261533
2014-09-15/2014-09-21,2014-09-15,2014-09-21,2014-09-19,2433.0,2442.92,2379.09,2425.21,651998920.0,5,-0.005392969044767826
2014-09-22/2014-09-28,2014-09-22,2014-09-28,2014-09-26,2419.33,2462.67,2374.11,2437.2,567949136.0,5,0.004943901765207981
2014-09-29/2014-10-05,2014-09-29,2014-10-05,2014-09-30,2443.91,2454.89,2435.61,2450.99,239205960.0,2,0.005658132282947648
2014-10-06/2014-10-12,2014-10-06,2014-10-12,2014-10-10,2460.87,2488.11,2445.27,2466.79,407511824.0,3,0.006446374730211035
2014-10-13/2014-10-19,2014-10-13,2014-10-19,2014-10-17,2457.41,2480.3,2410.4,2441.73,685715544.0,5,-0.01015895151188384
2014-10-20/2014-10-26,2014-10-20,2014-10-26,2014-10-24,2448.45,2459.25,2385.73,2390.71,454800216.0,5,-0.020895021153034876
2014-10-27/2014-11-02,2014-10-27,2014-11-02,2014-10-31,2377.54,2512.19,2361.68,2508.33,762768336.0,5,0.049198773586089484
2014-11-03/2014-11-09,2014-11-03,2014-11-09,2014-11-07,2515.82,2541.55,2482.98,2502.15,972952128.0,5,-0.0024637906495555972
2014-11-10/2014-11-16,2014-11-10,2014-11-16,2014-11-14,2529.83,2607.52,2514.71,2581.09,1119863216.0,5,0.03154886797354273
2014-11-17/2014-11-23,2014-11-17,2014-11-23,2014-11-21,2613.51,2614.09,2522.84,2583.46,680744440.0,5,0.0009182167223924509
2014-11-24/2014-11-30,2014-11-24,2014-11-30,2014-11-28,2614.16,2809.54,2602.94,2808.82,1387202272.0,5,0.0872318518575863
2014-12-01/2014-12-07,2014-12-01,2014-12-07,2014-12-05,2825.61,3195.8,2804.29,3124.88,2144803584.0,5,0.1125241204491565
2014-12-08/2014-12-14,2014-12-08,2014-12-14,2014-12-12,3108.27,3387.83,3058.19,3193.23,2210512608.0,5,0.02187283991705269
2014-12-15/2014-12-21,2014-12-15,2014-12-21,2014-12-19,3176.83,3397.18,3143.3,3383.17,1863640224.0,5,0.059482091800465486
2014-12-22/2014-12-28,2014-12-22,2014-12-28,2014-12-26,3396.25,3455.21,3188.49,3445.84,1931401024.0,5,0.01852404697369625
2014-12-29/2015-01-04,2014-12-29,2015-01-04,2014-12-31,3502.18,3542.34,3405.84,3533.71,1099183680.0,3,0.02550031342140091
2015-01-05/2015-01-11,2015-01-05,2015-01-11,2015-01-09,3566.09,3689.75,3536.4,3546.72,1837337216.0,5,0.003681682990398061
2015-01-12/2015-01-18,2015-01-12,2015-01-18,2015-01-16,3531.51,3662.16,3461.32,3635.15,1170227584.0,5,0.024932895745928718
2015-01-19/2015-01-25,2015-01-19,2015-01-25,2015-01-23,3414.01,3627.81,3325.68,3571.73,1514302496.0,5,-0.01744632271020452
2015-01-26/2015-02-01,2015-01-26,2015-02-01,2015-01-30,3580.12,3616.26,3431.94,3434.39,1151753616.0,5,-0.038451954655027154
2015-02-02/2015-02-08,2015-02-02,2015-02-08,2015-02-06,3360.19,3487.95,3285.93,3312.42,1022428944.0,5,-0.03551431258534987
2015-02-09/2015-02-15,2015-02-09,2015-02-15,2015-02-13,3305.73,3509.5,3298.6,3469.83,833448352.0,5,0.047521147680547715
2015-02-16/2015-02-22,2015-02-16,2015-02-22,2015-02-17,3473.29,3536.82,3466.61,3522.32,330969664.0,2,0.015127542271523353
2015-02-23/2015-03-01,2015-02-23,2015-03-01,2015-02-27,3529.55,3594.81,3456.87,3572.84,617654208.0,3,0.014342819505326121
2015-03-02/2015-03-08,2015-03-02,2015-03-08,2015-03-06,3603.45,3608.69,3467.68,3478.52,1108733456.0,5,-0.026399167049182215
2015-03-09/2015-03-15,2015-03-09,2015-03-15,2015-03-13,3449.7,3641.39,3417.49,3617.66,1129685296.0,5,0.03999977001713373
2015-03-16/2015-03-22,2015-03-16,2015-03-22,2015-03-20,3641.77,3916.86,3621.12,3892.57,1855619136.0,5,0.07599111027570316
2015-03-23/2015-03-29,2015-03-23,2015-03-29,2015-03-27,3923.08,3993.03,3883.78,3971.7,1885182496.0,5,0.020328471934994097
2015-03-30/2015-04-05,2015-03-30,2015-04-05,2015-04-03,3999.02,4170.56,3999.02,4170.54,1854249792.0,5,0.05006420424503366
2015-04-06/2015-04-12,2015-04-06,2015-04-12,2015-04-10,4213.89,4351.69,4197.02,4344.42,1661929440.0,4,0.04169244270526118
2015-04-13/2015-04-19,2015-04-13,2015-04-19,2015-04-17,4394.05,4630.27,4335.63,4596.14,2316145728.0,5,0.057940990972327855
2015-04-20/2015-04-26,2015-04-20,2015-04-26,2015-04-24,4615.03,4782.04,4492.6,4702.64,2670551744.0,5,0.023171617922865817
2015-04-27/2015-05-03,2015-04-27,2015-05-03,2015-04-30,4753.87,4839.08,4695.79,4749.89,1916499520.0,4,0.01004754776040695
2015-05-04/2015-05-10,2015-05-04,2015-05-10,2015-05-08,4757.64,4795.92,4445.59,4558.4,1814504320.0,5,-0.040314617812202136
2015-05-11/2015-05-17,2015-05-11,2015-05-17,2015-05-15,4582.09,4758.0,4535.15,4617.47,1787779072.0,5,0.012958494208494375
2015-05-18/2015-05-24,2015-05-18,2015-05-24,2015-05-22,4582.06,4951.99,4565.06,4951.33,1708048416.0,5,0.07230366412775813
2015-05-25/2015-05-31,2015-05-25,2015-05-31,2015-05-29,4949.11,5226.84,4665.52,4840.83,2424192544.0,5,-0.022317235974980476
2015-06-01/2015-06-07,2015-06-01,2015-06-07,2015-06-05,4862.76,5288.34,4835.77,5230.55,2273463680.0,5,0.08050685522937195
2015-06-08/2015-06-14,2015-06-08,2015-06-14,2015-06-12,5259.41,5380.43,5202.59,5335.12,2472376288.0,5,0.01999216143617777
2015-06-15/2015-06-21,2015-06-15,2015-06-21,2015-06-19,5354.01,5362.45,4634.69,4637.05,2007046080.0,5,-0.13084429216212567
2015-06-22/2015-06-28,2015-06-22,2015-06-28,2015-06-26,4641.42,4919.26,4278.68,4336.19,1692502400.0,4,-0.0648817675030462
2015-06-29/2015-07-05,2015-06-29,2015-07-05,2015-07-03,4446.84,4526.13,3785.9,3885.92,2370792256.0,5,-0.10384000701076279
2015-07-06/2015-07-12,2015-07-06,2015-07-12,2015-07-10,4218.27,4218.27,3537.83,4106.56,2913519040.0,5,0.05677934697574849
2015-07-13/2015-07-19,2015-07-13,2015-07-19,2015-07-17,4132.23,4278.16,3856.32,4151.5,2040109056.0,5,0.010943466064053498
2015-07-20/2015-07-26,2015-07-20,2015-07-26,2015-07-24,4157.06,4299.65,4081.7,4176.28,1736511520.0,5,0.005968926893893611
2015-07-27/2015-08-02,2015-07-27,2015-08-02,2015-07-31,4097.8,4156.31,3627.42,3816.7,1519480000.0,5,-0.08610054881377682
2015-08-03/2015-08-09,2015-08-03,2015-08-09,2015-08-07,3766.07,3962.28,3742.58,3906.94,997153696.0,5,0.023643461629156093
2015-08-10/2015-08-16,2015-08-10,2015-08-16,2015-08-14,3947.47,4113.16,3932.84,4073.54,1380190880.0,5,0.042642067705160436
2015-08-17/2015-08-23,2015-08-17,2015-08-23,2015-08-21,4058.11,4103.05,3578.17,3589.54,1276024880.0,5,-0.1188155756418251
2015-08-24/2015-08-30,2015-08-24,2015-08-30,2015-08-28,3454.6,3468.15,2952.01,3342.29,1406581952.0,5,-0.0688806922335452
2015-08-31/2015-09-06,2015-08-31,2015-09-06,2015-09-02,3307.4,3387.02,3190.58,3365.83,980498336.0,3,0.007043075256784936
2015-09-07/2015-09-13,2015-09-07,2015-09-13,2015-09-11,3347.29,3426.65,3170.81,3347.19,832721968.0,5,-0.005538009941084332
2015-09-14/2015-09-20,2015-09-14,2015-09-20,2015-09-18,3367.64,3373.92,3131.37,3251.27,785028264.0,5,-0.02865687337737033
2015-09-21/2015-09-27,2015-09-21,2015-09-27,2015-09-25,3222.6,3371.41,3201.91,3231.95,615612616.0,5,-0.005942293319226022
2015-09-28/2015-10-04,2015-09-28,2015-10-04,2015-09-30,3226.61,3246.55,3159.04,3202.95,239929456.0,3,-0.00897291109082754
2015-10-05/2015-10-11,2015-10-05,2015-10-11,2015-10-09,3324.98,3352.38,3293.97,3340.12,256434264.0,2,0.0428261446479028
2015-10-12/2015-10-18,2015-10-12,2015-10-18,2015-10-16,3351.14,3537.54,3347.25,3534.07,899131200.0,5,0.05806677604397459
2015-10-19/2015-10-25,2015-10-19,2015-10-25,2015-10-23,3548.95,3601.24,3417.41,3571.24,1051307984.0,5,0.010517618496520997
2015-10-26/2015-11-01,2015-10-26,2015-11-01,2015-10-30,3614.7,3620.76,3486.1,3534.08,833434480.0,5,-0.010405349402448416
2015-11-02/2015-11-08,2015-11-02,2015-11-08,2015-11-06,3489.23,3801.71,3452.62,3793.37,1133627960.0,5,0.07336845798623681
2015-11-09/2015-11-15,2015-11-09,2015-11-15,2015-11-13,3796.38,3891.77,3727.58,3746.24,1296586288.0,5,-0.012424308728123057
2015-11-16/2015-11-22,2015-11-16,2015-11-22,2015-11-20,3682.73,3852.77,3680.07,3774.38,937497136.0,5,0.007511531562313323
2015-11-23/2015-11-29,2015-11-23,2015-11-29,2015-11-27,3774.44,3805.84,3534.39,3556.99,853419872.0,5,-0.05759621447760965
2015-11-30/2015-12-06,2015-11-30,2015-12-06,2015-12-04,3554.89,3758.45,3455.07,3677.59,872238240.0,5,0.03390507142274801
2015-12-07/2015-12-13,2015-12-07,2015-12-13,2015-12-11,3681.58,3699.34,3578.15,3608.06,583527760.0,5,-0.018906403378299408
2015-12-14/2015-12-20,2015-12-14,2015-12-20,2015-12-18,3573.88,3810.22,3571.0,3767.91,740983616.0,5,0.04430358696917458
2015-12-21/2015-12-27,2015-12-21,2015-12-27,2015-12-25,3762.1,3926.69,3759.99,3838.2,871561504.0,5,0.01865490417764759
2015-12-28/2016-01-03,2015-12-28,2016-01-03,2015-12-31,3847.53,3853.39,3710.48,3731.0,463377504.0,4,-0.027929758741076505
2016-01-04/2016-01-10,2016-01-04,2016-01-10,2016-01-08,3725.86,3726.24,3237.93,3361.56,653515904.0,5,-0.09901902975073706
2016-01-11/2016-01-17,2016-01-11,2016-01-17,2016-01-15,3303.12,3342.48,3072.04,3118.73,682670112.0,5,-0.07223729458941675
2016-01-18/2016-01-24,2016-01-18,2016-01-24,2016-01-22,3068.23,3227.91,3053.96,3113.46,560573608.0,5,-0.0016897903954494753
2016-01-25/2016-01-31,2016-01-25,2016-01-31,2016-01-29,3129.03,3149.33,2839.29,2946.09,553230360.0,5,-0.053756913530284556
2016-02-01/2016-02-07,2016-02-01,2016-02-07,2016-02-05,2939.04,2999.21,2869.56,2963.79,421416840.0,5,0.006007963096850366
2016-02-15/2016-02-21,2016-02-15,2016-02-21,2016-02-19,2888.43,3093.51,2886.02,3051.58,525530160.0,5,0.029620857078268115
2016-02-22/2016-02-28,2016-02-22,2016-02-28,2016-02-26,3083.93,3128.21,2902.95,2948.03,630076504.0,5,-0.03393324114065488
2016-02-29/2016-03-06,2016-02-29,2016-03-06,2016-03-04,2939.58,3101.66,2821.21,3093.89,813637568.0,5,0.04947710844190856
2016-03-07/2016-03-13,2016-03-07,2016-03-13,2016-03-11,3109.0,3130.9,2982.17,3018.28,529569800.0,5,-0.024438490056207463
2016-03-14/2016-03-20,2016-03-14,2016-03-20,2016-03-18,3039.57,3197.67,3028.58,3171.96,659121384.0,5,0.050916415972010576
2016-03-21/2016-03-27,2016-03-21,2016-03-27,2016-03-25,3203.29,3267.78,3174.32,3197.82,750496104.0,5,0.008152687927968971
2016-03-28/2016-04-03,2016-03-28,2016-04-03,2016-04-01,3206.95,3241.93,3122.76,3221.89,558213400.0,5,0.007527002770637337
2016-04-04/2016-04-10,2016-04-04,2016-04-10,2016-04-08,3211.3,3271.93,3163.3,3185.73,479659168.0,4,-0.011223226118830865
2016-04-11/2016-04-17,2016-04-11,2016-04-17,2016-04-15,3213.51,3296.52,3198.9,3272.21,626660880.0,5,0.027146054436502753
2016-04-18/2016-04-24,2016-04-18,2016-04-24,2016-04-22,3252.67,3252.67,3107.37,3174.9,522000512.0,5,-0.02973831141644334
2016-04-25/2016-05-01,2016-04-25,2016-05-01,2016-04-29,3164.74,3188.83,3135.64,3156.75,314444668.0,5,-0.005716715487101953
2016-05-02/2016-05-08,2016-05-02,2016-05-08,2016-05-06,3159.82,3222.88,3130.15,3130.35,372441160.0,4,-0.008363031598954684
2016-05-09/2016-05-15,2016-05-09,2016-05-15,2016-05-13,3115.43,3115.43,3035.02,3074.94,391270156.0,5,-0.017700896065935057
2016-05-16/2016-05-22,2016-05-16,2016-05-22,2016-05-20,3064.53,3105.2,3039.46,3078.22,323980356.0,5,0.0010666874800808746
2016-05-23/2016-05-29,2016-05-23,2016-05-29,2016-05-27,3078.51,3098.48,3027.44,3062.5,295946136.0,5,-0.005106847463793973
2016-05-30/2016-06-05,2016-05-30,2016-06-05,2016-06-03,3056.31,3201.75,3037.66,3189.33,502605372.0,5,0.04141387755102044
2016-06-06/2016-06-12,2016-06-06,2016-06-12,2016-06-08,3192.78,3197.22,3148.35,3163.99,221913840.0,3,-0.007945242417686571
2016-06-13/2016-06-19,2016-06-13,2016-06-19,2016-06-17,3134.05,3145.61,3042.23,3110.36,415026344.0,5,-0.016950116782922686
2016-06-20/2016-06-26,2016-06-20,2016-06-26,2016-06-24,3114.91,3155.49,3033.97,3077.16,390583540.0,5,-0.010674005581347568
2016-06-27/2016-07-03,2016-06-27,2016-07-03,2016-07-01,3065.13,3170.26,3064.97,3154.2,430454456.0,5,0.025036072222438754
2016-07-04/2016-07-10,2016-07-04,2016-07-10,2016-07-08,3136.39,3220.54,3134.02,3192.28,596764936.0,5,0.012072791833111607
2016-07-11/2016-07-17,2016-07-11,2016-07-17,2016-07-15,3199.04,3300.99,3197.63,3276.28,696450648.0,5,0.02631348127357258
2016-07-18/2016-07-24,2016-07-18,2016-07-24,2016-07-22,3269.71,3281.64,3220.89,3225.16,443934592.0,5,-0.015603062009352131
2016-07-25/2016-07-31,2016-07-25,2016-07-31,2016-07-29,3220.17,3276.51,3157.41,3203.93,512267752.0,5,-0.006582619156879077
2016-08-01/2016-08-07,2016-08-01,2016-08-07,2016-08-05,3196.43,3224.87,3156.75,3205.11,372735984.0,5,0.00036829768440638233
2016-08-08/2016-08-14,2016-08-08,2016-08-14,2016-08-12,3199.57,3294.23,3187.25,3294.23,485466936.0,5,0.02780559793579629
2016-08-15/2016-08-21,2016-08-15,2016-08-21,2016-08-19,3303.47,3418.69,3302.38,3365.02,818122528.0,5,0.021489088497160136
2016-08-22/2016-08-28,2016-08-22,2016-08-28,2016-08-26,3364.68,3372.83,3279.81,3307.09,464186792.0,5,-0.017215350874586144
2016-08-29/2016-09-04,2016-08-29,2016-09-04,2016-09-02,3306.57,3333.97,3295.76,3314.11,400072144.0,5,0.0021227121124614
2016-09-05/2016-09-11,2016-09-05,2016-09-11,2016-09-09,3321.01,3357.36,3300.13,3318.04,434089784.0,5,0.0011858387319672037
2016-09-12/2016-09-18,2016-09-12,2016-09-18,2016-09-14,3271.87,3276.72,3231.34,3238.73,260530664.0,3,-0.023902665428988223
2016-09-19/2016-09-25,2016-09-19,2016-09-25,2016-09-23,3242.74,3303.2,3242.74,3275.67,304505796.0,5,0.011405705322765414
2016-09-26/2016-10-02,2016-09-26,2016-10-02,2016-09-30,3267.69,3267.69,3214.44,3253.28,274070812.0,5,-0.006835242866344848
2016-10-10/2016-10-16,2016-10-10,2016-10-16,2016-10-14,3265.36,3308.0,3258.96,3305.85,400442680.0,5,0.016159076378301274
2016-10-17/2016-10-23,2016-10-17,2016-10-23,2016-10-21,3305.96,3341.56,3271.54,3327.74,479166000.0,5,0.006621595051196971
2016-10-24/2016-10-30,2016-10-24,2016-10-30,2016-10-28,3332.51,3382.83,3330.97,3340.13,532993992.0,5,0.0037232476094888334
2016-10-31/2016-11-06,2016-10-31,2016-11-06,2016-11-04,3332.41,3379.99,3317.33,3354.17,467781328.0,5,0.004203429207845222
2016-11-07/2016-11-13,2016-11-07,2016-11-13,2016-11-11,3353.44,3422.67,3322.08,3417.22,675623368.0,5,0.018797496847207995
2016-11-14/2016-11-20,2016-11-14,2016-11-20,2016-11-18,3409.22,3452.62,3408.14,3417.46,715134872.0,5,7.023252819560177e-05
2016-11-21/2016-11-27,2016-11-21,2016-11-27,2016-11-25,3412.65,3521.3,3412.08,3521.3,776714288.0,5,0.03038513984070046
2016-11-28/2016-12-04,2016-11-28,2016-12-04,2016-12-02,3538.68,3583.72,3516.79,3528.95,999380272.0,5,0.0021724931133386693
2016-12-05/2016-12-11,2016-12-05,2016-12-11,2016-12-09,3473.69,3507.93,3445.76,3493.7,678413776.0,5,-0.009988806868898692
2016-12-12/2016-12-18,2016-12-12,2016-12-18,2016-12-16,3489.27,3495.8,3327.14,3346.03,638316664.0,5,-0.04226751008958973
2016-12-19/2016-12-25,2016-12-19,2016-12-25,2016-12-23,3342.35,3344.86,3289.27,3307.6,467187224.0,5,-0.011485252672570279
2016-12-26/2017-01-01,2016-12-26,2017-01-01,2016-12-30,3293.22,3330.23,3267.05,3310.08,376112816.0,5,0.0007497883661868876
2017-01-02/2017-01-08,2017-01-02,2017-01-08,2017-01-06,3313.95,3373.41,3313.95,3347.67,352414192.0,4,0.011356220997679856
2017-01-09/2017-01-15,2017-01-09,2017-01-15,2017-01-13,3345.75,3370.51,3309.37,3319.91,424018272.0,5,-0.008292334668590473
2017-01-16/2017-01-22,2017-01-16,2017-01-22,2017-01-20,3314.15,3358.41,3264.21,3354.89,429315960.0,5,0.01053643020443329
2017-01-23/2017-01-29,2017-01-23,2017-01-29,2017-01-26,3359.05,3395.88,3355.85,3387.96,265445300.0,4,0.009857253143918276
2017-01-30/2017-02-05,2017-01-30,2017-02-05,2017-02-03,3390.93,3392.48,3362.57,3364.49,55188860.0,1,-0.00692747257936932
2017-02-06/2017-02-12,2017-02-06,2017-02-12,2017-02-10,3368.11,3422.33,3347.43,3413.49,429005936.0,5,0.014563871493153524
2017-02-13/2017-02-19,2017-02-13,2017-02-19,2017-02-17,3416.92,3457.56,3416.87,3421.44,565474328.0,5,0.002328994665284023
2017-02-20/2017-02-26,2017-02-20,2017-02-26,2017-02-24,3421.64,3492.96,3421.64,3473.85,545358328.0,5,0.015318111672278256
2017-02-27/2017-03-05,2017-02-27,2017-03-05,2017-03-03,3471.13,3472.84,3412.83,3427.86,448040512.0,5,-0.013238913597305557
2017-03-06/2017-03-12,2017-03-06,2017-03-12,2017-03-10,3427.25,3457.04,3414.68,3427.89,397579872.0,5,8.751816001684176e-06
2017-03-13/2017-03-19,2017-03-13,2017-03-19,2017-03-17,3425.67,3492.13,3412.69,3445.81,457956512.0,5,0.005227705673169325
2017-03-20/2017-03-26,2017-03-20,2017-03-26,2017-03-24,3449.05,3499.32,3429.83,3489.6,501341968.0,5,0.012708187624970613
2017-03-27/2017-04-02,2017-03-27,2017-04-02,2017-03-31,3488.76,3505.98,3422.37,3456.05,504016304.0,5,-0.009614282439248
2017-04-03/2017-04-09,2017-04-03,2017-04-09,2017-04-07,3476.42,3526.81,3475.15,3517.46,420459232.0,3,0.017768840149882115
2017-04-10/2017-04-16,2017-04-10,2017-04-16,2017-04-14,3519.46,3523.1,3466.14,3486.5,755113640.0,5,-0.008801805848538402
2017-04-17/2017-04-23,2017-04-17,2017-04-23,2017-04-21,3475.74,3489.08,3418.51,3466.79,568045368.0,5,-0.005653233902194188
2017-04-24/2017-04-30,2017-04-24,2017-04-30,2017-04-28,3458.23,3466.57,3399.54,3439.75,545603744.0,5,-0.0077997225098722645
2017-05-01/2017-05-07,2017-05-01,2017-05-07,2017-05-05,3427.92,3436.31,3366.56,3382.55,397844496.0,4,-0.016629115488044133
2017-05-08/2017-05-14,2017-05-08,2017-05-14,2017-05-12,3369.11,3387.27,3312.89,3385.38,495242928.0,5,0.0008366469083975758
2017-05-15/2017-05-21,2017-05-15,2017-05-21,2017-05-19,3391.59,3433.97,3373.55,3403.85,445189984.0,5,0.005455812936804749
2017-05-22/2017-05-28,2017-05-22,2017-05-28,2017-05-26,3400.59,3498.31,3383.89,3480.43,526966536.0,5,0.022498053674515628
2017-05-29/2017-06-04,2017-05-29,2017-06-04,2017-06-02,3495.07,3515.08,3470.2,3486.51,290625480.0,3,0.001746910582887784
2017-06-05/2017-06-11,2017-06-05,2017-06-11,2017-06-09,3480.17,3590.89,3460.45,3576.17,439660676.0,5,0.02571626067328059
2017-06-12/2017-06-18,2017-06-12,2017-06-18,2017-06-16,3570.22,3603.69,3508.95,3518.76,408454328.0,5,-0.016053487390140786
2017-06-19/2017-06-25,2017-06-19,2017-06-25,2017-06-23,3520.06,3635.53,3520.06,3622.88,488822656.0,5,0.029589969193693166
2017-06-26/2017-07-02,2017-06-26,2017-07-02,2017-06-30,3627.02,3676.53,3627.02,3666.8,497217088.0,5,0.012122951905666257
2017-07-03/2017-07-09,2017-07-03,2017-07-09,2017-07-07,3667.23,3667.6,3610.46,3655.93,478239448.0,5,-0.0029644376568125352
2017-07-10/2017-07-16,2017-07-10,2017-07-16,2017-07-14,3647.94,3703.09,3640.59,3703.09,592824088.0,5,0.01289959052826517
2017-07-17/2017-07-23,2017-07-17,2017-07-23,2017-07-21,3700.62,3751.69,3621.37,3728.6,746272704.0,5,0.006888841481033303
2017-07-24/2017-07-30,2017-07-24,2017-07-30,2017-07-28,3724.38,3755.19,3672.5,3721.89,649280296.0,5,-0.0017996030681757258
2017-07-31/2017-08-06,2017-07-31,2017-08-06,2017-08-04,3722.43,3784.35,3707.0,3707.58,776892976.0,5,-0.0038448207765409137
2017-08-07/2017-08-13,2017-08-07,2017-08-13,2017-08-11,3701.22,3746.86,3645.09,3647.35,666625992.0,5,-0.016245097880558168
2017-08-14/2017-08-20,2017-08-14,2017-08-20,2017-08-18,3651.38,3733.49,3651.38,3724.67,531105400.0,5,0.021198952664263082
2017-08-21/2017-08-27,2017-08-21,2017-08-27,2017-08-25,3731.84,3795.97,3728.62,3795.75,525455776.0,5,0.019083569819608126
2017-08-28/2017-09-03,2017-08-28,2017-09-03,2017-09-01,3805.66,3866.94,3800.89,3830.54,746746696.0,5,0.009165514061779678
2017-09-04/2017-09-10,2017-09-04,2017-09-10,2017-09-08,3828.54,3865.29,3813.55,3825.99,635849880.0,5,-0.0011878220825263242
2017-09-11/2017-09-17,2017-09-11,2017-09-17,2017-09-15,3828.34,3854.49,3817.51,3831.3,601270616.0,5,0.0013878760791325995
2017-09-18/2017-09-24,2017-09-18,2017-09-24,2017-09-22,3832.96,3862.36,3816.82,3837.73,543214928.0,5,0.0016782815232427861
2017-09-25/2017-10-01,2017-09-25,2017-10-01,2017-09-29,3829.22,3852.22,3808.38,3836.5,458324296.0,5,-0.00032050196340027703
2017-10-09/2017-10-15,2017-10-09,2017-10-15,2017-10-13,3910.12,3927.17,3855.47,3921.0,536969576.0,5,0.022025283461488243
2017-10-16/2017-10-22,2017-10-16,2017-10-22,2017-10-20,3926.28,3947.42,3900.48,3926.85,484073520.0,5,0.0014919663351184997
2017-10-23/2017-10-29,2017-10-23,2017-10-29,2017-10-27,3930.89,4024.46,3920.66,4021.97,519316896.0,5,0.024222977704775994
2017-10-30/2017-11-05,2017-10-30,2017-11-05,2017-11-03,4022.16,4033.34,3960.27,3992.7,652488768.0,5,-0.007277528176490633
2017-11-06/2017-11-12,2017-11-06,2017-11-12,2017-11-10,3989.18,4116.71,3975.41,4111.91,687899032.0,5,0.029856989004934054
2017-11-13/2017-11-19,2017-11-13,2017-11-19,2017-11-17,4115.55,4137.65,4055.72,4120.85,728487456.0,5,0.002174172100070315
2017-11-20/2017-11-26,2017-11-20,2017-11-26,2017-11-24,4093.73,4260.64,4057.49,4104.2,813280360.0,5,-0.004040428552361863
2017-11-27/2017-12-03,2017-11-27,2017-12-03,2017-12-01,4088.93,4088.93,3984.38,3998.14,575437256.0,5,-0.025841820574046048
2017-12-04/2017-12-10,2017-12-04,2017-12-10,2017-12-08,3989.05,4045.93,3955.44,4003.38,545557408.0,5,0.001310609433386567
2017-12-11/2017-12-17,2017-12-11,2017-12-17,2017-12-15,4006.88,4070.15,3974.93,3980.86,428847048.0,5,-0.005625246666566719
2017-12-18/2017-12-24,2017-12-18,2017-12-24,2017-12-22,3983.3,4080.78,3967.93,4054.6,416296632.0,5,0.018523635596328303
2017-12-25/2017-12-31,2017-12-25,2017-12-31,2017-12-29,4057.42,4086.93,3980.24,4030.86,497228896.0,5,-0.005855078182804618
2018-01-01/2018-01-07,2018-01-01,2018-01-07,2018-01-05,4045.21,4151.28,4045.21,4138.75,582341328.0,4,0.02676600030762666
2018-01-08/2018-01-14,2018-01-08,2018-01-14,2018-01-12,4140.85,4227.39,4127.31,4225.0,696966944.0,5,0.020839625490788327
2018-01-15/2018-01-21,2018-01-15,2018-01-21,2018-01-19,4229.84,4316.57,4213.13,4285.4,928237328.0,5,0.014295857988165572
2018-01-22/2018-01-28,2018-01-22,2018-01-28,2018-01-26,4276.48,4403.34,4275.9,4381.3,968931856.0,5,0.022378307742567882
2018-01-29/2018-02-04,2018-01-29,2018-02-04,2018-02-02,4387.06,4395.91,4181.78,4271.23,811415008.0,5,-0.025122680482961846
2018-02-05/2018-02-11,2018-02-05,2018-02-11,2018-02-09,4204.46,4274.15,3759.15,3840.65,945005536.0,5,-0.10080936872985058
2018-02-12/2018-02-18,2018-02-12,2018-02-18,2018-02-14,3846.27,3986.98,3828.07,3966.96,299829864.0,3,0.0328876622446721
2018-02-19/2018-02-25,2018-02-19,2018-02-25,2018-02-23,4020.97,4085.2,4009.92,4071.09,205270312.0,2,0.026249319378062852
2018-02-26/2018-03-04,2018-02-26,2018-03-04,2018-03-02,4093.4,4128.74,3986.89,4016.46,579523928.0,5,-0.013419010633515915
2018-03-05/2018-03-11,2018-03-05,2018-03-11,2018-03-09,4021.66,4110.67,3995.87,4108.87,538525032.0,5,0.023007822809140377
2018-03-12/2018-03-18,2018-03-12,2018-03-18,2018-03-16,4130.71,4139.53,4055.82,4056.42,524743920.0,5,-0.012765066794520052
2018-03-19/2018-03-25,2018-03-19,2018-03-25,2018-03-23,4054.62,4110.12,3834.94,3904.94,528893352.0,5,-0.03734327313246655
2018-03-26/2018-04-01,2018-03-26,2018-04-01,2018-03-30,3862.69,3936.78,3794.26,3898.5,544476088.0,5,-0.0016491930733890658
2018-04-02/2018-04-08,2018-04-02,2018-04-08,2018-04-04,3897.01,3937.02,3839.93,3854.86,295110640.0,3,-0.011194048993202532
2018-04-09/2018-04-15,2018-04-09,2018-04-15,2018-04-13,3851.95,3958.71,3827.41,3871.14,456455896.0,5,0.00422324027331733
2018-04-16/2018-04-22,2018-04-16,2018-04-22,2018-04-20,3862.47,3869.16,3708.11,3760.85,494842256.0,5,-0.02849031551429293
2018-04-23/2018-04-29,2018-04-23,2018-04-29,2018-04-27,3754.69,3854.43,3714.64,3756.88,459430792.0,5,-0.0010556124280415302
2018-04-30/2018-05-06,2018-04-30,2018-05-06,2018-05-04,3769.93,3801.52,3732.37,3774.6,248816440.0,3,0.0047166797981303965
2018-05-07/2018-05-13,2018-05-07,2018-05-13,2018-05-11,3782.54,3903.34,3776.03,3872.84,392238736.0,5,0.026026598844910875
2018-05-14/2018-05-20,2018-05-14,2018-05-20,2018-05-18,3886.87,3924.34,3841.9,3903.06,361583276.0,5,0.007803059253674194
2018-05-21/2018-05-27,2018-05-21,2018-05-27,2018-05-25,3925.54,3937.46,3804.14,3816.5,390914240.0,5,-0.02217747100992551
2018-05-28/2018-06-03,2018-05-28,2018-06-03,2018-06-01,3816.27,3846.55,3722.07,3770.59,411475800.0,5,-0.01202934625966201
2018-06-04/2018-06-10,2018-06-04,2018-06-10,2018-06-08,3785.19,3859.85,3759.27,3779.62,392022424.0,5,0.002394850673236748
2018-06-11/2018-06-17,2018-06-11,2018-06-17,2018-06-15,3770.21,3830.47,3737.43,3753.43,362254256.0,5,-0.006929268021652946
2018-06-18/2018-06-24,2018-06-18,2018-06-24,2018-06-22,3702.67,3712.82,3542.46,3608.9,416451056.0,4,-0.038506113075240433
2018-06-25/2018-07-01,2018-06-25,2018-07-01,2018-06-29,3625.8,3631.03,3416.95,3510.98,399529248.0,5,-0.027132921388788867
2018-07-02/2018-07-08,2018-07-02,2018-07-08,2018-07-06,3504.46,3506.9,3295.73,3365.12,422473704.0,5,-0.04154395638824493
2018-07-09/2018-07-15,2018-07-09,2018-07-15,2018-07-13,3378.91,3499.76,3375.14,3492.69,387500784.0,5,0.037909495055154174
2018-07-16/2018-07-22,2018-07-16,2018-07-22,2018-07-20,3488.97,3506.24,3398.95,3492.89,367257844.0,5,5.7262453867945595e-05
2018-07-23/2018-07-29,2018-07-23,2018-07-29,2018-07-27,3471.86,3596.51,3464.65,3521.23,533235304.0,5,0.008113625107003086
2018-07-30/2018-08-05,2018-07-30,2018-08-05,2018-08-03,3520.85,3550.9,3315.2,3315.28,412552064.0,5,-0.058488085129344
2018-08-06/2018-08-12,2018-08-06,2018-08-12,2018-08-10,3312.82,3424.04,3257.69,3405.02,409968728.0,5,0.027068603556863913
2018-08-13/2018-08-19,2018-08-13,2018-08-19,2018-08-17,3369.98,3396.19,3224.1,3229.62,348959824.0,5,-0.051512179076774856
2018-08-20/2018-08-26,2018-08-20,2018-08-26,2018-08-24,3238.22,3353.04,3209.01,3325.33,321775096.0,5,0.02963506542565386
2018-08-27/2018-09-02,2018-08-27,2018-09-02,2018-08-31,3339.39,3416.59,3310.87,3334.5,381326764.0,5,0.0027576210481365937
2018-09-03/2018-09-09,2018-09-03,2018-09-09,2018-09-07,3320.69,3370.96,3253.73,3277.64,324068248.0,5,-0.017052031788873934
2018-09-10/2018-09-16,2018-09-10,2018-09-16,2018-09-14,3271.38,3277.88,3191.4,3242.09,304357224.0,5,-0.010846218620714776
2018-09-17/2018-09-23,2018-09-17,2018-09-23,2018-09-21,3224.93,3410.49,3193.64,3410.49,384832308.0,5,0.05194180297277362
2018-09-24/2018-09-30,2018-09-24,2018-09-30,2018-09-28,3375.97,3448.26,3367.03,3438.87,316371040.0,4,0.008321384903635654
2018-10-08/2018-10-14,2018-10-08,2018-10-14,2018-10-12,3361.56,3364.46,3094.97,3170.73,448657588.0,5,-0.0779732877369601
2018-10-15/2018-10-21,2018-10-15,2018-10-21,2018-10-19,3173.85,3183.13,3009.5,3134.95,387941536.0,5,-0.011284467614713356
2018-10-22/2018-10-28,2018-10-22,2018-10-28,2018-10-26,3159.56,3297.38,3099.89,3173.64,586036200.0,5,0.012341504649197033
2018-10-29/2018-11-04,2018-10-29,2018-11-04,2018-11-02,3157.49,3290.25,3050.77,3290.25,605236840.0,5,0.036743297916588036
2018-11-05/2018-11-11,2018-11-05,2018-11-11,2018-11-09,3269.47,3279.88,3166.31,3167.44,445888648.0,5,-0.03732543119823717
2018-11-12/2018-11-18,2018-11-12,2018-11-18,2018-11-16,3160.25,3282.39,3152.44,3257.67,553800152.0,5,0.028486727451822347
2018-11-19/2018-11-25,2018-11-19,2018-11-25,2018-11-23,3258.79,3294.6,3139.39,3143.48,459174020.0,5,-0.03505266033698928
2018-11-26/2018-12-02,2018-11-26,2018-12-02,2018-11-30,3148.67,3204.86,3126.29,3172.69,341088428.0,5,0.009292249354218907
2018-12-03/2018-12-09,2018-12-03,2018-12-09,2018-12-07,3260.69,3273.64,3176.71,3181.56,406745948.0,5,0.0027957348496070455
2018-12-10/2018-12-16,2018-12-10,2018-12-16,2018-12-14,3153.52,3234.08,3134.38,3165.91,344715060.0,5,-0.004918970567897585
2018-12-17/2018-12-23,2018-12-17,2018-12-23,2018-12-21,3158.28,3167.51,3007.61,3029.4,332347196.0,5,-0.04311872415829876
2018-12-24/2018-12-30,2018-12-24,2018-12-30,2018-12-28,3015.5,3047.24,2964.88,3010.65,343231632.0,5,-0.006189344424638588
2018-12-31/2019-01-06,2018-12-31,2019-01-06,2019-01-04,3017.07,3036.81,2935.83,3035.87,242849104.0,3,0.008376928570242193
2019-01-07/2019-01-13,2019-01-07,2019-01-13,2019-01-11,3055.15,3117.96,3035.91,3094.78,451757480.0,5,0.019404651714335586
2019-01-14/2019-01-20,2019-01-14,2019-01-20,2019-01-18,3092.5,3171.69,3064.38,3168.17,419247712.0,5,0.02371412507512649
2019-01-21/2019-01-27,2019-01-21,2019-01-27,2019-01-25,3170.88,3203.17,3125.3,3184.47,383678400.0,5,0.005144925935161249
2019-01-28/2019-02-03,2019-01-28,2019-02-03,2019-02-01,3203.12,3247.5,3148.23,3247.4,392294764.0,5,0.019761530176136244
2019-02-11/2019-02-17,2019-02-11,2019-02-17,2019-02-15,3239.81,3415.4,3239.81,3338.7,679675136.0,5,0.028114799531933077
2019-02-18/2019-02-24,2019-02-18,2019-02-24,2019-02-22,3366.42,3520.12,3366.42,3520.12,876741440.0,5,0.05433851499086484
2019-02-25/2019-03-03,2019-02-25,2019-03-03,2019-03-01,3575.85,3762.11,3574.69,3749.71,1376353040.0,5,0.06522220833380676
2019-03-04/2019-03-10,2019-03-04,2019-03-10,2019-03-08,3783.04,3886.58,3656.19,3657.58,1520257296.0,5,-0.024569900072272333
2019-03-11/2019-03-17,2019-03-11,2019-03-17,2019-03-15,3663.98,3804.72,3650.81,3745.01,1105513248.0,5,0.023903783375893495
2019-03-18/2019-03-24,2019-03-18,2019-03-24,2019-03-22,3753.64,3868.34,3733.68,3833.8,941954560.0,5,0.02370888195225107
2019-03-25/2019-03-31,2019-03-25,2019-03-31,2019-03-29,3776.44,3876.38,3687.55,3872.34,859302592.0,5,0.010052689237831869
2019-04-01/2019-04-07,2019-04-01,2019-04-07,2019-04-04,3901.17,4072.11,3901.17,4062.23,989711376.0,4,0.04903753286126733
2019-04-08/2019-04-14,2019-04-08,2019-04-14,2019-04-12,4097.1,4122.6,3961.46,3988.62,950061744.0,5,-0.018120588937603266
2019-04-15/2019-04-21,2019-04-15,2019-04-21,2019-04-19,4056.49,4120.64,3943.49,4120.61,862411696.0,5,0.033091645732107766
2019-04-22/2019-04-28,2019-04-22,2019-04-28,2019-04-26,4125.97,4126.09,3887.25,3889.28,792194208.0,5,-0.0561397462996982
2019-04-29/2019-05-05,2019-04-29,2019-05-05,2019-04-30,3896.58,3953.23,3875.45,3913.21,270104304.0,2,0.0061528097745597865
2019-05-06/2019-05-12,2019-05-06,2019-05-12,2019-05-10,3775.08,3791.61,3584.82,3730.45,692229120.0,5,-0.046703345846504596
2019-05-13/2019-05-19,2019-05-13,2019-05-19,2019-05-17,3675.76,3745.36,3630.44,3648.76,560578600.0,5,-0.021898162420083245
2019-05-20/2019-05-26,2019-05-20,2019-05-26,2019-05-24,3635.74,3690.09,3578.11,3593.91,499164360.0,5,-0.015032504193205454
2019-05-27/2019-06-02,2019-05-27,2019-06-02,2019-05-31,3592.6,3693.23,3556.26,3629.79,503497376.0,5,0.009983555514745834
2019-06-03/2019-06-09,2019-06-03,2019-06-09,2019-06-06,3640.61,3672.81,3557.02,3564.68,361996696.0,4,-0.01793767683529901
2019-06-10/2019-06-16,2019-06-10,2019-06-16,2019-06-14,3578.01,3723.14,3568.28,3654.88,553185448.0,5,0.02530381408709914
2019-06-17/2019-06-23,2019-06-17,2019-06-23,2019-06-21,3654.44,3856.09,3638.78,3833.94,591771888.0,5,0.04899203257015272
2019-06-24/2019-06-30,2019-06-24,2019-06-30,2019-06-28,3836.31,3854.08,3755.01,3825.59,496063312.0,5,-0.0021779161906549938
2019-07-01/2019-07-07,2019-07-01,2019-07-07,2019-07-05,3899.33,3942.43,3854.69,3893.2,575575216.0,5,0.01767309094806291
2019-07-08/2019-07-14,2019-07-08,2019-07-14,2019-07-12,3875.75,3875.75,3774.23,3808.73,407993712.0,5,-0.02169680468509194
2019-07-15/2019-07-21,2019-07-15,2019-07-21,2019-07-19,3792.64,3844.87,3745.86,3807.96,452702664.0,5,-0.00020216712657494806
2019-07-22/2019-07-28,2019-07-22,2019-07-28,2019-07-26,3813.5,3863.59,3765.44,3858.57,431355120.0,5,0.01329058078341161
2019-07-29/2019-08-04,2019-07-29,2019-08-04,2019-08-02,3857.94,3890.73,3720.06,3747.44,453539544.0,5,-0.028800825176166334
2019-08-05/2019-08-11,2019-08-05,2019-08-11,2019-08-09,3724.41,3739.5,3575.86,3633.53,489151864.0,5,-0.03039675084857929
2019-08-12/2019-08-18,2019-08-12,2019-08-18,2019-08-16,3647.87,3738.1,3612.11,3710.54,426703952.0,5,0.02119426563149318
2019-08-19/2019-08-25,2019-08-19,2019-08-25,2019-08-23,3736.03,3829.36,3720.69,3820.86,503991352.0,5,0.029731521557509133
2019-08-26/2019-09-01,2019-08-26,2019-09-01,2019-08-30,3756.36,3848.24,3753.16,3799.59,488120104.0,5,-0.005566809566432629
2019-09-02/2019-09-08,2019-09-02,2019-09-08,2019-09-06,3803.69,3970.0,3799.82,3948.51,638171200.0,5,0.03919370247842524
2019-09-09/2019-09-15,2019-09-09,2019-09-15,2019-09-12,3980.96,3985.24,3922.95,3972.38,519535288.0,4,0.006045318360596852
2019-09-16/2019-09-22,2019-09-16,2019-09-22,2019-09-20,3981.36,3982.2,3879.49,3935.65,495450472.0,5,-0.009246346019262996
2019-09-23/2019-09-29,2019-09-23,2019-09-29,2019-09-27,3925.19,3927.01,3832.25,3852.65,448042536.0,5,-0.021089273690495847
2019-09-30/2019-10-06,2019-09-30,2019-10-06,2019-09-30,3842.07,3857.23,3813.55,3814.53,65931312.0,1,-0.009894488209414298
2019-10-07/2019-10-13,2019-10-07,2019-10-13,2019-10-11,3818.59,3922.37,3805.07,3911.73,325147640.0,4,0.025481514105276437
2019-10-14/2019-10-20,2019-10-14,2019-10-20,2019-10-18,3944.86,3983.81,3864.97,3869.38,438082144.0,5,-0.0108264118433532
2019-10-21/2019-10-27,2019-10-21,2019-10-27,2019-10-25,3865.34,3901.42,3849.03,3896.79,362088304.0,5,0.007083822214411617
2019-10-28/2019-11-03,2019-10-28,2019-11-03,2019-11-01,3904.98,3956.08,3876.42,3952.39,444940160.0,5,0.014268154044739356
2019-11-04/2019-11-10,2019-11-04,2019-11-10,2019-11-08,3964.01,4030.64,3964.01,3973.01,498780528.0,5,0.005217096490984119
2019-11-11/2019-11-17,2019-11-11,2019-11-17,2019-11-15,3948.62,3948.62,3877.09,3877.09,418187144.0,5,-0.02414290424640264
2019-11-18/2019-11-24,2019-11-18,2019-11-24,2019-11-22,3874.44,3947.04,3833.5,3850.0,395795528.0,5,-0.006987199162258317
2019-11-25/2019-12-01,2019-11-25,2019-12-01,2019-11-29,3850.97,3899.11,3804.83,3828.67,433391576.0,5,-0.005540259740259734
2019-12-02/2019-12-08,2019-12-02,2019-12-08,2019-12-06,3835.51,3902.39,3811.63,3902.39,398406880.0,5,0.01925472814319318
2019-12-09/2019-12-15,2019-12-09,2019-12-15,2019-12-13,3909.53,3969.46,3882.09,3968.22,514661888.0,5,0.016869149418689444
2019-12-16/2019-12-22,2019-12-16,2019-12-22,2019-12-20,3970.71,4067.14,3953.51,4017.25,740169600.0,5,0.01235566576449898
2019-12-23/2019-12-29,2019-12-23,2019-12-29,2019-12-27,4014.69,4066.8,3963.67,4022.03,573531240.0,5,0.0011898686912690248
2019-12-30/2020-01-05,2019-12-30,2020-01-05,2020-01-03,4015.52,4172.66,4001.5,4144.97,604178752.0,4,0.030566654152256456
2020-01-06/2020-01-12,2020-01-06,2020-01-12,2020-01-10,4120.52,4180.98,4101.98,4163.19,732302872.0,5,0.004395689232973732
2020-01-13/2020-01-19,2020-01-13,2020-01-19,2020-01-17,4166.93,4223.51,4141.65,4154.85,552639224.0,5,-0.0020032715297642056
2020-01-20/2020-01-26,2020-01-20,2020-01-26,2020-01-23,4170.74,4185.96,3972.39,4003.9,540053008.0,4,-0.03633103481473465
2020-02-03/2020-02-09,2020-02-03,2020-02-09,2020-02-07,3639.91,3914.92,3639.91,3899.87,874612496.0,5,-0.025982167386797927
2020-02-10/2020-02-16,2020-02-10,2020-02-16,2020-02-14,3872.37,4001.56,3861.01,3987.73,706800624.0,5,0.022528956093408326
2020-02-17/2020-02-23,2020-02-17,2020-02-23,2020-02-21,3999.65,4184.44,3999.65,4149.49,944507872.0,5,0.040564431393298905
2020-02-24/2020-03-01,2020-02-24,2020-03-01,2020-02-28,4131.84,4149.01,3928.07,3940.05,1129697248.0,5,-0.05047367266820735
2020-03-02/2020-03-08,2020-03-02,2020-03-08,2020-03-06,3968.84,4215.85,3968.84,4138.51,1025406896.0,5,0.05036991916346234
2020-03-09/2020-03-15,2020-03-09,2020-03-15,2020-03-13,4063.08,4093.0,3765.15,3895.31,912531728.0,5,-0.05876511111486993
2020-03-16/2020-03-22,2020-03-16,2020-03-22,2020-03-20,3899.86,3899.86,3503.19,3653.22,827662352.0,5,-0.06214909724771589
2020-03-23/2020-03-29,2020-03-23,2020-03-29,2020-03-27,3542.68,3758.78,3523.79,3710.06,670079416.0,5,0.015558876826470946
2020-03-30/2020-04-05,2020-03-30,2020-04-05,2020-04-03,3657.46,3738.83,3637.59,3713.22,572675608.0,5,0.0008517382468207213
2020-04-06/2020-04-12,2020-04-06,2020-04-12,2020-04-10,3779.91,3824.74,3758.96,3769.18,457097536.0,4,0.015070477914047586
2020-04-13/2020-04-19,2020-04-13,2020-04-19,2020-04-17,3751.71,3863.45,3740.19,3839.49,526105184.0,5,0.018653924726333093
2020-04-20/2020-04-26,2020-04-20,2020-04-26,2020-04-24,3845.46,3857.47,3780.0,3796.97,479187048.0,5,-0.011074387483754333
2020-04-27/2020-05-03,2020-04-27,2020-05-03,2020-04-30,3808.02,3921.7,3768.2,3912.58,446327928.0,4,0.030447962454272837
2020-05-04/2020-05-10,2020-05-04,2020-05-10,2020-05-08,3867.26,3979.66,3865.99,3963.62,362313672.0,3,0.01304510067525766
2020-05-11/2020-05-17,2020-05-11,2020-05-17,2020-05-15,3974.76,3998.1,3907.4,3912.82,490263408.0,5,-0.012816566673899077
2020-05-18/2020-05-24,2020-05-18,2020-05-24,2020-05-22,3914.66,3966.85,3818.15,3824.06,505847592.0,5,-0.022684406642779487
2020-05-25/2020-05-31,2020-05-25,2020-05-31,2020-05-29,3828.32,3885.42,3800.18,3867.02,427071128.0,5,0.011234133355648268
2020-06-01/2020-06-07,2020-06-01,2020-06-07,2020-06-05,3901.73,4018.68,3901.73,4001.25,624078880.0,5,0.034711483261012255
2020-06-08/2020-06-14,2020-06-08,2020-06-14,2020-06-12,4023.61,4052.16,3927.25,4003.08,626971608.0,5,0.0004573570759136558
2020-06-15/2020-06-21,2020-06-15,2020-06-21,2020-06-19,3982.97,4109.36,3954.99,4098.71,639050952.0,5,0.023889105388850584
2020-06-22/2020-06-28,2020-06-22,2020-06-28,2020-06-24,4097.51,4144.68,4080.75,4138.99,406771448.0,3,0.009827482305408308
2020-06-29/2020-07-05,2020-06-29,2020-07-05,2020-07-03,4127.93,4419.6,4092.54,4419.6,970214736.0,5,0.06779673301940825
2020-07-06/2020-07-12,2020-07-06,2020-07-12,2020-07-10,4465.81,4854.12,4465.81,4753.13,1827900960.0,5,0.07546610552991218
2020-07-13/2020-07-19,2020-07-13,2020-07-19,2020-07-17,4742.37,4878.08,4485.82,4544.7,1383309104.0,5,-0.043851104430133514
2020-07-20/2020-07-26,2020-07-20,2020-07-26,2020-07-24,4597.2,4790.45,4479.39,4505.59,1148903568.0,5,-0.008605628534336662
2020-07-27/2020-08-02,2020-07-27,2020-08-02,2020-07-31,4535.01,4741.81,4482.44,4695.05,872690944.0,5,0.04204998679418237
2020-08-03/2020-08-09,2020-08-03,2020-08-09,2020-08-07,4735.9,4807.08,4637.84,4707.93,1092824384.0,5,0.002743314767680971
2020-08-10/2020-08-16,2020-08-10,2020-08-16,2020-08-14,4681.76,4791.53,4566.27,4704.63,912065600.0,5,-0.0007009450013063523
2020-08-17/2020-08-23,2020-08-17,2020-08-23,2020-08-21,4727.12,4838.09,4662.8,4718.84,950610848.0,5,0.0030204288116175704
2020-08-24/2020-08-30,2020-08-24,2020-08-30,2020-08-28,4746.4,4850.49,4679.36,4844.27,722592656.0,5,0.026580685083622324
2020-08-31/2020-09-06,2020-08-31,2020-09-06,2020-09-04,4870.93,4901.21,4726.56,4770.22,764655952.0,5,-0.015286100898587396
2020-09-07/2020-09-13,2020-09-07,2020-09-13,2020-09-11,4759.52,4789.3,4558.03,4627.28,716039432.0,5,-0.029965074986059492
2020-09-14/2020-09-20,2020-09-14,2020-09-20,2020-09-18,4652.05,4737.8,4601.64,4737.09,584314856.0,5,0.023731003959129415
2020-09-21/2020-09-27,2020-09-21,2020-09-27,2020-09-25,4750.75,4752.98,4554.72,4570.02,545644128.0,5,-0.03526848761581469
2020-09-28/2020-10-04,2020-09-28,2020-10-04,2020-09-30,4582.65,4634.72,4563.41,4587.4,260123448.0,3,0.0038030468137992823
2020-10-05/2020-10-11,2020-10-05,2020-10-11,2020-10-09,4663.61,4695.4,4655.09,4681.14,111337512.0,1,0.020434232898809856
2020-10-12/2020-10-18,2020-10-12,2020-10-18,2020-10-16,4705.19,4845.92,4704.16,4791.68,610888880.0,5,0.023613906014346986
2020-10-19/2020-10-25,2020-10-19,2020-10-25,2020-10-23,4823.49,4849.61,4717.1,4718.49,539276296.0,5,-0.015274392279951976
2020-10-26/2020-11-01,2020-10-26,2020-11-01,2020-10-30,4684.05,4803.03,4639.3,4695.33,566382528.0,5,-0.004908349917028487
2020-11-02/2020-11-08,2020-11-02,2020-11-08,2020-11-06,4702.75,4897.63,4695.44,4885.72,686468544.0,5,0.04054880061678312
2020-11-09/2020-11-15,2020-11-09,2020-11-15,2020-11-13,4918.86,4997.8,4825.76,4856.85,789677408.0,5,-0.005909057416307095
2020-11-16/2020-11-22,2020-11-16,2020-11-22,2020-11-20,4880.96,4947.43,4848.62,4943.29,727556760.0,5,0.017797543675427407
2020-11-23/2020-11-29,2020-11-23,2020-11-29,2020-11-27,4954.6,5029.65,4867.82,4980.77,833048880.0,5,0.0075819949871442915
2020-11-30/2020-12-06,2020-11-30,2020-12-06,2020-12-04,4994.11,5090.61,4960.25,5065.92,984352960.0,5,0.01709575025548249
2020-12-07/2020-12-13,2020-12-07,2020-12-13,2020-12-11,5065.73,5067.87,4849.35,4889.63,687158184.0,5,-0.03479920725159491
2020-12-14/2020-12-20,2020-12-14,2020-12-20,2020-12-18,4903.63,5027.44,4887.66,4999.97,607358248.0,5,0.02256612463519736
2020-12-21/2020-12-27,2020-12-21,2020-12-27,2020-12-25,4995.76,5055.13,4960.95,5042.01,678875208.0,5,0.008408050448302617
2020-12-28/2021-01-03,2020-12-28,2021-01-03,2020-12-31,5042.94,5215.62,5034.31,5211.29,598342016.0,4,0.03357391199144777
2021-01-04/2021-01-10,2021-01-04,2021-01-10,2021-01-08,5212.93,5547.47,5190.94,5495.43,1054613008.0,5,0.05452392785663451
2021-01-11/2021-01-17,2021-01-11,2021-01-17,2021-01-15,5504.24,5644.72,5390.27,5458.08,1199946880.0,5,-0.0067965564114182975
2021-01-18/2021-01-24,2021-01-18,2021-01-24,2021-01-22,5438.16,5593.11,5410.78,5569.78,998258768.0,5,0.020465071966698778
2021-01-25/2021-01-31,2021-01-25,2021-01-31,2021-01-29,5564.12,5655.48,5288.1,5351.97,881806832.0,5,-0.03910567383271857
2021-02-01/2021-02-07,2021-02-01,2021-02-07,2021-02-05,5356.85,5550.77,5342.05,5483.41,889853840.0,5,0.024559181011851727
2021-02-08/2021-02-14,2021-02-08,2021-02-14,2021-02-10,5506.14,5823.42,5479.85,5807.72,499090832.0,3,0.0591438539157203
2021-02-15/2021-02-21,2021-02-15,2021-02-21,2021-02-19,5922.07,5930.91,5667.32,5778.84,433324464.0,2,-0.004972691520941153
2021-02-22/2021-02-28,2021-02-22,2021-02-28,2021-02-26,5785.51,5785.51,5318.86,5336.76,1184361296.0,5,-0.0764997819631621
2021-03-01/2021-03-07,2021-03-01,2021-03-07,2021-03-05,5389.25,5454.97,5174.25,5262.8,984086864.0,5,-0.013858595852164979
2021-03-08/2021-03-14,2021-03-08,2021-03-14,2021-03-08,5262.8,5262.8,5262.8,5262.8,0.0,1,0.0
