date,y_price,x_price,fitted_y,spread,z_score,signal
2015-01-05,11.89,7.68,9.96030527656846,1.92969472343154,2.0347444400191086,价差过大：做空Y、做多X
2015-01-06,11.69,8.32,10.619374403981762,1.0706255960182371,1.1289088643857434,观望
2015-01-07,12.39,7.91,10.197158244232615,2.192841755767386,2.3122168062184265,价差过大：做空Y、做多X
2015-01-08,12.21,7.79,10.073582782842621,2.13641721715738,2.252720599474808,价差过大：做空Y、做多X
2015-01-09,12.07,7.62,9.898517545873464,2.1714824541265365,2.2896947358988666,价差过大：做空Y、做多X
2015-01-12,11.62,7.33,9.599876847514311,2.020123152485688,2.130095658532256,价差过大：做空Y、做多X
2015-01-13,11.64,7.38,9.651366623093475,1.9886333769065256,2.0968916263093726,价差过大：做空Y、做多X
2015-01-14,11.31,7.39,9.661664578209308,1.6483354217906925,1.7380683556054481,观望
2015-01-15,12.29,7.62,9.898517545873464,2.3914824541265354,2.5216712093631055,价差过大：做空Y、做多X
2015-01-16,12.6,7.78,10.063284827726788,2.5367151722732117,2.674810181123524,价差过大：做空Y、做多X
2015-01-19,11.44,7.11,9.373321834965989,2.066678165034011,2.1791850568642714,价差过大：做空Y、做多X
2015-01-20,11.83,7.28,9.548387071935146,2.2816129280648543,2.40582054937685,价差过大：做空Y、做多X
2015-01-21,12.69,7.49,9.764644129367637,2.9253558706323624,3.0846079022600486,价差过大：做空Y、做多X
2015-01-22,12.63,7.58,9.857325725410131,2.7726742745898694,2.923614546747188,价差过大：做空Y、做多X
2015-01-23,12.82,7.45,9.723452308904305,3.0965476910956955,3.265119151337355,价差过大：做空Y、做多X
2015-01-26,13.09,7.57,9.847027770294298,3.2429722297057015,3.4195148244981626,价差过大：做空Y、做多X
2015-01-27,12.61,7.7,9.980901186800127,2.6290988131998727,2.7722230503414944,价差过大：做空Y、做多X
2015-01-28,12.25,7.69,9.970603231684294,2.2793967683157064,2.4034837451803015,价差过大：做空Y、做多X
2015-01-29,11.98,7.4,9.671962533325141,2.3080374666748593,2.433683600648071,价差过大：做空Y、做多X
2015-01-30,11.64,7.47,9.744048219135971,1.8959517808640296,1.999164581741302,观望
2015-02-02,11.22,7.26,9.52779116170348,1.692208838296521,1.784330175786584,观望
2015-02-03,11.69,7.34,9.610174802630143,2.079825197369857,2.193047794126953,价差过大：做空Y、做多X
2015-02-04,11.41,7.2,9.466003431008485,1.9439965689915155,2.0498248568238053,价差过大：做空Y、做多X
2015-02-05,11.15,7.09,9.352725924734322,1.797274075265678,1.8951150083129011,观望
2015-02-06,10.89,6.95,9.208554553112663,1.6814454468873379,1.7729808413246857,观望
2015-02-09,11.03,6.85,9.105575001954334,1.9244249980456658,2.0291878386048356,价差过大：做空Y、做多X
2015-02-10,11.23,6.97,9.229150463344329,2.0008495366556716,2.1097728156633844,价差过大：做空Y、做多X
2015-02-11,11.16,7.03,9.290938194039326,1.8690618059606745,1.9708107565157462,观望
2015-02-12,11.18,7.03,9.290938194039326,1.889061805960674,1.9918995268306767,观望
2015-02-13,11.18,7.24,9.507195251471815,1.6728047485281845,1.7638697561718464,观望
2015-02-16,11.07,7.38,9.651366623093475,1.4186333769065254,1.49586167233384,观望
2015-02-17,11.08,7.38,9.651366623093475,1.4286333769065251,1.5064060574913052,观望
2015-02-25,11.23,7.61,9.88821959075763,1.3417804092423697,1.4148249431793303,观望
2015-02-26,11.34,7.79,10.073582782842621,1.2664172171573789,1.3353590907753106,观望
2015-02-27,11.42,7.76,10.042688917495122,1.3773110825048782,1.4522898535577253,观望
2015-03-02,11.32,8.05,10.341329615854276,0.9786703841457243,1.0319477472637317,观望
2015-03-03,10.93,8.35,10.65026826932926,0.27973173067073986,0.29495991089567847,观望
2015-03-04,10.92,8.24,10.5369907630551,0.3830092369449005,0.4038596913214092,观望
2015-03-05,10.71,8.2,10.495798942591767,0.2142010574082338,0.22586184504488963,观望
2015-03-06,10.77,7.93,10.21775415446428,0.5522458455357189,0.5823092896938912,观望
2015-03-09,10.89,8.01,10.300137795390944,0.5898622046090569,0.621973427522971,观望
2015-03-10,10.77,7.92,10.207456199348448,0.562543800651552,0.5931678502014548,观望
2015-03-11,10.75,7.79,10.073582782842621,0.676417217157379,0.7132403664848476,观望
2015-03-12,11.03,7.87,10.155966423769284,0.8740335762307154,0.9216146668333732,观望
2015-03-13,11.06,7.95,10.238350064695947,0.8216499353040536,0.8663793382452638,观望
2015-03-16,11.2,8.2,10.495798942591767,0.7042010574082322,0.7425367177606964,观望
2015-03-17,11.48,8.22,10.516394852823433,0.9636051471765672,1.0160623811546037,观望
2015-03-18,11.65,8.34,10.639970314213427,1.0100296857865736,1.0650142027407572,观望
2015-03-19,11.64,8.26,10.557586673286764,1.0824133267132368,1.141338301643799,观望
2015-03-20,11.68,8.37,10.670864179560924,1.0091358204390755,1.064071676690464,观望
2015-03-23,11.8,8.67,10.979802833035912,0.8201971669640891,0.864847483353148,观望
2015-03-24,11.59,8.9,11.216655800700067,0.37334419929993246,0.39366850337241455,观望
2015-03-25,11.33,9.07,11.391721037669225,-0.06172103766922454,-0.0650810393502634,接近均值：平仓观察
2015-03-26,11.99,8.77,11.082782384194239,0.9072176158057612,0.9566051962693591,观望
2015-03-27,11.7,8.84,11.154868070005069,0.5451319299949304,0.5748081031499159,观望
2015-03-30,11.88,8.99,11.309337396742562,0.5706626032574391,0.6017286283708457,观望
2015-03-31,11.73,8.89,11.206357845584234,0.5236421544157661,0.5521484560844955,观望
2015-04-01,11.86,8.98,11.29903944162673,0.5609605583732691,0.5914984185634751,观望
2015-04-02,11.91,9.29,11.618276050217546,0.29172394978245464,0.3076049686163424,观望
2015-04-03,11.84,9.24,11.566786274638384,0.27321372536161626,0.28808707505189807,观望
2015-04-07,12.27,9.33,11.659467870680878,0.6105321293191217,0.6437685922548446,观望
2015-04-08,12.51,9.09,11.41231694790089,1.097683052099109,1.1574392882155355,观望
2015-04-09,12.39,8.79,11.103378294425903,1.2866217055740972,1.3566634815528533,观望
2015-04-10,12.46,9.05,11.37112512743756,1.0888748725624406,1.1481516044584619,观望
2015-04-13,12.69,9.23,11.55648831952255,1.133511680477449,1.195218373944027,观望
2015-04-14,12.51,9.29,11.618276050217546,0.8917239497824543,0.9402680780642707,观望
2015-04-15,12.47,9.73,12.071386075314193,0.39861392468580803,0.42031387510162005,观望
2015-04-16,13.01,10.7,13.070287721549978,-0.060287721549977746,-0.0635696956288892,接近均值：平仓观察
2015-04-17,13.38,10.76,13.132075452244974,0.24792454775502648,0.26142119215195475,观望
2015-04-20,12.8,10.1,12.452410414600006,0.3475895853999944,0.3665118465181385,观望
2015-04-21,12.99,10.41,12.771647023190825,0.2183529768091752,0.23023978877551757,观望
2015-04-22,13.22,10.54,12.905520439696652,0.314479560303349,0.33159936079890073,观望
2015-04-23,13.34,10.35,12.709859292495828,0.6301407075041716,0.6644446323321888,观望
2015-04-24,13.32,10.74,13.11147954201331,0.2085204579866904,0.2198720022222867,观望
2015-04-27,14.65,10.65,13.018797945970814,1.6312020540291865,1.720002272733266,观望
2015-04-28,14.33,11.15,13.533695701762456,0.7963042982375441,0.8396539223162028,观望
2015-04-29,13.71,10.9,13.276246823866636,0.43375317613336506,0.45736605524242685,观望
2015-04-30,13.39,10.63,12.99820203573915,0.3917979642608511,0.4131268639077413,观望
2015-05-04,13.5,10.66,13.029095901086647,0.47090409891335305,0.496539419117172,观望
2015-05-05,13.01,9.91,12.256749267399183,0.7532507326008169,0.7942565844686156,观望
2015-05-06,12.61,9.6,11.937512658808364,0.6724873411916352,0.7090965539044606,观望
2015-05-07,12.17,9.16,11.48440263371172,0.6855973662882793,0.722920269308766,观望
2015-05-08,12.41,9.45,11.783043332070871,0.6269566679291287,0.6610872583686023,观望
2015-05-11,12.66,9.85,12.194961536704186,0.465038463295814,0.490354467002704,观望
2015-05-12,12.69,10.02,12.370026773673343,0.31997322632665615,0.33739209384652397,观望
2015-05-13,12.43,9.81,12.153769716240856,0.27623028375914416,0.29126785041125014,观望
2015-05-14,12.47,9.95,12.297941087862513,0.17205891213748714,0.1814255439352281,接近均值：平仓观察
2015-05-15,12.11,9.51,11.84483106276587,0.2651689372341295,0.27960434059925543,观望
2015-05-18,11.79,9.42,11.752149466723374,0.03785053327662524,0.039911060128430535,接近均值：平仓观察
2015-05-19,12.19,9.73,12.071386075314193,0.11861392468580689,0.12507109069258554,接近均值：平仓观察
2015-05-20,12.17,9.88,12.225855402051685,-0.05585540205168549,-0.058896087235795425,接近均值：平仓观察
2015-05-21,12.22,10.16,12.514198145295005,-0.2941981452950042,-0.31021385566024096,观望
2015-05-22,12.64,10.56,12.926116349928318,-0.28611634992831725,-0.30169209934922425,观望
2015-05-25,12.98,10.78,13.15267136247664,-0.17267136247664006,-0.18207133516179197,接近均值：平仓观察
2015-05-26,13.05,10.85,13.22475704828747,-0.17475704828746963,-0.18427056261247673,接近均值：平仓观察
2015-05-27,13.35,11.68,14.079487322901596,-0.7294873229015959,-0.7691995300162708,观望
2015-05-28,12.2,10.51,12.874626574349154,-0.6746265743491549,-0.7113522437398904,观望
2015-05-29,11.92,10.17,12.524496100410838,-0.604496100410838,-0.6374039708917696,观望
2015-06-01,12.4,10.67,13.03939385620248,-0.6393938562024797,-0.6742015087115937,观望
2015-06-02,12.37,11.32,13.708760938731615,-1.3387609387316157,-1.4116410971756093,观望
2015-06-03,12.35,11.07,13.451312060835793,-1.1013120608357934,-1.1612658548014552,观望
2015-06-04,12.61,12.05,14.460511662187413,-1.8505116621874134,-1.9512507704485627,观望
2015-06-05,12.82,12.1,14.512001437766575,-1.6920014377665744,-1.784111484679601,观望
2015-06-08,13.33,12.24,14.656172809388236,-1.3261728093882361,-1.3983676887547505,观望
2015-06-09,13.18,11.96,14.367830066144917,-1.187830066144917,-1.2524937719049594,观望
2015-06-10,12.98,11.87,14.275148470102419,-1.2951484701024185,-1.3656544304861957,观望
2015-06-11,12.91,12.4,14.820940091241562,-1.910940091241562,-2.0149688334893145,价差过小：做多Y、做空X
2015-06-12,12.96,12.33,14.74885440543073,-1.7888544054307296,-1.8862369841490412,观望
2015-06-15,12.6,12.65,15.078388969137382,-2.4783889691373826,-2.613308786059828,价差过小：做多Y、做空X
2015-06-16,12.09,11.94,14.34723415591325,-2.2572341559132507,-2.3801146330535694,价差过小：做多Y、做空X
2015-06-17,12.28,12.22,14.63557689915657,-2.3555768991565706,-2.4838110092734995,价差过小：做多Y、做空X
2015-06-18,11.8,11.89,14.295744380334087,-2.495744380334086,-2.631609000082251,价差过小：做多Y、做空X
2015-06-19,11.17,10.7,13.070287721549978,-1.9002877215499776,-2.0037365646025367,价差过小：做多Y、做空X
2015-06-23,11.49,10.93,13.307140689214133,-1.817140689214133,-1.9160631312375989,观望
2015-06-24,11.82,11.38,13.770548669426612,-1.9505486694266114,-2.0567336438815893,价差过小：做多Y、做空X
2015-06-25,11.32,10.8,13.173267272708307,-1.8532672727083064,-1.9541563923161887,观望
2015-06-26,10.53,9.72,12.06108812019836,-1.5310881201983602,-1.6144382849391203,观望
2015-06-29,10.95,8.75,11.062186473962573,-0.11218647396257353,-0.11829373909192425,接近均值：平仓观察
2015-06-30,11.33,9.57,11.906618793460867,-0.5766187934608666,-0.6080090647284309,观望
2015-07-01,10.74,8.92,11.237251710931732,-0.4972517109317316,-0.524321356027276,观望
2015-07-02,11.68,8.14,10.43401121189677,1.2459887881032294,1.3138185683644197,观望
2015-07-03,11.83,7.33,9.599876847514311,2.230123152485689,2.351527746839032,价差过大：做空Y、做多X
2015-07-06,13.01,7.29,9.558685027050979,3.451314972949021,3.6391994374502126,价差过大：做空Y、做多X
2015-07-07,13.56,6.56,8.806934303595181,4.7530656964048195,5.0118155381629395,价差过大：做空Y、做多X
2015-07-08,12.33,5.9,8.127269265950215,4.202730734049785,4.431521157293865,价差过大：做空Y、做多X
2015-07-09,12.87,6.49,8.734848617784353,4.135151382215646,4.360262885850762,价差过大：做空Y、做多X
2015-07-10,13.09,7.14,9.404215700313486,3.6857842996865138,3.886432926323387,价差过大：做空Y、做多X
2015-07-13,12.53,7.85,10.135370513537618,2.3946294864623816,2.5249895614683218,价差过大：做空Y、做多X
2015-07-14,12.29,7.79,10.073582782842621,2.216417217157378,2.33707568073453,价差过大：做空Y、做多X
2015-07-15,13.52,7.01,9.27034228380766,4.24965771619234,4.481002774692725,价差过大：做空Y、做多X
2015-07-16,13.4,7.17,9.435109565660985,3.964890434339015,4.1807331846821265,价差过大：做空Y、做多X
2015-07-17,13.17,7.7,9.980901186800127,3.189098813199873,3.3627086191595614,价差过大：做空Y、做多X
2015-07-20,13.73,7.76,10.042688917495122,3.6873110825048787,3.888042824932251,价差过大：做空Y、做多X
2015-07-21,13.48,8.01,10.300137795390944,3.1798622046090568,3.3529691833065294,价差过大：做空Y、做多X
2015-07-22,13.63,8.02,10.310435750506775,3.319564249493226,3.50027640016095,价差过大：做空Y、做多X
2015-07-23,13.66,8.31,10.60907644886593,3.050923551134071,3.217011300914007,价差过大：做空Y、做多X
2015-07-24,13.68,7.99,10.279541885159277,3.4004581148407222,3.5855740074709654,价差过大：做空Y、做多X
2015-07-27,12.37,7.19,9.455705475892652,2.9142945241073477,3.0729443924480537,价差过大：做空Y、做多X
2015-07-28,11.85,6.99,9.249746373575995,2.6002536264240046,2.741807574411116,价差过大：做空Y、做多X
2015-07-29,11.65,7.49,9.764644129367637,1.8853558706323632,1.9879918458836399,观望
2015-07-30,11.71,7.19,9.455705475892652,2.2542945241073493,2.377014972055334,价差过大：做空Y、做多X
2015-07-31,11.09,7.3,9.568982982166812,1.5210170178331879,1.6038189267092775,观望
2015-08-03,10.57,7.73,10.011795052147624,0.5582049478523761,0.5885927966958491,观望
2015-08-04,10.82,8.06,10.351627570970107,0.46837242902989296,0.4938699288828961,观望
2015-08-05,10.63,7.98,10.269243930043446,0.3607560699565546,0.3803950949515577,观望
2015-08-06,10.48,7.92,10.207456199348448,0.2725438006515528,0.2873806806349568,观望
2015-08-07,10.67,8.12,10.413415301665104,0.25658469833489583,0.27055278847553377,观望
2015-08-10,11.07,8.43,10.732651910255923,0.3373480897440775,0.3557128190396887,观望
2015-08-11,11.15,8.39,10.691460089792592,0.45853991020740814,0.4835021423296652,观望
2015-08-12,10.99,8.18,10.4752030323601,0.5147969676398993,0.5428217504690496,观望
2015-08-13,11.01,8.39,10.691460089792592,0.3185399102074076,0.3358807501251479,观望
2015-08-14,10.98,8.29,10.588480538634261,0.3915194613657391,0.4128331997283883,观望
2015-08-17,10.81,8.46,10.763545775603422,0.046454224396578425,0.04898312342289572,接近均值：平仓观察
2015-08-18,11.13,7.61,9.88821959075763,1.24178040924237,1.309381091604676,观望
2015-08-19,10.79,7.85,10.135370513537618,0.6546294864623814,0.6902665440693287,观望
2015-08-20,10.32,7.5,9.774942084483468,0.5450579155165318,0.5747300594331696,观望
2015-08-21,10.0,7.04,9.301236149155159,0.6987638508448413,0.736803517742187,观望
2015-08-24,9.51,6.34,8.580379291046858,0.9296207089531414,0.9802278805558144,观望
2015-08-25,8.56,5.71,7.93160811874939,0.6283918812506109,0.6626006025730855,观望
2015-08-26,8.58,5.44,7.653563330621903,0.9264366693780968,0.9768705065922261,观望
2015-08-27,8.78,5.8,8.024289714791886,0.7557102852081137,0.7968500314692541,观望
2015-08-28,9.14,6.2,8.4362079194252,0.7037920805748001,0.7421054768354776,观望
2015-08-31,8.94,6.33,8.570081335931027,0.36991866406897245,0.3900564870878436,观望
2015-09-01,9.21,6.36,8.600975201278525,0.6090247987214763,0.642179204816724,观望
2015-09-02,8.75,6.38,8.62157111151019,0.12842888848980927,0.13542036655818387,接近均值：平仓观察
2015-09-07,8.63,6.26,8.497995650120195,0.13200434987980536,0.13919047075936045,接近均值：平仓观察
2015-09-08,8.7,6.48,8.72455066266852,-0.024550662668520573,-0.02588716430477851,接近均值：平仓观察
2015-09-09,9.01,6.64,8.889317944521844,0.1206820554781558,0.12725180745563963,接近均值：平仓观察
2015-09-10,8.84,6.51,8.755444528016017,0.0845554719839825,0.08915854637704981,接近均值：平仓观察
2015-09-11,8.81,6.52,8.76574248313185,0.04425751686815005,0.046666830397090436,接近均值：平仓观察
2015-09-14,8.5,5.87,8.096375400602716,0.40362459939728446,0.425597323507278,观望
2015-09-15,8.48,5.44,7.653563330621903,0.8264366693780971,0.8714266550175717,观望
2015-09-16,8.76,5.98,8.209652906876878,0.550347093123122,0.5803071720181824,观望
2015-09-17,8.57,5.72,7.941906073865223,0.6280939261347775,0.6622864272229871,观望
2015-09-18,8.42,5.79,8.013991759676053,0.40600824032394733,0.4281107263080612,观望
2015-09-21,8.47,5.97,8.199354951761045,0.27064504823895597,0.285378562959248,观望
2015-09-22,8.55,5.99,8.21995086199271,0.33004913800728986,0.3480165232038447,观望
2015-09-23,8.36,5.81,8.034587669907719,0.32541233009228065,0.34312729434814054,观望
2015-09-24,8.4,5.87,8.096375400602716,0.3036245993972848,0.3201534719326236,观望
2015-09-25,8.53,5.95,8.178759041529378,0.35124095847062087,0.37036199491916677,观望
2015-09-28,8.43,5.92,8.14786517618188,0.2821348238181205,0.2974938248672032,观望
2015-09-29,8.26,5.74,7.962501984096889,0.29749801590311087,0.3136933663264296,观望
2015-09-30,8.23,5.73,7.952204028981056,0.2777959710189446,0.29291877136159744,观望
2015-10-08,8.44,5.94,8.168461086413545,0.2715389135864541,0.28632108900954123,观望
2015-10-09,8.52,6.05,8.281738592687706,0.23826140731229373,0.25123200468606915,观望
2015-10-12,8.77,6.37,8.611273156394358,0.15872684360564193,0.167367697380678,接近均值：平仓观察
2015-10-13,8.68,6.4,8.642167021741857,0.0378329782581428,0.03989254944079801,接近均值：平仓观察
2015-10-14,8.73,6.31,8.54948542569936,0.18051457430063955,0.1903415197961968,接近均值：平仓观察
2015-10-15,8.82,6.52,8.76574248313185,0.054257516868149835,0.05721121555455569,接近均值：平仓观察
2015-10-16,8.95,7.17,9.435109565660985,-0.48510956566098606,-0.5115182103900121,观望
2015-10-19,8.9,7.8,10.083880737958454,-1.1838807379584537,-1.248329448153829,观望
2015-10-20,8.97,7.62,9.898517545873464,-0.9285175458734631,-0.979064662915431,观望
2015-10-21,8.92,6.88,9.136468867301833,-0.2164688673018329,-0.2282531111430706,观望
2015-10-22,8.82,7.2,9.466003431008485,-0.6460034310084843,-0.681170898959753,观望
2015-10-23,8.83,7.56,9.836729815178465,-1.0067298151784652,-1.0615346920745665,观望
2015-10-26,8.89,7.53,9.805835949830968,-0.9158359498309672,-0.9656926996070843,观望
2015-10-27,8.81,7.43,9.702856398672639,-0.8928563986726381,-0.9414621757911739,观望
2015-10-28,8.79,7.97,10.258945974927611,-1.4689459749276121,-1.5489132135145263,观望
2015-10-29,8.82,7.86,10.14566846865345,-1.3256684686534506,-1.3978358924589327,观望
2015-10-30,8.75,7.87,10.155966423769284,-1.405966423769284,-1.482505149068755,观望
2015-11-02,8.53,7.44,9.713154353788472,-1.1831543537884723,-1.247563520707772,观望
2015-11-03,8.47,7.37,9.641068667977642,-1.1710686679776412,-1.2348199080996203,观望
2015-11-04,8.74,7.8,10.083880737958454,-1.3438807379584539,-1.4170396106732768,观望
2015-11-05,8.98,7.88,10.166264378885117,-1.1862643788851166,-1.2508428509546121,观望
2015-11-06,9.1,8.0,10.28983984027511,-1.189839840275111,-1.254612955155787,观望
2015-11-09,9.24,7.88,10.166264378885117,-0.9262643788851168,-0.97668883686051,观望
2015-11-10,9.26,7.84,10.125072558421785,-0.8650725584217849,-0.912165824515325,观望
2015-11-11,9.2,7.82,10.10447664819012,-0.904476648190121,-0.9537150144449931,观望
2015-11-12,9.11,7.78,10.063284827726788,-0.9532848277267885,-1.0051802388319278,观望
2015-11-13,8.94,7.87,10.155966423769284,-1.2159664237692844,-1.2821618310769114,观望
2015-11-16,8.98,8.29,10.588480538634261,-1.6084805386342609,-1.696043831764707,观望
2015-11-17,9.04,8.17,10.46490507724427,-1.4249050772442704,-1.502474794729158,观望
2015-11-18,9.05,7.85,10.135370513537618,-1.085370513537617,-1.1444564733296627,观望
2015-11-19,9.04,8.08,10.372223481201774,-1.3322234812017744,-1.4047477501610872,观望
2015-11-20,8.99,8.05,10.341329615854276,-1.3513296158542758,-1.4248939944257246,观望
2015-11-23,8.92,7.83,10.114774603305952,-1.1947746033059516,-1.2598163593615874,观望
2015-11-24,8.91,7.92,10.207456199348448,-1.2974561993484475,-1.3680877890871235,观望
2015-11-25,8.98,8.05,10.341329615854276,-1.3613296158542756,-1.4354383795831898,观望
2015-11-26,8.97,7.89,10.176562334000948,-1.2065623340009477,-1.2722457966196392,观望
2015-11-27,8.46,7.23,9.496897296355982,-1.0368972963559813,-1.0933444461511985,观望
2015-11-30,8.4,7.37,9.641068667977642,-1.2410686679776415,-1.308630604201879,观望
2015-12-01,8.41,7.43,9.702856398672639,-1.2928563986726385,-1.3632375820897933,观望
2015-12-02,8.64,7.37,9.641068667977642,-1.0010686679776413,-1.055565360422707,观望
2015-12-03,8.82,7.44,9.713154353788472,-0.8931543537884714,-0.9417763511412722,观望
2015-12-04,8.58,7.3,9.568982982166812,-0.9889829821668119,-1.0428217478145572,观望
2015-12-07,8.55,7.31,9.579280937282645,-1.0292809372826444,-1.0853134637945165,观望
2015-12-08,8.38,7.23,9.496897296355982,-1.1168972963559813,-1.1776995274109225,观望
2015-12-09,8.35,7.11,9.373321834965989,-1.023321834965989,-1.0790299567925605,观望
2015-12-10,8.33,7.04,9.301236149155159,-0.9712361491551587,-1.0241088035545476,观望
2015-12-11,8.3,6.93,9.187958642880997,-0.8879586428809958,-0.9362977934437455,观望
2015-12-14,8.43,7.14,9.404215700313486,-0.9742157003134864,-1.0272505570555257,观望
2015-12-15,8.37,7.2,9.466003431008485,-1.0960034310084854,-1.1556682310457007,观望
2015-12-16,8.46,7.18,9.445407520776818,-0.9854075207768176,-1.0390516436133823,观望
2015-12-17,8.48,7.32,9.589578892398478,-1.1095788923984777,-1.1699827204043387,观望
2015-12-18,8.48,7.27,9.538089116819313,-1.0580891168193123,-1.1156899178665207,观望
2015-12-21,8.53,7.36,9.630770712861809,-1.1007707128618094,-1.160695036647265,观望
2015-12-22,8.52,7.37,9.641068667977642,-1.1210686679776423,-1.182097982312294,观望
2015-12-23,8.54,7.4,9.671962533325141,-1.131962533325142,-1.1935848935200541,观望
2015-12-24,8.48,7.29,9.558685027050979,-1.0786850270509785,-1.137407038881648,观望
2015-12-25,8.48,7.36,9.630770712861809,-1.1507707128618083,-1.2134169624345914,观望
2015-12-28,8.37,7.14,9.404215700313486,-1.0342157003134869,-1.090516868000319,观望
2015-12-29,8.42,7.19,9.455705475892652,-1.0357054758926516,-1.0920877447508088,观望
2015-12-30,8.41,7.23,9.496897296355982,-1.086897296355982,-1.1460663719385267,观望
2015-12-31,8.35,7.12,9.383619790081822,-1.033619790081822,-1.089888517300124,观望
2016-01-04,8.13,6.43,8.673060887089354,-0.5430608870893536,-0.5726243157424911,观望
2016-01-05,8.07,6.47,8.714252707552687,-0.6442527075526865,-0.6793248687175389,观望
2016-01-06,8.31,6.64,8.889317944521844,-0.5793179445218435,-0.610855153566943,观望
2016-01-07,7.83,6.03,8.261142682456041,-0.43114268245604137,-0.45461345016392296,观望
2016-01-08,7.99,6.18,8.415612009193534,-0.42561200919353404,-0.4487816952579256,观望
2016-01-11,7.7,5.78,8.00369380456022,-0.3036938045602193,-0.32022644452188936,观望
2016-01-12,7.76,5.87,8.096375400602716,-0.33637540060271576,-0.35468717814516754,观望
2016-01-13,7.61,5.68,7.900714253401892,-0.29071425340189183,-0.3065403058634461,观望
2016-01-14,7.63,5.82,8.044885625023552,-0.414885625023552,-0.43747138265440244,观望
2016-01-15,7.34,5.59,7.808032657359396,-0.46803265735939625,-0.49351166054694384,观望
2016-01-18,7.27,5.66,7.880118343170226,-0.6101183431702264,-0.6433322802021458,观望
2016-01-19,7.42,5.85,8.07577949037105,-0.6557794903710494,-0.6914791524838664,观望
2016-01-20,7.46,5.8,8.024289714791886,-0.5642897147918857,-0.5950088093161882,观望
2016-01-21,7.26,5.53,7.746244926664399,-0.48624492666439956,-0.5127153787612879,观望
2016-01-22,7.33,5.63,7.849224477822727,-0.5192244778227266,-0.5474902877346616,观望
2016-01-25,7.43,5.67,7.890416298286059,-0.46041629828605934,-0.48548067819026175,观望
2016-01-26,7.08,5.15,7.354922632262751,-0.2749226322627507,-0.28988901230825836,观望
2016-01-27,7.28,5.14,7.344624677146918,-0.06462467714691744,-0.06814274865138496,接近均值：平仓观察
2016-01-28,7.44,4.92,7.118069664598595,0.32193033540140537,0.33945574503445664,观望
2016-01-29,7.46,5.12,7.324028766915253,0.13597123308474668,0.1433733051981187,接近均值：平仓观察
2016-02-01,7.25,5.09,7.293134901567754,-0.043134901567754014,-0.045483101585965476,接近均值：平仓观察
2016-02-02,7.32,5.23,7.437306273189414,-0.11730627318941345,-0.12369225258959365,接近均值：平仓观察
2016-02-03,7.22,5.19,7.396114452726083,-0.1761144527260834,-0.18570186213399642,接近均值：平仓观察
2016-02-04,7.26,5.3,7.509391959000244,-0.2493919590002438,-0.26296848708733045,观望
2016-02-05,7.23,5.23,7.437306273189414,-0.2073062731894133,-0.21859171900678281,观望
2016-02-15,7.18,5.17,7.375518542494417,-0.19551854249441725,-0.20616228174873114,观望
2016-02-16,7.35,5.38,7.5917755999269065,-0.2417755999269069,-0.25493750473064836,观望
2016-02-17,7.52,5.49,7.705053106201069,-0.18505310620106918,-0.19512712263693316,接近均值：平仓观察
2016-02-18,7.43,5.43,7.64326537550607,-0.2132653755060705,-0.22487522600874063,观望
2016-02-19,7.42,5.46,7.6741592408535695,-0.25415924085356956,-0.26799529268889677,观望
2016-02-22,7.53,5.58,7.797734702243563,-0.26773470224356277,-0.28230978204753576,观望
2016-02-23,7.48,5.51,7.725649016432733,-0.24564901643273274,-0.2590217842819195,观望
2016-02-24,7.53,5.62,7.838926522706895,-0.30892652270689513,-0.3257440240777902,观望
2016-02-25,7.08,5.28,7.488796048768577,-0.40879604876857734,-0.43105029890658153,观望
2016-02-26,7.26,5.68,7.900714253401892,-0.6407142534018924,-0.6755937863747383,观望
2016-02-29,7.28,5.35,7.560881734579407,-0.280881734579407,-0.2961725193102152,观望
2016-03-01,7.32,5.8,8.024289714791886,-0.7042897147918854,-0.7426302015207046,观望
2016-03-02,7.54,6.01,8.240546772224375,-0.7005467722243752,-0.7386834987152945,观望
2016-03-03,7.58,5.92,8.14786517618188,-0.5678651761818791,-0.5987789135173619,观望
2016-03-04,7.82,5.75,7.972799939212722,-0.15279993921272172,-0.1611181411096145,接近均值：平仓观察
2016-03-07,7.78,5.94,8.168461086413545,-0.38846108641354515,-0.4096083313831795,观望
2016-03-08,7.82,5.87,8.096375400602716,-0.27637540060271526,-0.29142086720037413,观望
2016-03-09,7.8,5.68,7.900714253401892,-0.10071425340189233,-0.10619698787160253,接近均值：平仓观察
2016-03-10,7.69,5.61,7.828628567591062,-0.1386285675910619,-0.14617530105077878,接近均值：平仓观察
2016-03-11,7.69,5.66,7.880118343170226,-0.19011834317022558,-0.20046810358859496,观望
2016-03-14,7.75,5.79,8.013991759676053,-0.2639917596760526,-0.2783630792421258,观望
2016-03-15,7.79,5.81,8.034587669907719,-0.24458766990771874,-0.257902659627391,观望
2016-03-16,7.89,5.69,7.911012208517725,-0.02101220851772556,-0.022156081961977006,接近均值：平仓观察
2016-03-17,7.88,5.82,8.044885625023552,-0.16488562502355197,-0.17386175371776547,接近均值：平仓观察
2016-03-18,7.88,5.98,8.209652906876878,-0.32965290687687787,-0.34759872183877955,观望
2016-03-21,7.85,6.08,8.312632458035205,-0.4626324580352055,-0.4878174823868086,观望
2016-03-22,7.79,6.01,8.240546772224375,-0.4505467722243752,-0.4750738697786577,观望
2016-03-23,7.78,6.02,8.250844727340208,-0.4708447273402081,-0.49647681544368655,观望
2016-03-24,7.63,5.89,8.116971310834382,-0.48697131083438183,-0.5134813062073459,观望
2016-03-25,7.63,5.92,8.14786517618188,-0.5178651761818793,-0.5460569877300347,观望
2016-03-28,7.59,5.84,8.065481535255216,-0.4754815352552164,-0.5013660442993897,观望
2016-03-29,7.48,5.78,8.00369380456022,-0.5236938045602191,-0.5522029179861295,观望
2016-03-30,7.67,6.0,8.230248817108542,-0.5602488171085422,-0.5907479311606798,观望
2016-03-31,7.61,5.94,8.168461086413545,-0.5584610864135451,-0.5888628790600925,观望
2016-04-01,7.66,5.89,8.116971310834382,-0.4569713108343816,-0.48184815073494913,观望
2016-04-05,7.66,5.99,8.21995086199271,-0.5599508619927107,-0.5904337558105833,观望
2016-04-06,7.7,5.97,8.199354951761045,-0.4993549517610445,-0.5265390941655942,观望
2016-04-07,7.61,5.84,8.065481535255216,-0.45548153525521595,-0.4802772739844583,观望
2016-04-08,7.52,5.77,7.993395849444386,-0.47339584944438684,-0.49916681684870495,观望
2016-04-11,7.64,5.9,8.127269265950215,-0.48726926595021514,-0.5137954815574443,观望
2016-04-12,7.65,5.82,8.044885625023552,-0.3948856250235515,-0.416382612339471,观望
2016-04-13,7.79,5.92,8.14786517618188,-0.3578651761818792,-0.37734682521058704,观望
2016-04-14,7.77,5.98,8.209652906876878,-0.4396529068768782,-0.46358695857090015,观望
2016-04-15,7.75,5.9,8.127269265950215,-0.3772692659502148,-0.3978072448253236,观望
2016-04-18,7.59,5.78,8.00369380456022,-0.41369380456021965,-0.4362146812540099,观望
2016-04-19,7.65,5.81,8.034587669907719,-0.3845876699077184,-0.4055240518319074,观望
2016-04-20,7.59,5.56,7.777138792011897,-0.18713879201189698,-0.19732635008761606,接近均值：平仓观察
2016-04-21,7.57,5.46,7.6741592408535695,-0.1041592408535692,-0.10982951532691418,接近均值：平仓观察
2016-04-22,7.58,5.49,7.705053106201069,-0.1250531062010687,-0.13186081169213976,接近均值：平仓观察
2016-04-25,7.56,5.48,7.694755151085236,-0.13475515108523606,-0.14209102149950759,接近均值：平仓观察
2016-04-26,7.54,5.52,7.735946971548566,-0.19594697154856622,-0.20661403384469068,观望
2016-04-27,7.53,5.47,7.684457195969403,-0.15445719596940233,-0.16286561646433975,接近均值：平仓观察
2016-04-28,7.53,5.47,7.684457195969403,-0.15445719596940233,-0.16286561646433975,接近均值：平仓观察
2016-04-29,7.42,5.47,7.684457195969403,-0.26445719596940265,-0.27885385319646033,观望
2016-05-03,7.51,5.61,7.828628567591062,-0.3186285675910625,-0.335974233885158,观望
2016-05-04,7.46,5.59,7.808032657359396,-0.34803265735939615,-0.36697903865735804,观望
2016-05-05,7.46,5.63,7.849224477822727,-0.38922447782272673,-0.41041328068761057,观望
2016-05-06,7.34,5.45,7.663861285737736,-0.32386128573773654,-0.34149181344105706,观望
2016-05-09,7.2,5.31,7.519689914116077,-0.3196899141160765,-0.3370933585396865,观望
2016-05-10,7.19,5.33,7.540285824347743,-0.35028582434774247,-0.369354864712279,观望
2016-05-11,7.22,5.34,7.550583779463574,-0.3305837794635744,-0.348580269747445,观望
2016-05-12,7.2,5.3,7.509391959000244,-0.3093919590002434,-0.32623479803212296,观望
2016-05-13,7.19,5.3,7.509391959000244,-0.3193919590002432,-0.3367791831895882,观望
2016-05-16,7.2,5.33,7.540285824347743,-0.3402858243477427,-0.35881047955481377,观望
2016-05-17,7.24,5.33,7.540285824347743,-0.30028582434774265,-0.3166329389249518,观望
2016-05-18,7.2,5.27,7.478498093652744,-0.27849809365274414,-0.2936591165094321,观望
2016-05-19,7.18,5.24,7.447604228305247,-0.2676042283052471,-0.2821722053016746,观望
2016-05-20,7.21,5.27,7.478498093652744,-0.26849809365274435,-0.28311473135196685,观望
2016-05-23,7.2,5.3,7.509391959000244,-0.3093919590002434,-0.32623479803212296,观望
2016-05-24,7.22,5.22,7.427008318073581,-0.2070083180735809,-0.2182775436566854,观望
2016-05-25,7.19,5.23,7.437306273189414,-0.24730627318941334,-0.26076925963664477,观望
2016-05-26,7.22,5.23,7.437306273189414,-0.21730627318941398,-0.22913610416424898,观望
2016-05-27,7.2,5.21,7.4167103629577475,-0.21671036295774737,-0.22850775346405228,观望
2016-05-30,7.23,5.2,7.406412407841916,-0.1764124078419158,-0.18601603748409384,接近均值：平仓观察
2016-05-31,7.37,5.37,7.5814776448110734,-0.21147764481107334,-0.2229901739081533,观望
2016-06-01,7.32,5.35,7.560881734579407,-0.24088173457940698,-0.25399497868035326,观望
2016-06-02,7.33,5.37,7.5814776448110734,-0.2514776448110734,-0.26516771453801524,观望
2016-06-03,7.36,5.39,7.60207355504274,-0.2420735550427393,-0.2552516800807458,观望
2016-06-06,7.34,5.38,7.5917755999269065,-0.2517755999269067,-0.2654818898881136,观望
2016-06-07,7.33,5.37,7.5814776448110734,-0.2514776448110734,-0.26516771453801524,观望
2016-06-08,7.3,5.32,7.52998786923191,-0.22998786923190995,-0.24250806747259573,观望
2016-06-13,7.19,5.14,7.344624677146918,-0.1546246771469173,-0.1630422150685741,接近均值：平仓观察
2016-06-14,7.19,5.15,7.354922632262751,-0.1649226322627504,-0.17390077557613773,接近均值：平仓观察
2016-06-15,7.22,5.23,7.437306273189414,-0.21730627318941398,-0.22913610416424898,观望
2016-06-16,7.17,5.17,7.375518542494417,-0.20551854249441703,-0.2167066669061964,观望
2016-06-17,7.2,5.19,7.396114452726083,-0.19611445272608297,-0.20679063244892693,观望
2016-06-20,7.21,5.18,7.38581649761025,-0.1758164976102501,-0.18538768678389805,接近均值：平仓观察
2016-06-21,7.19,5.17,7.375518542494417,-0.18551854249441657,-0.19561789659126494,接近均值：平仓观察
2016-06-22,7.22,5.27,7.478498093652744,-0.25849809365274456,-0.2725703461945016,观望
2016-06-23,7.18,5.21,7.4167103629577475,-0.23671036295774783,-0.24959652377898373,观望
2016-06-24,7.12,5.14,7.344624677146918,-0.22462467714691758,-0.23685291117083276,观望
2016-06-27,7.14,5.18,7.38581649761025,-0.24581649761025037,-0.2591983828861567,观望
2016-06-28,7.19,5.23,7.437306273189414,-0.24730627318941334,-0.26076925963664477,观望
2016-06-29,7.22,5.27,7.478498093652744,-0.25849809365274456,-0.2725703461945016,观望
2016-06-30,7.23,5.28,7.488796048768577,-0.258796048768577,-0.272884521544599,观望
2016-07-01,7.22,5.26,7.468200138536911,-0.24820013853691147,-0.261711785686938,观望
2016-07-04,7.29,5.34,7.550583779463574,-0.26058377946357414,-0.2747695736451864,观望
2016-07-05,7.3,5.37,7.5814776448110734,-0.2814776448110736,-0.29680087001041194,观望
2016-07-06,7.27,5.4,7.612371510158573,-0.34237151015857314,-0.3610097070054995,观望
2016-07-07,7.29,5.39,7.60207355504274,-0.3120735550427396,-0.32906237618300443,观望
2016-07-08,7.25,5.39,7.60207355504274,-0.3520735550427396,-0.3712399168128664,观望
2016-07-11,7.28,5.37,7.5814776448110734,-0.3014776448110732,-0.31788964032534245,观望
2016-07-12,7.37,5.45,7.663861285737736,-0.2938612857377363,-0.30985865796866036,观望
2016-07-13,7.41,5.55,7.766840836896064,-0.3568408368960636,-0.37626672241443077,观望
2016-07-14,7.37,5.52,7.735946971548566,-0.36594697154856615,-0.38586858152160375,观望
2016-07-15,7.38,5.48,7.694755151085236,-0.3147551510852358,-0.3318899543338859,观望
2016-07-18,7.38,5.43,7.64326537550607,-0.2632653755060703,-0.27759715179606786,观望
2016-07-19,7.35,5.44,7.653563330621903,-0.30356333062190366,-0.3200888677760282,观望
2016-07-20,7.32,5.44,7.653563330621903,-0.333563330621903,-0.35172202324842394,观望
2016-07-21,7.34,5.5,7.7153510613169,-0.3753510613169002,-0.3957846159788732,观望
2016-07-22,7.29,5.42,7.632967420390237,-0.3429674203902371,-0.3616380577056934,观望
2016-07-25,7.28,5.44,7.653563330621903,-0.37356333062190306,-0.3938995638782859,观望
2016-07-26,7.33,5.52,7.735946971548566,-0.4059469715485662,-0.4280461221514657,观望
2016-07-27,7.23,5.35,7.560881734579407,-0.33088173457940684,-0.3488944450975424,观望
2016-07-28,7.22,5.4,7.612371510158573,-0.39237151015857297,-0.4137316327928267,观望
2016-07-29,7.22,5.53,7.746244926664399,-0.5262449266643996,-0.5548929193911498,观望
2016-08-01,7.22,5.44,7.653563330621903,-0.43356333062190355,-0.45716587482307924,观望
2016-08-02,7.24,5.58,7.797734702243563,-0.5577347022435628,-0.5880969516140346,观望
2016-08-03,7.22,5.6,7.818330612475229,-0.5983306124752295,-0.6309028429440933,观望
2016-08-04,7.24,5.59,7.808032657359396,-0.5680326573593959,-0.5989555121215981,观望
2016-08-05,7.24,5.5,7.7153510613169,-0.47535106131689986,-0.5012284675535276,观望
2016-08-08,7.26,5.65,7.869820388054393,-0.6098203880543931,-0.6430181048520475,观望
2016-08-09,7.28,5.78,8.00369380456022,-0.7236938045602193,-0.7630906211354392,观望
2016-08-10,7.27,5.72,7.941906073865223,-0.6719060738652232,-0.7084836432475257,观望
2016-08-11,7.3,5.59,7.808032657359396,-0.5080326573593963,-0.5356892011768057,观望
2016-08-12,7.34,5.68,7.900714253401892,-0.5607142534018923,-0.5912387051150144,观望
2016-08-15,7.45,5.8,8.024289714791886,-0.5742897147918855,-0.6055531944736534,观望
2016-08-16,7.42,5.9,8.127269265950215,-0.7072692659502149,-0.7457719550216844,观望
2016-08-17,7.42,5.9,8.127269265950215,-0.7072692659502149,-0.7457719550216844,观望
2016-08-18,7.39,5.86,8.086077445486882,-0.6960774454868828,-0.7339708684638266,观望
2016-08-19,7.41,5.89,8.116971310834382,-0.7069713108343816,-0.745457779671586,观望
2016-08-22,7.42,5.75,7.972799939212722,-0.5527999392127221,-0.582893547408234,观望
2016-08-23,7.42,5.75,7.972799939212722,-0.5527999392127221,-0.582893547408234,观望
2016-08-24,7.43,5.76,7.983097894328553,-0.5530978943285536,-0.5832077227583304,观望
2016-08-25,7.41,5.76,7.983097894328553,-0.5730978943285532,-0.6042964930732609,观望
2016-08-26,7.4,5.85,8.07577949037105,-0.675779490371049,-0.7125679227987969,观望
2016-08-29,7.42,6.02,8.250844727340208,-0.8308447273402084,-0.876074681112444,观望
2016-08-30,7.49,5.94,8.168461086413545,-0.6784610864135452,-0.7153955009496783,观望
2016-08-31,7.54,5.93,8.158163131297712,-0.6181631312977123,-0.6518150146547875,观望
2016-09-01,7.49,5.85,8.07577949037105,-0.5857794903710491,-0.6176684563816077,观望
2016-09-02,7.47,5.85,8.07577949037105,-0.6057794903710496,-0.6387572266965391,观望
2016-09-05,7.5,5.88,8.106673355718549,-0.6066733557185486,-0.6396997527468333,观望
2016-09-06,7.49,6.1,8.333228368266871,-0.8432283682668711,-0.8891324690706923,观望
2016-09-07,7.49,6.25,8.487697695004364,-0.9976976950043639,-1.0520108766841427,观望
2016-09-08,7.46,6.23,8.467101784772698,-1.007101784772698,-1.0619269111414122,观望
2016-09-09,7.42,6.1,8.333228368266871,-0.9132283682668714,-0.962943165172951,观望
2016-09-12,7.31,6.0,8.230248817108542,-0.9202488171085426,-0.9703457968294373,观望
2016-09-13,7.29,6.1,8.333228368266871,-1.0432283682668713,-1.100020172220002,观望
2016-09-14,7.28,5.98,8.209652906876878,-0.9296529068768775,-0.9802618312867077,观望
2016-09-19,7.28,6.03,8.261142682456041,-0.9811426824560412,-1.034554633824524,观望
2016-09-20,7.27,6.14,8.374420188730202,-1.1044201887302023,-1.1645431845651861,观望
2016-09-21,7.26,6.08,8.312632458035205,-1.0526324580352053,-1.1099362066772716,观望
2016-09-22,7.26,6.09,8.322930413151038,-1.0629304131510384,-1.1207947671848353,观望
2016-09-23,7.27,6.07,8.302334502919372,-1.0323345029193725,-1.0885332610122427,观望
2016-09-26,7.19,5.84,8.065481535255216,-0.8754815352552159,-0.9231414505980082,观望
2016-09-27,7.21,5.83,8.055183580139385,-0.845183580139385,-0.891194119775516,观望
2016-09-28,7.19,5.81,8.034587669907719,-0.8445876699077184,-0.8905657690753193,观望
2016-09-29,7.23,5.8,8.024289714791886,-0.7942897147918853,-0.8375296679378937,观望
2016-09-30,7.22,5.78,8.00369380456022,-0.7836938045602198,-0.8263569320802326,观望
2016-10-10,7.29,5.94,8.168461086413545,-0.8784610864135454,-0.926283204098988,观望
2016-10-11,7.31,5.96,8.189056996645212,-0.879056996645212,-0.9269115547991847,观望
2016-10-12,7.3,6.05,8.281738592687706,-0.981738592687706,-1.035182984524719,观望
2016-10-13,7.28,6.21,8.446505874541032,-1.1665058745410315,-1.2300087229606633,观望
2016-10-14,7.3,6.19,8.425909964309367,-1.1259099643093675,-1.1872028316306076,观望
2016-10-17,7.26,6.04,8.271440637571875,-1.0114406375718747,-1.066501964647019,观望
2016-10-18,7.33,6.16,8.395016098961868,-1.065016098961868,-1.12299399463552,观望
2016-10-19,7.33,6.13,8.364122233614369,-1.0341222336143687,-1.090418313112829,观望
2016-10-20,7.34,6.12,8.353824278498537,-1.0138242784985376,-1.0690153674478022,观望
2016-10-21,7.36,6.08,8.312632458035205,-0.9526324580352048,-1.0044923551026161,观望
2016-10-24,7.43,6.17,8.405314054077701,-0.9753140540777014,-1.0284087035684293,观望
2016-10-25,7.39,6.15,8.384718143846035,-0.9947181438460353,-1.048869123183164,观望
2016-10-26,7.38,6.07,8.302334502919372,-0.9223345029193721,-0.9725450242801221,观望
2016-10-27,7.37,6.08,8.312632458035205,-0.942632458035205,-0.993947969945151,观望
2016-10-28,7.38,5.99,8.21995086199271,-0.839950861992711,-0.885676540219617,观望
2016-10-31,7.34,6.0,8.230248817108542,-0.8902488171085423,-0.9387126413570407,观望
2016-11-01,7.33,6.12,8.353824278498537,-1.0238242784985374,-1.0795597526052674,观望
2016-11-02,7.28,6.04,8.271440637571875,-0.9914406375718743,-1.0454131943320875,观望
2016-11-03,7.29,6.1,8.333228368266871,-1.0432283682668713,-1.100020172220002,观望
2016-11-04,7.26,6.07,8.302334502919372,-1.0423345029193722,-1.099077646169708,观望
2016-11-07,7.29,6.06,8.292036547803539,-1.002036547803539,-1.0565859301897476,观望
2016-11-08,7.32,6.15,8.384718143846035,-1.0647181438460347,-1.1226798192854217,观望
2016-11-09,7.28,6.05,8.281738592687706,-1.0017385926877056,-1.0562717548396494,观望
2016-11-10,7.34,6.12,8.353824278498537,-1.0138242784985376,-1.0690153674478022,观望
2016-11-11,7.4,6.17,8.405314054077701,-1.0053140540777008,-1.060041859040825,观望
2016-11-14,7.44,6.2,8.4362079194252,-0.9962079194252,-1.0504399999336538,观望
2016-11-15,7.42,6.26,8.497995650120195,-1.0779956501201955,-1.1366801332939631,观望
2016-11-16,7.43,6.25,8.487697695004364,-1.0576976950043644,-1.1152771876289362,观望
2016-11-17,7.42,6.22,8.456803829656865,-1.036803829656865,-1.0932458912637106,观望
2016-11-18,7.4,6.29,8.528889515467695,-1.1288895154676943,-1.1903445851315846,观望
2016-11-21,7.48,6.28,8.518591560351862,-1.0385915603518612,-1.095130943364297,观望
2016-11-22,7.67,6.34,8.580379291046858,-0.9103792910468584,-0.9599389884178333,观望
2016-11-23,7.59,6.26,8.497995650120195,-0.9079956501201956,-0.9574255856170502,观望
2016-11-24,7.55,6.21,8.446505874541032,-0.8965058745410319,-0.945310323709096,观望
2016-11-25,7.6,6.31,8.54948542569936,-0.9494854256993612,-1.001174002997403,观望
2016-11-28,7.67,6.38,8.62157111151019,-0.9515711115101908,-1.0033732304480878,观望
2016-11-29,7.77,6.35,8.590677246162691,-0.8206772461626919,-0.8653536973507425,观望
2016-11-30,7.62,6.32,8.559783380815194,-0.9397833808151939,-0.9909437931900351,观望
2016-12-01,7.76,6.28,8.518591560351862,-0.7585915603518618,-0.7998881589552643,观望
2016-12-02,7.86,6.16,8.395016098961868,-0.5350160989618677,-0.5641415812898494,观望
2016-12-05,7.64,6.12,8.353824278498537,-0.7138242784985378,-0.752683812723838,观望
2016-12-06,7.6,6.13,8.364122233614369,-0.7641222336143692,-0.8057199138612617,观望
2016-12-07,7.62,6.17,8.405314054077701,-0.785314054077701,-0.8280653855765847,观望
2016-12-08,7.58,6.13,8.364122233614369,-0.7841222336143687,-0.8268086841761922,观望
2016-12-09,7.65,6.09,8.322930413151038,-0.6729304131510379,-0.709563746043681,观望
2016-12-12,7.57,5.85,8.07577949037105,-0.5057794903710491,-0.5333133751218838,观望
2016-12-13,7.71,5.8,8.024289714791886,-0.3142897147918857,-0.3313991803795513,观望
2016-12-14,7.75,5.73,7.952204028981056,-0.20220402898105583,-0.21321171619674592,观望
2016-12-15,7.6,5.75,7.972799939212722,-0.37279993921272236,-0.3930946145738557,观望
2016-12-16,7.61,5.81,8.034587669907719,-0.42458766990771846,-0.4477015924617693,观望
2016-12-19,7.7,5.8,8.024289714791886,-0.3242897147918855,-0.34194356553701655,观望
2016-12-20,7.63,5.77,7.993395849444386,-0.3633958494443865,-0.3831785801165844,观望
2016-12-21,7.93,5.84,8.065481535255216,-0.13548153525521656,-0.1428569489455636,接近均值：平仓观察
2016-12-22,8.16,5.83,8.055183580139385,0.10481641986061518,0.11052247018370455,接近均值：平仓观察
2016-12-23,8.12,5.74,7.962501984096889,0.1574980159031103,0.1660719741219123,接近均值：平仓观察
2016-12-26,8.1,5.76,7.983097894328553,0.11690210567144632,0.12326608279185645,接近均值：平仓观察
2016-12-27,8.02,5.8,8.024289714791886,-0.004289714791886112,-0.004523240498121902,接近均值：平仓观察
2016-12-28,8.03,5.78,8.00369380456022,0.026306195439779856,0.027738265674470578,接近均值：平仓观察
2016-12-29,7.95,5.74,7.962501984096889,-0.01250198409688874,-0.013182573554999806,接近均值：平仓观察
2016-12-30,7.95,5.76,7.983097894328553,-0.033097894328553146,-0.03489969457012516,接近均值：平仓观察
2017-01-03,7.97,5.83,8.055183580139385,-0.0851835801393852,-0.08982084780813994,接近均值：平仓观察
2017-01-04,8.0,5.86,8.086077445486882,-0.08607744548688245,-0.09076337385843221,接近均值：平仓观察
2017-01-05,8.16,5.84,8.065481535255216,0.09451846474478387,0.09966390967614282,接近均值：平仓观察
2017-01-06,8.36,5.89,8.116971310834382,0.2430286891656177,0.25625881028763353,观望
2017-01-09,8.37,5.9,8.127269265950215,0.2427307340497844,0.25594463493753516,观望
2017-01-10,8.4,5.84,8.065481535255216,0.3345184647447841,0.35272915345531447,观望
2017-01-11,8.31,5.79,8.013991759676053,0.2960082403239479,0.3121224895759415,观望
2017-01-12,8.32,5.72,7.941906073865223,0.37809392613477755,0.39867679828635016,观望
2017-01-13,8.39,5.68,7.900714253401892,0.4892857465981084,0.5159217364188614,观望
2017-01-16,8.52,5.51,7.725649016432733,0.7943509835672664,0.8375942720944892,观望
2017-01-17,8.54,5.52,7.735946971548566,0.8040530284514329,0.8478244819018562,观望
2017-01-18,8.57,5.52,7.735946971548566,0.834053028451434,0.8794576373742538,观望
2017-01-19,8.5,5.53,7.746244926664399,0.7537550733356007,0.7947883807644316,观望
2017-01-20,8.45,5.59,7.808032657359396,0.6419673426406032,0.6769150919317236,观望
2017-01-23,8.52,5.61,7.828628567591062,0.6913714324089373,0.729008667018855,观望
2017-01-24,8.76,5.59,7.808032657359396,0.9519673426406037,1.003791031813154,观望
2017-01-25,8.74,5.62,7.838926522706895,0.9010734772931048,0.9501265799755326,观望
2017-01-26,8.65,5.63,7.849224477822727,0.8007755221772737,0.8443685530507817,观望
2017-02-03,8.58,5.6,7.818330612475229,0.7616693875247709,0.803133538471212,观望
2017-02-06,8.55,5.65,7.869820388054393,0.6801796119456078,0.7172075804610001,观望
2017-02-07,8.51,5.65,7.869820388054393,0.6401796119456069,0.6750300398311372,观望
2017-02-08,8.41,5.68,7.900714253401892,0.509285746598108,0.5370105067337919,观望
2017-02-09,8.43,5.75,7.972799939212722,0.4572000607872777,0.48208935349577897,观望
2017-02-10,8.44,5.76,7.983097894328553,0.4569021056714462,0.4817751781456825,观望
2017-02-13,8.41,5.78,8.00369380456022,0.40630619543978064,0.4284249016581595,观望
2017-02-14,8.39,5.83,8.055183580139385,0.3348164198606156,0.35304332880541095,观望
2017-02-15,8.42,5.76,7.983097894328553,0.4369021056714466,0.460686407830752,观望
2017-02-16,8.32,5.81,8.034587669907719,0.2854123300922815,0.30094975371827953,观望
2017-02-17,8.28,5.76,7.983097894328553,0.29690210567144604,0.31306501562623473,观望
2017-02-20,8.35,5.85,8.07577949037105,0.2742205096289503,0.2891486671604227,观望
2017-02-21,8.35,5.89,8.116971310834382,0.23302868916561792,0.2457144251301683,观望
2017-02-22,8.4,5.96,8.189056996645212,0.21094300335478877,0.222426427364553,观望
2017-02-23,8.29,6.02,8.250844727340208,0.039155272659790796,0.04128682758705169,接近均值：平仓观察
2017-02-24,8.26,6.02,8.250844727340208,0.009155272659791436,0.009653672114655931,接近均值：平仓观察
2017-02-27,8.21,5.99,8.21995086199271,-0.009950861992710003,-0.010492572149981368,接近均值：平仓观察
2017-02-28,8.23,5.99,8.21995086199271,0.01004913800728957,0.010596198164949137,接近均值：平仓观察
2017-03-01,8.25,6.0,8.230248817108542,0.01975118289145783,0.020826407972317905,接近均值：平仓观察
2017-03-02,8.18,5.93,8.158163131297712,0.021836868702287404,0.023025635423002677,接近均值：平仓观察
2017-03-03,8.04,5.92,8.14786517618188,-0.10786517618188007,-0.113737196273951,接近均值：平仓观察
2017-03-06,8.06,5.95,8.178759041529378,-0.118759041529378,-0.12522410748170945,接近均值：平仓观察
2017-03-07,8.09,5.97,8.199354951761045,-0.10935495176104482,-0.11530807302444092,接近均值：平仓观察
2017-03-08,8.09,6.02,8.250844727340208,-0.1608447273402085,-0.16960087556225711,接近均值：平仓观察
2017-03-09,7.96,5.9,8.127269265950215,-0.16726926595021485,-0.1763751565185486,接近均值：平仓观察
2017-03-10,7.93,5.86,8.086077445486882,-0.15607744548688274,-0.16457406996069085,接近均值：平仓观察
2017-03-13,7.97,5.87,8.096375400602716,-0.1263754006027158,-0.13325508983839252,接近均值：平仓观察
2017-03-14,7.99,5.82,8.044885625023552,-0.054885625023551654,-0.057873516985644885,接近均值：平仓观察
2017-03-15,7.99,5.83,8.055183580139385,-0.06518358013938474,-0.06873207749320849,接近均值：平仓观察
2017-03-16,8.04,5.92,8.14786517618188,-0.10786517618188007,-0.113737196273951,接近均值：平仓观察
2017-03-17,7.94,5.83,8.055183580139385,-0.11518358013938457,-0.1214540032805357,接近均值：平仓观察
2017-03-20,8.02,5.85,8.07577949037105,-0.05577949037104979,-0.05881604303593809,接近均值：平仓观察
2017-03-21,8.03,5.9,8.127269265950215,-0.09726926595021546,-0.10256446041629089,接近均值：平仓观察
2017-03-22,7.98,5.95,8.178759041529378,-0.19875904152937807,-0.20957918874143336,观望
2017-03-23,7.92,5.9,8.127269265950215,-0.2072692659502149,-0.21855269714841055,观望
2017-03-24,7.96,5.91,8.137567221066048,-0.17756722106604794,-0.18723371702611222,接近均值：平仓观察
2017-03-27,7.92,5.86,8.086077445486882,-0.16607744548688252,-0.1751184551181561,接近均值：平仓观察
2017-03-28,7.85,5.84,8.065481535255216,-0.21548153525521663,-0.22721203020528752,观望
2017-03-29,7.85,5.82,8.044885625023552,-0.19488562502355222,-0.20549490919016217,观望
2017-03-30,7.86,5.76,7.983097894328553,-0.123097894328553,-0.1297991609873143,接近均值：平仓观察
2017-03-31,7.87,5.78,8.00369380456022,-0.1336938045602194,-0.14097189684497627,接近均值：平仓观察
2017-04-05,7.97,5.92,8.14786517618188,-0.17786517618187947,-0.1875478923762087,接近均值：平仓观察
2017-04-06,7.98,5.98,8.209652906876878,-0.22965290687687734,-0.2421548702641242,观望
2017-04-07,8.05,6.05,8.281738592687706,-0.23173859268770514,-0.24435409771480707,观望
2017-04-10,8.05,6.12,8.353824278498537,-0.30382427849853677,-0.3203640212677524,观望
2017-04-11,8.02,6.17,8.405314054077701,-0.3853140540777016,-0.40628997927796623,观望
2017-04-12,8.1,6.04,8.271440637571875,-0.1714406375718749,-0.18077361141991907,接近均值：平仓观察
2017-04-13,8.06,6.21,8.446505874541032,-0.38650587454103125,-0.4075466806783559,观望
2017-04-14,8.02,6.07,8.302334502919372,-0.28233450291937245,-0.297704374202332,观望
2017-04-17,8.05,6.01,8.240546772224375,-0.19054677222437455,-0.2009198556845545,观望
2017-04-18,7.96,5.98,8.209652906876878,-0.2496529068768778,-0.26324364057905564,观望
2017-04-19,7.8,6.02,8.250844727340208,-0.45084472734020853,-0.47538804512875604,观望
2017-04-20,7.69,6.07,8.302334502919372,-0.6123345029193716,-0.6456690843986918,观望
2017-04-21,7.79,6.02,8.250844727340208,-0.4608447273402083,-0.4859324302862213,观望
2017-04-24,7.77,5.8,8.024289714791886,-0.2542897147918861,-0.26813286943475884,观望
2017-04-25,7.74,5.83,8.055183580139385,-0.31518358013938474,-0.33234170642984545,观望
2017-04-26,7.73,5.9,8.127269265950215,-0.3972692659502144,-0.4188960151402541,观望
2017-04-27,7.8,6.08,8.312632458035205,-0.5126324580352053,-0.5405394081741358,观望
2017-04-28,7.8,6.09,8.322930413151038,-0.5229304131510384,-0.5513979686816993,观望
2017-05-02,7.69,6.07,8.302334502919372,-0.6123345029193716,-0.6456690843986918,观望
2017-05-03,7.6,5.96,8.189056996645212,-0.5890569966452119,-0.6211243852326859,观望
2017-05-04,7.58,5.95,8.178759041529378,-0.5987590415293784,-0.6313545950400528,观望
2017-05-05,7.55,5.81,8.034587669907719,-0.48458766990771895,-0.5109679034065627,观望
2017-05-08,7.48,5.63,7.849224477822727,-0.36922447782272627,-0.3893245103726791,观望
2017-05-09,7.49,5.64,7.85952243293856,-0.3695224329385596,-0.3896386857227775,观望
2017-05-10,7.44,5.46,7.6741592408535695,-0.2341592408535691,-0.24690652237396526,观望
2017-05-11,7.62,5.47,7.684457195969403,-0.06445719596940247,-0.06796615004715059,接近均值：平仓观察
2017-05-12,7.6,5.5,7.7153510613169,-0.11535106131690043,-0.121630601884771,接近均值：平仓观察
2017-05-15,7.7,5.5,7.7153510613169,-0.015351061316899894,-0.01618675031011567,接近均值：平仓观察
2017-05-16,7.69,5.63,7.849224477822727,-0.1592244778227263,-0.16789242206590413,接近均值：平仓观察
2017-05-17,7.59,5.55,7.766840836896064,-0.1768408368960639,-0.18646778958005245,接近均值：平仓观察
2017-05-18,7.62,5.57,7.78743674712773,-0.16743674712772982,-0.17655175512278298,接近均值：平仓观察
2017-05-19,7.6,5.57,7.78743674712773,-0.18743674712773029,-0.1976405254377144,接近均值：平仓观察
2017-05-22,7.69,5.46,7.6741592408535695,0.015840759146430905,0.016703106562671658,接近均值：平仓观察
2017-05-23,7.79,5.38,7.5917755999269065,0.1982244000730935,0.20901544219783308,观望
2017-05-24,7.75,5.43,7.64326537550607,0.10673462449392979,0.11254509903015496,接近均值：平仓观察
2017-05-25,7.87,5.54,7.756542881780232,0.11345711821976767,0.11963355533654293,接近均值：平仓观察
2017-05-26,7.8,5.5,7.7153510613169,0.08464893868309975,0.08925710126453874,接近均值：平仓观察
2017-05-31,7.82,5.52,7.735946971548566,0.08405302845143403,0.08862875056434295,接近均值：平仓观察
2017-06-01,7.85,5.36,7.57117968969524,0.2788203103047593,0.2939988741577527,观望
2017-06-02,7.77,5.52,7.735946971548566,0.03405302845143332,0.03590682477701481,接近均值：平仓观察
2017-06-05,7.74,5.52,7.735946971548566,0.00405302845143396,0.004273669304619055,接近均值：平仓观察
2017-06-06,7.72,5.52,7.735946971548566,-0.015946971548566502,-0.016815101010312385,接近均值：平仓观察
2017-06-07,7.75,5.6,7.818330612475229,-0.0683306124752292,-0.07205042959842271,接近均值：平仓观察
2017-06-08,7.73,5.57,7.78743674712773,-0.057436747127729504,-0.06056351839066239,接近均值：平仓观察
2017-06-09,7.73,5.61,7.828628567591062,-0.09862856759106187,-0.10399776042091682,接近均值：平仓观察
2017-06-12,7.64,5.52,7.735946971548566,-0.09594697154856657,-0.10117018227003628,接近均值：平仓观察
2017-06-13,7.65,5.57,7.78743674712773,-0.13743674712772957,-0.14491859965038628,接近均值：平仓观察
2017-06-14,7.66,5.54,7.756542881780232,-0.09654288178023229,-0.10179853297023206,接近均值：平仓观察
2017-06-15,7.65,5.57,7.78743674712773,-0.13743674712772957,-0.14491859965038628,接近均值：平仓观察
2017-06-16,7.65,5.58,7.797734702243563,-0.14773470224356267,-0.1557771601579499,接近均值：平仓观察
2017-06-19,7.65,5.6,7.818330612475229,-0.16833061247522885,-0.1774942811730771,接近均值：平仓观察
2017-06-20,7.7,5.63,7.849224477822727,-0.14922447782272652,-0.15734803690843888,接近均值：平仓观察
2017-06-21,7.72,5.62,7.838926522706895,-0.11892652270689563,-0.12540070608594664,接近均值：平仓观察
2017-06-22,7.69,5.54,7.756542881780232,-0.06654288178023204,-0.07016537749783537,接近均值：平仓观察
2017-06-23,7.74,5.55,7.766840836896064,-0.026840836896063536,-0.028302012218069907,接近均值：平仓观察
2017-06-26,7.73,5.62,7.838926522706895,-0.10892652270689496,-0.11485632092848044,接近均值：平仓观察
2017-06-27,7.7,5.6,7.818330612475229,-0.11833061247522902,-0.12477235538574992,接近均值：平仓观察
2017-06-28,7.69,5.59,7.808032657359396,-0.11803265735939572,-0.12445818003565155,接近均值：平仓观察
2017-06-29,7.69,5.62,7.838926522706895,-0.148926522706895,-0.1570338615583424,接近均值：平仓观察
2017-06-30,7.69,5.62,7.838926522706895,-0.148926522706895,-0.1570338615583424,接近均值：平仓观察
2017-07-03,7.74,5.65,7.869820388054393,-0.12982038805439267,-0.13688761729370416,接近均值：平仓观察
2017-07-04,7.83,5.76,7.983097894328553,-0.15309789432855325,-0.16143231645971098,接近均值：平仓观察
2017-07-05,7.81,5.8,8.024289714791886,-0.21428971479188608,-0.22595532880489688,观望
2017-07-06,7.83,5.76,7.983097894328553,-0.15309789432855325,-0.16143231645971098,接近均值：平仓观察
2017-07-07,7.8,5.78,8.00369380456022,-0.20369380456021968,-0.21478259294723492,观望
2017-07-10,7.84,5.78,8.00369380456022,-0.16369380456021965,-0.17260505231737297,接近均值：平仓观察
2017-07-11,7.84,5.72,7.941906073865223,-0.10190607386522288,-0.10745368927199317,接近均值：平仓观察
2017-07-12,7.79,5.69,7.911012208517725,-0.1210122085177252,-0.1275999335366314,接近均值：平仓观察
2017-07-13,7.89,5.76,7.983097894328553,-0.09309789432855364,-0.09816600551491854,接近均值：平仓观察
2017-07-14,7.89,5.76,7.983097894328553,-0.09309789432855364,-0.09816600551491854,接近均值：平仓观察
2017-07-17,8.13,5.56,7.777138792011897,0.35286120798810394,0.37207044841552067,观望
2017-07-18,8.06,5.57,7.78743674712773,0.27256325287227057,0.2874011918056984,观望
2017-07-19,8.11,5.66,7.880118343170226,0.22988165682977346,0.24239607302495408,观望
2017-07-20,8.11,5.7,7.921310163633558,0.1886898363664411,0.19896183099469963,接近均值：平仓观察
2017-07-21,8.03,5.7,7.921310163633558,0.10868983636644103,0.11460674973497573,接近均值：平仓观察
2017-07-24,8.01,5.76,7.983097894328553,0.026902105671446463,0.028366616374667298,接近均值：平仓观察
2017-07-25,8.07,5.7,7.921310163633558,0.14868983636644195,0.15678429036483862,接近均值：平仓观察
2017-07-26,8.19,5.68,7.900714253401892,0.28928574659810735,0.3050340332695507,观望
2017-07-27,8.15,5.84,8.065481535255216,0.08451846474478408,0.08911952451867756,接近均值：平仓观察
2017-07-28,8.1,5.77,7.993395849444386,0.10660415055561323,0.11240752228429284,接近均值：平仓观察
2017-07-31,8.13,5.79,8.013991759676053,0.11600824032394819,0.12232355674156324,接近均值：平仓观察
2017-08-01,8.23,5.82,8.044885625023552,0.18511437497644856,0.1951917267935268,接近均值：平仓观察
2017-08-02,8.14,5.76,7.983097894328553,0.15690210567144725,0.16544362342171934,接近均值：平仓观察
2017-08-03,8.11,5.76,7.983097894328553,0.1269021056714461,0.1338104679493217,接近均值：平仓观察
2017-08-04,8.18,5.75,7.972799939212722,0.2072000607872777,0.21847972455914208,观望
2017-08-07,8.19,5.77,7.993395849444386,0.1966041505556131,0.20730698870148198,观望
2017-08-08,8.18,5.78,8.00369380456022,0.1763061954397802,0.1859040430364531,接近均值：平仓观察
2017-08-09,8.12,5.81,8.034587669907719,0.08541233009228044,0.09006205056896889,接近均值：平仓观察
2017-08-10,8.09,5.69,7.911012208517725,0.17898779148227462,0.18873162118733275,接近均值：平仓观察
2017-08-11,7.97,5.54,7.756542881780232,0.21345711821976732,0.22507740691119732,观望
2017-08-14,7.95,5.61,7.828628567591062,0.12137143240893788,0.12797871304332342,接近均值：平仓观察
2017-08-15,7.93,5.61,7.828628567591062,0.10137143240893742,0.10688994272839197,接近均值：平仓观察
2017-08-16,7.9,5.62,7.838926522706895,0.06107347729310497,0.0643982267484326,接近均值：平仓观察
2017-08-17,7.93,5.63,7.849224477822727,0.08077552217727302,0.08517282171326662,接近均值：平仓观察
2017-08-18,7.95,5.59,7.808032657359396,0.14196734264060407,0.14969583405845063,接近均值：平仓观察
2017-08-21,8.02,5.64,7.85952243293856,0.16047756706143979,0.16921372762289216,接近均值：平仓观察
2017-08-22,8.01,5.59,7.808032657359396,0.20196734264060368,0.2129621450032431,观望
2017-08-23,7.99,5.64,7.85952243293856,0.13047756706144042,0.1375805721504964,接近均值：平仓观察
2017-08-24,7.96,5.58,7.797734702243563,0.16226529775643694,0.1710987797234795,接近均值：平仓观察
2017-08-25,8.07,5.62,7.838926522706895,0.2310734772931049,0.24365277442534564,观望
2017-08-28,8.2,5.67,7.890416298286059,0.30958370171394023,0.32643697893457957,观望
2017-08-29,8.12,5.66,7.880118343170226,0.23988165682977325,0.25294045818241934,观望
2017-08-30,8.13,5.68,7.900714253401892,0.22928574659810863,0.24176772232475924,观望
2017-08-31,8.11,5.66,7.880118343170226,0.22988165682977346,0.24239607302495408,观望
2017-09-01,8.09,5.69,7.911012208517725,0.17898779148227462,0.18873162118733275,接近均值：平仓观察
2017-09-04,8.1,5.72,7.941906073865223,0.1580939261347769,0.16670032482210903,接近均值：平仓观察
2017-09-05,8.08,5.68,7.900714253401892,0.17928574659810792,0.1890457965374311,接近均值：平仓观察
2017-09-06,8.14,5.7,7.921310163633558,0.21868983636644224,0.23059498646709725,观望
2017-09-07,8.09,5.68,7.900714253401892,0.1892857465981077,0.19959018169489634,接近均值：平仓观察
2017-09-08,8.08,5.68,7.900714253401892,0.17928574659810792,0.1890457965374311,接近均值：平仓观察
2017-09-11,8.08,5.71,7.93160811874939,0.14839188125061042,0.15647011501474212,接近均值：平仓观察
2017-09-12,8.03,5.67,7.890416298286059,0.1395837017139403,0.14718243125766656,接近均值：平仓观察
2017-09-13,8.03,5.66,7.880118343170226,0.1498816568297734,0.15804099176523018,接近均值：平仓观察
2017-09-14,8.03,5.74,7.962501984096889,0.06749801590311044,0.07117250770472315,接近均值：平仓观察
2017-09-15,7.98,5.84,8.065481535255216,-0.08548153525521585,-0.09013502315823549,接近均值：平仓观察
2017-09-18,8.0,5.81,8.034587669907719,-0.03458766990771878,-0.03647057132061602,接近均值：平仓观察
2017-09-19,7.97,5.77,7.993395849444386,-0.023395849444386663,-0.024669484762758265,接近均值：平仓观察
2017-09-20,7.94,5.77,7.993395849444386,-0.05339584944438602,-0.05630264023515402,接近均值：平仓观察
2017-09-21,7.97,5.74,7.962501984096889,0.007498015903110833,0.007906196759930699,接近均值：平仓观察
2017-09-22,7.95,5.72,7.941906073865223,0.00809392613477744,0.008534547460127417,接近均值：平仓观察
2017-09-25,8.06,5.71,7.93160811874939,0.12839188125061085,0.1353813446998116,接近均值：平仓观察
2017-09-26,8.09,5.7,7.921310163633558,0.16868983636644153,0.17787306067976913,接近均值：平仓观察
2017-09-27,8.05,5.69,7.911012208517725,0.13898779148227547,0.1465540805574717,接近均值：平仓观察
2017-09-28,8.0,5.77,7.993395849444386,0.006604150555613586,0.0069636707096384295,接近均值：平仓观察
2017-09-29,7.99,5.72,7.941906073865223,0.048093926134777476,0.050712088089989366,接近均值：平仓观察
2017-10-09,7.98,5.79,8.013991759676053,-0.03399175967605217,-0.0358422206204193,接近均值：平仓观察
2017-10-10,8.0,5.82,8.044885625023552,-0.04488562502355187,-0.04732913182817963,接近均值：平仓观察
2017-10-11,8.0,5.8,8.024289714791886,-0.024289714791885686,-0.025612010813052404,接近均值：平仓观察
2017-10-12,7.97,5.78,8.00369380456022,-0.03369380456021975,-0.03552804527032188,接近均值：平仓观察
2017-10-13,7.98,5.98,8.209652906876878,-0.22965290687687734,-0.2421548702641242,观望
2017-10-16,8.05,5.85,8.07577949037105,-0.025779490371048652,-0.027182887563540457,接近均值：平仓观察
2017-10-17,8.05,5.87,8.096375400602716,-0.046375400602714834,-0.048900008578667685,接近均值：平仓观察
2017-10-18,8.25,5.83,8.055183580139385,0.19481641986061504,0.2054219366008937,观望
2017-10-19,8.27,5.72,7.941906073865223,0.32809392613477684,0.345954872499022,观望
2017-10-20,8.15,5.77,7.993395849444386,0.15660415055561394,0.16512944807162097,接近均值：平仓观察
2017-10-23,8.15,5.88,8.106673355718549,0.04332664428145172,0.0456852824884231,接近均值：平仓观察
2017-10-24,8.17,5.83,8.055183580139385,0.11481641986061497,0.1210668553411698,接近均值：平仓观察
2017-10-25,8.13,5.84,8.065481535255216,0.06451846474478451,0.06803075420374706,接近均值：平仓观察
2017-10-26,8.17,5.94,8.168461086413545,0.0015389135864545267,0.0016226897579738092,接近均值：平仓观察
2017-10-27,8.13,5.89,8.116971310834382,0.013028689165619056,0.013737951665928987,接近均值：平仓观察
2017-10-30,8.3,5.78,8.00369380456022,0.2963061954397812,0.3124366649260399,观望
2017-10-31,8.27,5.83,8.055183580139385,0.21481641986061462,0.2265107069158242,观望
2017-11-01,8.39,5.79,8.013991759676053,0.376008240323948,0.3964775708356654,观望
2017-11-02,8.39,5.74,7.962501984096889,0.42749801590311165,0.4507703733734816,观望
2017-11-03,8.32,5.7,7.921310163633558,0.39868983636644195,0.4203939193014755,观望
2017-11-06,8.38,5.75,7.972799939212722,0.4072000607872788,0.4293674277084527,观望
2017-11-07,8.59,5.79,8.013991759676053,0.5760082403239473,0.6073652739849743,观望
2017-11-08,8.5,5.78,8.00369380456022,0.4963061954397805,0.5233243680753487,观望
2017-11-09,8.52,5.78,8.00369380456022,0.5163061954397801,0.5444131383902793,观望
2017-11-10,8.39,5.77,7.993395849444386,0.39660415055561415,0.4181946918507926,观望
2017-11-13,8.4,5.83,8.055183580139385,0.3448164198606154,0.3635877139628762,观望
2017-11-14,8.36,5.78,8.00369380456022,0.3563061954397799,0.3757029758708314,观望
2017-11-15,8.15,5.71,7.93160811874939,0.2183918812506107,0.23028081111700077,观望
2017-11-16,8.08,5.65,7.869820388054393,0.2101796119456072,0.22162147806012192,观望
2017-11-17,8.12,5.52,7.735946971548566,0.38405302845143297,0.4049603052883061,观望
2017-11-20,8.18,5.54,7.756542881780232,0.4234571182197673,0.4465094952179723,观望
2017-11-21,8.22,5.52,7.735946971548566,0.4840530284514344,0.5104041568629624,观望
2017-11-22,8.4,5.51,7.725649016432733,0.6743509835672672,0.7110616502049044,观望
2017-11-23,8.29,5.42,7.632967420390237,0.657032579609762,0.6928004580408534,观望
2017-11-24,8.4,5.45,7.663861285737736,0.736138714262264,0.7762130132502841,观望
2017-11-27,8.34,5.41,7.622669465274406,0.717330534725594,0.7563809443357433,观望
2017-11-28,8.21,5.46,7.6741592408535695,0.5358407591464314,0.565011134750877,观望
2017-11-29,8.24,5.47,7.684457195969403,0.5555428040305976,0.5857857297157092,观望
2017-11-30,8.17,5.48,7.694755151085236,0.47524484891476426,0.5011164731058868,观望
2017-12-01,8.16,5.49,7.705053106201069,0.4549468937989314,0.479713527440858,观望
2017-12-04,8.17,5.41,7.622669465274406,0.5473305347255941,0.5771263966588304,观望
2017-12-05,8.22,5.27,7.478498093652744,0.7415019063472563,0.7818681695520472,观望
2017-12-06,8.09,5.31,7.519689914116077,0.5703100858839232,0.6013569204747407,观望
2017-12-07,8.05,5.29,7.4990940038844105,0.5509059961155902,0.5808965008600069,观望
2017-12-08,8.06,5.32,7.52998786923191,0.5300121307680907,0.5588652044947813,观望
2017-12-11,8.09,5.34,7.550583779463574,0.5394162205364257,0.5687812389520517,观望
2017-12-12,8.02,5.29,7.4990940038844105,0.5209059961155891,0.5492633453876092,观望
2017-12-13,8.02,5.32,7.52998786923191,0.4900121307680898,0.5166876638649184,观望
2017-12-14,7.94,5.33,7.540285824347743,0.39971417565225753,0.4214740220976318,观望
2017-12-15,7.87,5.32,7.52998786923191,0.34001213076809034,0.35852188650293676,观望
2017-12-18,7.88,5.33,7.540285824347743,0.33971417565225703,0.3582077111528384,观望
2017-12-19,7.89,5.33,7.540285824347743,0.3497141756522568,0.36875209631030365,观望
2017-12-20,7.94,5.25,7.45790218342108,0.4820978165789205,0.5083425061581388,观望
2017-12-21,7.98,5.29,7.4990940038844105,0.48090599611558993,0.5070858047577482,观望
2017-12-22,8.09,5.36,7.57117968969524,0.5188203103047595,0.5470641179369244,观望
2017-12-25,8.04,5.32,7.52998786923191,0.5100121307680894,0.5377764341798489,观望
2017-12-26,8.07,5.36,7.57117968969524,0.49882031030475993,0.5259753476219939,观望
2017-12-27,8.09,5.34,7.550583779463574,0.5394162205364257,0.5687812389520517,观望
2017-12-28,8.06,5.38,7.5917755999269065,0.46822440007309396,0.49371384144940145,观望
2017-12-29,8.09,5.43,7.64326537550607,0.44673462449392964,0.471054194383981,观望
