rank,y_asset,x_asset,alpha,beta,r_squared,residual_mean,residual_std,adf_stat,p_value,critical_5pct,is_cointegrated,conclusion
1,中国石油（601857.SH）,兴蓉环境（000598.SZ）,2.0514757476088374,1.0297955115832842,0.7252723751830343,-9.95924654221124e-15,0.948372034088678,-4.739151933150629,7.09993144916462e-05,-2.8655458544300387,True,协整显著
2,泸州老窖（000568.SZ）,贵州茅台（600519.SH）,1.53607830191156,0.10072864503490747,0.9703929876818526,-3.3876969232278e-14,2.303969175314746,-4.120439565125294,0.0008958628218157749,-2.865507363200066,True,协整显著
3,招商银行（600036.SH）,泸州老窖（000568.SZ）,10.18402275232597,0.2670675896129635,0.8715326700927086,1.2502445951625806e-14,1.37295110836491,-3.2962958582161543,0.015044863835335725,-2.865534780932388,True,协整显著
4,招商银行（600036.SH）,贵州茅台（600519.SH）,10.514923602699604,0.027147007203699662,0.8612453298919385,4.931088931231296e-15,1.4268638257976887,-2.9810983127140007,0.03669768214471834,-2.865551414233055,True,协整显著
5,兴蓉环境（000598.SZ）,泸州老窖（000568.SZ）,7.968180168534262,-0.0421368743753715,0.14217691486648643,4.115712021342657e-15,1.3858812250614285,-2.460533665822026,0.12537451614345202,-2.865596454500293,False,未通过协整检验
6,兴蓉环境（000598.SZ）,贵州茅台（600519.SH）,8.059234498670218,-0.0047267375295123905,0.17110751771673682,-3.59154115069996e-15,1.362310948512784,-2.4071732304302556,0.13972204465479998,-2.865596454500293,False,未通过协整检验
7,兴蓉环境（000598.SZ）,招商银行（600036.SH）,8.470515014042899,-0.10049784907078534,0.06618760809479263,1.59192634787782e-14,1.445962276825647,-2.373698603746413,0.14929778516711795,-2.8656078730509784,False,未通过协整检验
8,工商银行（601398.SH）,招商银行（600036.SH）,2.36050349270916,0.12844137270624906,0.738874937654982,1.640460687752144e-15,0.29248424146848606,-2.349220438073347,0.15658418085470016,-2.865534780932388,False,未通过协整检验
9,工商银行（601398.SH）,泸州老窖（000568.SZ）,3.7186454767355173,0.0328321539589428,0.5899308505167493,6.581256486958305e-15,0.3665276500350053,-2.3055708928702505,0.17017754241037092,-2.865534780932388,False,未通过协整检验
10,兴蓉环境（000598.SZ）,长江电力（600900.SH）,9.006883327857928,-0.18328933692183158,0.03447320270260956,-1.281306572682148e-15,1.4703113589636734,-2.237871458438975,0.19278844694795327,-2.865596454500293,False,未通过协整检验
11,工商银行（601398.SH）,贵州茅台（600519.SH）,3.785905199093912,0.003255036401496052,0.5545691694954751,7.328685321022891e-15,0.3820043693779094,-2.0838226969121934,0.25106913232985417,-2.865534780932388,False,未通过协整检验
12,上证50指数（000016.SH）,中国石油（601857.SH）,1427.9552266541918,116.7528829533918,0.456428371980397,-5.963899683756906e-13,230.53520738570646,-2.056818518587385,0.26222862920543805,-2.865613606467485,False,未通过协整检验
13,上证50指数（000016.SH）,工商银行（601398.SH）,354.19460806123084,433.872610398548,0.6307585072190605,4.771119747005525e-13,190.00460167530693,-2.0359315057574,0.27104391709756415,-2.8655850998755263,False,未通过协整检验
14,上证50指数（000016.SH）,贵州茅台（600519.SH）,2183.827747690763,0.8331549231190631,0.12174025286659096,-3.0167392567003684e-12,293.0355828893647,-1.9843674964325617,0.2934691891508385,-2.865613606467485,False,未通过协整检验
15,兴蓉环境（000598.SZ）,工商银行（601398.SH）,4.716153014059751,0.37553547043274316,0.020634978543832005,7.299564717098297e-15,1.4808103492423388,-1.9653327627444095,0.3019772017052661,-2.865596454500293,False,未通过协整检验
16,上证50指数（000016.SH）,招商银行（600036.SH）,1675.8636563525156,40.29801522880078,0.24370644768591765,5.804862358856722e-12,271.9280880011724,-1.9622549754116942,0.3033641417200631,-2.865613606467485,False,未通过协整检验
17,上证50指数（000016.SH）,泸州老窖（000568.SZ）,2159.4467171728697,8.614002252410241,0.13606642243788525,2.0227559760742175e-12,290.63575852699796,-1.9511990017657137,0.3083716918785933,-2.865613606467485,False,未通过协整检验
18,中国石油（601857.SH）,招商银行（600036.SH）,10.72404954098277,-0.1008823612261956,0.04561343484545277,-6.833635054304788e-15,1.7676233575563676,-1.867904215461714,0.3473072915592207,-2.8655292671104644,False,未通过协整检验
19,上证50指数（000016.SH）,长江电力（600900.SH）,1443.9093592491113,74.74648231284172,0.1312880819335206,-1.4810350881329651e-12,291.4383906231008,-1.8575523474688382,0.3522855546218685,-2.865613606467485,False,未通过协整检验
20,中国石油（601857.SH）,泸州老窖（000568.SZ）,10.33499356719815,-0.04567962899189337,0.1142743432279133,6.600670222908035e-15,1.7028531053976985,-1.796786016347106,0.3820585107572189,-2.8655292671104644,False,未通过协整检验
21,中国石油（601857.SH）,贵州茅台（600519.SH）,10.380218690855937,-0.00495854176356955,0.1287814214775279,1.3434305277212824e-14,1.6888502294468908,-1.7765878590977093,0.39214554595152595,-2.8655292671104644,False,未通过协整检验
22,中国石油（601857.SH）,长江电力（600900.SH）,12.640798442564508,-0.2860972817023487,0.05744256740732645,3.867216201186119e-14,1.75663480903455,-1.766660824265111,0.3971347210215944,-2.8655292671104644,False,未通过协整检验
23,工商银行（601398.SH）,长江电力（600900.SH）,1.411662208477282,0.2537610071038562,0.4516010229621943,7.901390531539912e-15,0.42386397994497793,-1.7203164138777876,0.4206764156289109,-2.865534780932388,False,未通过协整检验
24,中国石油（601857.SH）,工商银行（601398.SH）,4.961911864982383,0.7890760604476121,0.06230730634846815,-1.2968375614419315e-14,1.7520957621889046,-1.6140169193772351,0.47586735800111274,-2.8655292671104644,False,未通过协整检验
25,招商银行（600036.SH）,长江电力（600900.SH）,-9.179818324666924,2.1084814611237714,0.6961192655326387,-3.028542808157804e-14,2.11159345323303,-1.4972823153018064,0.5348553077174464,-2.8655182850048306,False,未通过协整检验
26,泸州老窖（000568.SZ）,长江电力（600900.SH）,-54.81852039936153,6.58469082017697,0.5556144820700831,-4.6903586054546506e-14,8.926050114898667,-1.0311631548807128,0.7417292819718553,-2.8655128165959236,False,未通过协整检验
27,上证50指数（000016.SH）,兴蓉环境（000598.SZ）,1549.8447705351105,138.23740672539432,0.4376104748569035,2.0774250565086556e-12,234.49170350535587,-0.5143651314317874,0.8891826213615409,-2.8655794463678346,False,未通过协整检验
28,贵州茅台（600519.SH）,长江电力（600900.SH）,-524.5877694607232,62.786551961831464,0.5281951186452069,4.1747297786298346e-13,89.94590997448748,-0.3266710276151825,0.9216410547193427,-2.8655128165959236,False,未通过协整检验
