week,week_start,week_end,week_id,P_t,E_P_t,H1t,H2t,H1t_norm,H2t_norm,H3t,WeekPositive,WeekNeutral,WeekNegative,NewsCount,close,return,H3_lag1,H3_lag2,H3_lag3,H3_lag4,H3_lag5,H3_roll_mean_3,H3_roll_std_3,H3_roll_mean_5,H3_roll_std_5,month,quarter
2014-10-20,2014-10-14,2014-10-20,276,0.7427184466019418,0.8471337579617835,-0.10441531135984172,0.5145631067961165,0.696203010648789,0.8000687344273563,0.13919274901449713,153,416,53,622,2454.71,-9.776166520691909e-05,,,,,,,,,,10,4
2014-10-27,2014-10-21,2014-10-27,277,0.7327188940092166,0.7949261022818626,-0.06220720827264592,0.5345622119815668,0.40848957388948104,0.8414828106520941,0.06475261913088427,159,363,58,580,2368.83,-0.03498580280358987,0.13919274901449713,,,,,,,,,10,4
2014-11-03,2014-10-28,2014-11-03,278,0.725,0.7741903661909806,-0.049190366190980606,0.55,0.31975968324899817,0.8734513274336283,0.0404651634554042,203,478,77,758,2512.55,0.0606713018663223,0.06475261913088427,0.13919274901449713,,,,,,,,11,4
2014-11-10,2014-11-04,2014-11-10,279,0.8043478260869565,0.7618927746432355,0.04245505144372108,0.3913043478260869,0.27384810675416277,0.5448249326664101,0.12464883043100215,148,484,36,668,2565.73,0.02116574794531445,0.0404651634554042,0.06475261913088427,0.13919274901449713,,,0.08147017720026187,0.05144309087170271,,,11,4
2014-11-17,2014-11-11,2014-11-17,280,0.8226950354609929,0.7511962916745287,0.07149874378646415,0.35460992907801414,0.47182574443306496,0.4688382602146487,0.2506157832885853,116,447,25,588,2567.1,0.0005339610948931206,0.12464883043100215,0.0404651634554042,0.06475261913088427,0.13919274901449713,,0.07662220433909687,0.04332883261900624,,,11,4
2014-11-24,2014-11-18,2014-11-24,281,0.9130434782608695,0.7711904388892915,0.141853039371578,0.17391304347826086,0.9513989707341034,0.09465178914967295,0.8613473559589632,147,479,14,640,2649.26,0.03200498617116598,0.2506157832885853,0.12464883043100215,0.0404651634554042,0.06475261913088427,0.13919274901449713,0.1385765923916639,0.10576534247565311,0.12393502906407461,0.0817788131663659,11,4
2014-12-01,2014-11-25,2014-12-01,282,0.891156462585034,0.8162715849522048,0.07488487763282925,0.217687074829932,0.4949074783895066,0.18529889832039015,0.4032016678734087,131,473,16,620,2819.81,0.06437646739089398,0.8613473559589632,0.2506157832885853,0.12464883043100215,0.0404651634554042,0.06475261913088427,0.41220398989285023,0.39403583690313615,0.2683659504529678,0.3413186867517741,12,4
2014-12-08,2014-12-02,2014-12-08,283,0.8869047619047619,0.8578107005984632,0.029094061306298657,0.22619047619047616,0.1827723153829278,0.2029077117572692,0.14568640309599998,149,504,19,672,3252.88,0.1535812696600125,0.4032016678734087,0.8613473559589632,0.2506157832885853,0.12464883043100215,0.0404651634554042,0.5050549357069857,0.3178503257673209,0.3360557602014727,0.3239623874715579,12,4
2014-12-15,2014-12-09,2014-12-15,284,0.8562874251497006,0.8784499345529145,-0.02216250940321396,0.28742514970059885,0.13552307947218137,0.329712256902125,0.0908394590770824,143,469,24,636,3217.23,-0.010959518949361868,0.14568640309599998,0.4032016678734087,0.8613473559589632,0.2506157832885853,0.12464883043100215,0.47007847564279065,0.36248728312348866,0.35710000812959186,0.3026792458076869,12,4
2014-12-22,2014-12-16,2014-12-22,285,0.8215962441314554,0.8868480319750915,-0.06525178784363617,0.35680751173708924,0.4292430877360323,0.4733890066060078,0.22604412884017652,175,506,38,719,3394.48,0.055093978360266416,0.0908394590770824,0.14568640309599998,0.4032016678734087,0.8613473559589632,0.2506157832885853,0.21324251001549702,0.1667795192990398,0.35033813385880797,0.3094718963899847,12,4
2014-12-29,2014-12-23,2014-12-29,286,0.8865248226950354,0.863986223442738,0.022538599252297398,0.22695035460992907,0.13808671287656693,0.2044812652984372,0.10985056710666453,125,489,16,630,3455.46,0.01796445994673701,0.22604412884017652,0.0908394590770824,0.14568640309599998,0.4032016678734087,0.8613473559589632,0.15418999700441963,0.06800227211980696,0.34542380296912617,0.3116388606467061,12,4
2015-01-07,2014-12-30,2015-01-07,287,0.8682634730538922,0.8628283134702384,0.005435159583653815,0.26347305389221554,0.021500345626063358,0.28011234168830473,0.015477833465638852,145,506,22,673,3643.79,0.054502150220231194,0.10985056710666453,0.22604412884017652,0.0908394590770824,0.14568640309599998,0.4032016678734087,0.1422447183413078,0.07319229096767291,0.19512444519866645,0.12732170872900958,1,1
2015-01-14,2015-01-08,2015-01-14,288,0.8862559241706162,0.8581679912575209,0.028087932913095304,0.2274881516587678,0.17591399585049963,0.20559493352346603,0.1397469695677689,187,423,24,634,3502.42,-0.03879751577341173,0.015477833465638852,0.10985056710666453,0.22604412884017652,0.0908394590770824,0.14568640309599998,0.11712417647082664,0.10547141902821841,0.1175796783171125,0.07706180995189703,1,1
2015-01-21,2015-01-15,2015-01-21,289,0.7788944723618091,0.8656601160127497,-0.08676564365094064,0.44221105527638194,0.5758932553466565,0.6502423622537467,0.20142306458404646,155,393,44,592,3548.88,0.013265113835576603,0.1397469695677689,0.015477833465638852,0.10985056710666453,0.22604412884017652,0.0908394590770824,0.08835845671335742,0.06486245180195511,0.11639179161146625,0.0765644102401978,1,1
2015-01-28,2015-01-22,2015-01-28,290,0.7836538461538461,0.8549846730703383,-0.07133082691649217,0.4326923076923077,0.4706811315218972,0.6305309734513274,0.17390209947822313,163,405,45,613,3525.32,-0.00663871418588402,0.20142306458404646,0.1397469695677689,0.015477833465638852,0.10985056710666453,0.22604412884017652,0.1188826225391514,0.09471218494268512,0.13850851271285908,0.08303626404427612,1,1
2015-02-04,2015-01-29,2015-02-04,291,0.6944444444444444,0.8292669289350408,-0.13482248449059642,0.6111111111111112,0.9034748765630538,1.0,0.0,150,419,66,635,3401.77,-0.03504646386710997,0.17390209947822313,0.20142306458404646,0.1397469695677689,0.015477833465638852,0.10985056710666453,0.1716907112100128,0.030897457058288225,0.1280801068404684,0.07180972816035215,2,1
2015-02-11,2015-02-05,2015-02-11,292,0.83125,0.7858121717826789,0.04543782821732112,0.3375,0.29418033904722324,0.4334070796460177,0.16668049741149088,133,409,27,569,3434.12,0.009509755215667104,0.0,0.17390209947822313,0.20142306458404646,0.1397469695677689,0.015477833465638852,0.12510838802075652,0.10921736329427234,0.10610999341913549,0.09258147285564616,2,1
2015-02-25,2015-02-12,2015-02-25,293,0.7763975155279503,0.7720606907400249,0.0043368247879254085,0.44720496894409933,0.014013496995634967,0.6605837409992853,0.004756408725776175,125,353,36,514,3478.73,0.012990227481858518,0.16668049741149088,0.0,0.17390209947822313,0.20142306458404646,0.1397469695677689,0.11352753229657135,0.0983840095041582,0.13635052620830587,0.07932128479114274,2,1
2015-03-04,2015-02-26,2015-03-04,294,0.8056872037914692,0.7714364515315602,0.034250752259909034,0.3886255924170616,0.21792313164927057,0.5392777754477205,0.1004020299948512,170,355,41,566,3530.82,0.014973855401252845,0.004756408725776175,0.16668049741149088,0.0,0.17390209947822313,0.20142306458404646,0.05714563537908902,0.0948897800415544,0.10935241403990734,0.09852468029495824,3,1
2015-03-11,2015-03-05,2015-03-11,295,0.848314606741573,0.776944790940966,0.07136981580060697,0.3033707865168539,0.47094690100746034,0.3627324251764939,0.30011918947567007,151,356,27,534,3524.65,-0.001747469426365611,0.1004020299948512,0.004756408725776175,0.16668049741149088,0.0,0.17390209947822313,0.0906129787107061,0.081404679029878,0.08914820712206831,0.08424741139336812,3,1
2015-03-18,2015-03-12,2015-03-18,296,0.8131313131313131,0.8154123315152482,-0.0022810183839350184,0.3737373737373737,0.0,0.5084473049074818,0.0,161,387,37,585,3846.06,0.09118919609039189,0.30011918947567007,0.1004020299948512,0.004756408725776175,0.16668049741149088,0.0,0.13509254273209917,0.1507062268738664,0.11439162512155769,0.12502988409793678,3,1
2015-03-25,2015-03-19,2015-03-25,297,0.8669527896995708,0.8108826597980765,0.05607012990149429,0.2660944206008584,0.3666559026113018,0.2855406585893882,0.2619607347039841,202,353,31,586,3940.41,0.024531598571005064,0.0,0.30011918947567007,0.1004020299948512,0.004756408725776175,0.16668049741149088,0.13350707315684043,0.15277381937017584,0.11439162512155769,0.12502988409793678,3,1
2015-04-01,2015-03-26,2015-04-01,298,0.7842465753424658,0.8335214783409816,-0.04927490299851578,0.43150684931506844,0.3203359322071273,0.6280761304400532,0.11914057946556758,229,390,63,682,4123.9,0.04656622026641899,0.2619607347039841,0.0,0.30011918947567007,0.1004020299948512,0.004756408725776175,0.1873599747265514,0.1633763661451409,0.13344767258005633,0.14120617805541344,4,2
2015-04-09,2015-04-02,2015-04-09,299,0.8221153846153846,0.8281613212287307,-0.00604593661334607,0.3557692307692307,0.02566373477300916,0.47123893805309724,0.013569983652099979,171,306,37,514,4262.14,0.03352166638376319,0.11914057946556758,0.2619607347039841,0.0,0.30011918947567007,0.1004020299948512,0.12703377138985059,0.13115861958227493,0.15632450672801462,0.1232712889340795,4,2
2015-04-16,2015-04-10,2015-04-16,300,0.784688995215311,0.8216115156971836,-0.03692252048187261,0.430622009569378,0.23613536013481554,0.6262438074268535,0.08825705313587742,164,369,45,578,4513.55,0.058986800058186795,0.013569983652099979,0.11914057946556758,0.2619607347039841,0.0,0.30011918947567007,0.1315570992738839,0.12466001273520894,0.13895809745946436,0.13831739975697557,4,2
2015-04-23,2015-04-17,2015-04-23,301,0.7848101265822784,0.814500936218183,-0.029690809635904536,0.430379746835443,0.18684007726354565,0.6257421306149881,0.0699263692323856,186,333,51,570,4740.89,0.050368335345792214,0.08825705313587742,0.013569983652099979,0.11914057946556758,0.2619607347039841,0.0,0.073655872084515,0.05427875773425157,0.09658567019150585,0.1050564106264798,4,2
2015-04-30,2015-04-24,2015-04-30,302,0.7309644670050761,0.79396527043886,-0.06300080343378389,0.5380710659898478,0.41389915106794056,0.8487489331117201,0.06260268818317936,144,379,53,576,4749.89,0.001898377730763734,0.0699263692323856,0.08825705313587742,0.013569983652099979,0.11914057946556758,0.2619607347039841,0.057251135340120995,0.03892346018388264,0.11057094403798295,0.09294001408618353,4,2
2015-05-08,2015-05-04,2015-05-08,303,0.8571428571428571,0.7806447433545125,0.07649811378834459,0.2857142857142857,0.5059041753424312,0.3261694058154235,0.3408937110714486,108,460,18,586,4558.4,-0.040314617812202136,0.06260268818317936,0.0699263692323856,0.08825705313587742,0.013569983652099979,0.11914057946556758,0.07359537018381412,0.013214869892196576,0.07069933473382202,0.038680562246100864,5,2
2015-05-15,2015-05-11,2015-05-15,304,0.8769230769230769,0.7894016114863807,0.08752146543669626,0.24615384615384617,0.5810453486096032,0.2442477876106195,0.4391263077102665,114,464,16,594,4617.47,0.012958494208494375,0.3408937110714486,0.06260268818317936,0.0699263692323856,0.08825705313587742,0.013569983652099979,0.1578075894956712,0.15859951138409237,0.11504996105499823,0.12923650811652743,5,2
2015-05-22,2015-05-18,2015-05-22,305,0.859504132231405,0.8124601319133221,0.04704400031808287,0.28099173553719003,0.30512888355258544,0.31638996562568555,0.20858916657397913,104,424,17,545,4951.33,0.07230366412775813,0.4391263077102665,0.3408937110714486,0.06260268818317936,0.0699263692323856,0.08825705313587742,0.28087423565496483,0.19530556082046685,0.20016122586663157,0.17699996877059476,5,2
2015-05-29,2015-05-25,2015-05-29,306,0.9,0.8311336333256037,0.06886636667439627,0.19999999999999996,0.4538820272232445,0.14867256637168133,0.3864022214059834,90,468,10,568,4840.83,-0.022317235974980476,0.20858916657397913,0.4391263077102665,0.3408937110714486,0.06260268818317936,0.0699263692323856,0.32953639511856475,0.11568744456536037,0.22422764855425187,0.1658074776542679,5,2
2015-06-05,2015-06-01,2015-06-05,307,0.8976377952755905,0.8733925165743347,0.024245278701255812,0.20472440944881887,0.14972037025017365,0.15845585673472226,0.12599630071154255,114,457,13,584,5230.55,0.08050685522937195,0.3864022214059834,0.20858916657397913,0.4391263077102665,0.3408937110714486,0.06260268818317936,0.3447058985634097,0.12079230465872903,0.2875228189889715,0.15201052008147184,6,2
2015-06-12,2015-06-08,2015-06-12,308,0.9358974358974359,0.8835162511075181,0.05238118478991782,0.1282051282051282,0.34151004201966373,0.0,0.34151004201966373,146,531,10,687,5335.12,0.01999216143617777,0.12599630071154255,0.3864022214059834,0.20858916657397913,0.4391263077102665,0.3408937110714486,0.24032922956383504,0.1330728544149025,0.30020154149464406,0.1295441948767031,6,2
2015-06-19,2015-06-15,2015-06-19,309,0.8775510204081632,0.8982598408511079,-0.020708820442944642,0.24489795918367352,0.12561394316548416,0.24164710131840356,0.09525969791437022,86,414,12,512,4637.05,-0.13084429216212567,0.34151004201966373,0.12599630071154255,0.3864022214059834,0.20858916657397913,0.4391263077102665,0.28463618804572993,0.13920771290616799,0.3003248076842871,0.12959287912825643,6,2
2015-06-29,2015-06-23,2015-06-29,310,0.8629032258064516,0.9027715628952974,-0.03986833708884574,0.27419354838709675,0.2562156517864912,0.3023123037396517,0.17875850784076064,107,418,17,542,4191.55,-0.09607401257264858,0.09525969791437022,0.34151004201966373,0.12599630071154255,0.3864022214059834,0.20858916657397913,0.18758868021519218,0.1341828003236071,0.23155148572510784,0.12875776777731215,6,2
2015-07-06,2015-06-30,2015-07-06,311,0.8974358974358975,0.8934973693469104,0.003938528088987092,0.20512820512820518,0.011298489598484398,0.1592920353982302,0.009498730193416086,105,380,12,497,3998.54,-0.04604740489794945,0.17875850784076064,0.09525969791437022,0.34151004201966373,0.12599630071154255,0.3864022214059834,0.20517608259159817,0.12523268017886102,0.22558535397846416,0.13076324772751735,7,3
2015-07-13,2015-07-07,2015-07-13,312,0.8787878787878788,0.893446894886987,-0.014659016099108246,0.24242424242424243,0.08437517922741491,0.23652453740949317,0.06441837899180752,203,505,28,736,4211.81,0.053336967993317774,0.009498730193416086,0.17875850784076064,0.09525969791437022,0.34151004201966373,0.12599630071154255,0.09450564531618232,0.08463240826537835,0.15020465573595068,0.12330472782599267,7,3
2015-07-20,2015-07-14,2015-07-20,313,0.8295454545454546,0.8791695056095978,-0.04962405106414325,0.34090909090909094,0.3227159157304811,0.44046661303298473,0.18057032935683795,146,481,30,657,4160.61,-0.01215629384991268,0.06441837899180752,0.009498730193416086,0.17875850784076064,0.09525969791437022,0.34151004201966373,0.08422520567532808,0.08635074330751484,0.13788907139200368,0.12925855518392107,7,3
2015-07-27,2015-07-21,2015-07-27,314,0.8208092485549133,0.8671681141439207,-0.04635886558900737,0.35838150289017345,0.3004586317969393,0.47664842191416446,0.1572454991004392,142,339,31,512,3818.73,-0.08217064324702383,0.18057032935683795,0.06441837899180752,0.009498730193416086,0.17875850784076064,0.09525969791437022,0.0848291461806872,0.08734313122971679,0.10570112885943853,0.0741804695196971,7,3
2015-08-03,2015-07-28,2015-08-03,315,0.8152866242038217,0.856644619831036,-0.04135799562721432,0.3694267515923567,0.2663699763432346,0.4995208838284201,0.1333126103349067,128,393,29,550,3829.24,0.002752223906900886,0.1572454991004392,0.18057032935683795,0.06441837899180752,0.009498730193416086,0.17875850784076064,0.1340780691496949,0.06144400907567833,0.11809828909665232,0.07712055326933896,8,3
2015-08-10,2015-08-04,2015-08-10,316,0.7951219512195122,0.836107301523017,-0.04098535030350481,0.40975609756097564,0.26382982270128447,0.5830347507014894,0.11000786779502295,163,345,42,550,4084.36,0.066624186522652,0.1333126103349067,0.1572454991004392,0.18057032935683795,0.06441837899180752,0.009498730193416086,0.15704281293072797,0.023629511485670527,0.10900910959548153,0.07058517276827869,8,3
2015-08-17,2015-08-11,2015-08-17,317,0.8009950248756219,0.8151908196309255,-0.014195794755303637,0.3980099502487562,0.08121761006276985,0.5587108704266278,0.03584044845062926,161,347,40,548,4077.87,-0.001588988238059419,0.11000786779502295,0.1333126103349067,0.1572454991004392,0.18057032935683795,0.06441837899180752,0.13352199241012294,0.02361951171122323,0.1291109371158029,0.04474184568115569,8,3
2015-08-24,2015-08-18,2015-08-24,318,0.7731481481481481,0.8080532122134674,-0.034905064065319236,0.4537037037037037,0.22238327755674836,0.6740412979351033,0.07248776451333537,167,404,49,620,3275.53,-0.196754678300191,0.03584044845062926,0.11000786779502295,0.1333126103349067,0.1572454991004392,0.18057032935683795,0.09305364219351964,0.050899802650979147,0.12339535100756724,0.05558382942960094,8,3
2015-08-31,2015-08-25,2015-08-31,319,0.6947368421052632,0.7961379371117759,-0.10140109500651273,0.6105263157894737,0.6756564690437132,0.998789007918025,0.0008182146341470887,132,349,58,539,3366.54,0.02778481650297815,0.07248776451333537,0.03584044845062926,0.11000786779502295,0.1333126103349067,0.1572454991004392,0.0727786935863292,0.03708456556096942,0.10177883803886674,0.048333436731299244,8,3
2015-09-09,2015-09-01,2015-09-09,320,0.7480916030534351,0.7660004915871363,-0.017908888533701206,0.5038167938931297,0.10652808113002919,0.7778153077078969,0.023668908926343733,98,458,33,589,3399.31,0.009734029597153082,0.0008182146341470887,0.07248776451333537,0.03584044845062926,0.11000786779502295,0.1333126103349067,0.03638214253270391,0.03583784548951274,0.07049338114560831,0.053775185608430594,9,3
2015-09-16,2015-09-10,2015-09-16,321,0.9032258064516129,0.754242904545617,0.14898290190599583,0.19354838709677424,1.0,0.13531258920924932,0.8646874107907507,112,429,12,553,3309.25,-0.026493611938893435,0.023668908926343733,0.0008182146341470887,0.07248776451333537,0.03584044845062926,0.11000786779502295,0.0323249626912754,0.03661047042933637,0.04856464086389571,0.043037802394655635,9,3
2015-09-23,2015-09-17,2015-09-23,322,0.8323699421965318,0.7798005999396148,0.05256934225691701,0.33526011560693647,0.34279262587258946,0.42876873497365603,0.19581386531890155,144,481,29,654,3263.03,-0.013966910931479837,0.8646874107907507,0.023668908926343733,0.0008182146341470887,0.07248776451333537,0.03584044845062926,0.29639151145041387,0.4922912861941501,0.19950054946304127,0.3727538975899414,9,3
2015-09-30,2015-09-24,2015-09-30,323,0.8148148148148148,0.7946060484517108,0.02020876636310398,0.37037037037037035,0.12220530199581939,0.5014749262536873,0.060922407189656275,110,462,25,597,3202.95,-0.018412334547950993,0.19581386531890155,0.8646874107907507,0.023668908926343733,0.0008182146341470887,0.07248776451333537,0.3613900616786654,0.44428553624925515,0.23149523283669576,0.36190210583445553,9,3
2015-10-14,2015-10-08,2015-10-14,324,0.7817460317460317,0.8246255416290986,-0.04287950988306688,0.4365079365079365,0.2767414468337533,0.6384323640960808,0.10006075068831032,197,447,55,699,3406.11,0.06342902636631864,0.060922407189656275,0.19581386531890155,0.8646874107907507,0.023668908926343733,0.0008182146341470887,0.37380789443310286,0.43043112231075625,0.22918216137195993,0.3632070687632124,10,4
2015-10-21,2015-10-15,2015-10-21,325,0.7920353982300885,0.8330391488022478,-0.041003750572159325,0.415929203539823,0.2639552489617575,0.5958179967107838,0.10668596130406693,179,468,47,694,3473.25,0.019711635854390952,0.10006075068831032,0.060922407189656275,0.19581386531890155,0.8646874107907507,0.023668908926343733,0.11893234106562271,0.06939761567651444,0.2490306685827926,0.350082108059321,10,4
