week,week_start,week_end,week_id,P_t,E_P_t,H1t,H2t,H1t_norm,H2t_norm,H3t,H3t_formula_reference,WeekPositive,WeekNeutral,WeekNegative,NewsCount,close,return
2014-10-13,2014-09-30,2014-10-13,275,0.8471337579617835,0.8471337579617835,0.0,0.30573248407643316,0.0,0.3676230201228793,0.0,0.174640268665099,133,299,24,456,2454.95,0.0029209902769833374
2014-10-20,2014-10-14,2014-10-20,276,0.7427184466019418,0.8471337579617835,-0.10441531135984172,0.5145631067961165,0.7008543263959575,0.8000687344273563,0.1401226924584065,0.08572010853324852,153,416,53,622,2454.71,-9.776166520691909e-05
2014-10-27,2014-10-21,2014-10-27,277,0.7327188940092166,0.7949261022818626,-0.06220720827264592,0.5345622119815668,0.41754595646080905,0.8414828106520941,0.06618821144175055,0.21530425304462386,159,363,58,580,2368.83,-0.03498580280358987
2014-11-03,2014-10-28,2014-11-03,278,0.725,0.7741903661909806,-0.049190366190980606,0.55,0.3301745741401815,0.8734513274336283,0.04178315407260704,0.2635449888721739,203,478,77,758,2512.55,0.0606713018663223
2014-11-10,2014-11-04,2014-11-10,279,0.8043478260869565,0.7618927746432355,0.04245505144372108,0.3913043478260869,0.2849659316644877,0.5448249326664101,0.12970938713316238,0.3403220171576044,148,484,36,668,2565.73,0.02116574794531445
2014-11-17,2014-11-11,2014-11-17,280,0.8226950354609929,0.7511962916745287,0.07149874378646415,0.35460992907801414,0.479912411906018,0.4688382602146487,0.2549111116525847,0.3408366801593867,116,447,25,588,2567.1,0.0005339610948931206
2014-11-24,2014-11-18,2014-11-24,281,0.9130434782608695,0.7711904388892915,0.141853039371578,0.17391304347826086,0.9521430819026697,0.09465178914967295,0.8620210356740984,0.09227391234528129,147,479,14,640,2649.26,0.03200498617116598
2014-12-01,2014-11-25,2014-12-01,282,0.891156462585034,0.8162715849522048,0.07488487763282925,0.217687074829932,0.5026407505478687,0.18529889832039015,0.4095019732204146,0.13691968170344943,131,473,16,620,2819.81,0.06437646739089398
2014-12-08,2014-12-02,2014-12-08,283,0.8869047619047619,0.8578107005984632,0.029094061306298657,0.22619047619047616,0.19528456577289802,0.2029077117572692,0.15565982139040735,0.11719274129746739,149,504,19,672,3252.88,0.1535812696600125
2014-12-15,2014-12-09,2014-12-15,284,0.8562874251497006,0.8784499345529145,-0.02216250940321396,0.28742514970059885,0.14875874425642413,0.329712256902125,0.0997111629537125,0.130883261661182,143,469,24,636,3217.23,-0.010959518949361868
2014-12-22,2014-12-16,2014-12-22,285,0.8215962441314554,0.8868480319750915,-0.06525178784363617,0.35680751173708924,0.43798172145155473,0.4733890066060078,0.23064598942201403,0.11604431964011477,175,506,38,719,3394.48,0.055093978360266416
2014-12-29,2014-12-23,2014-12-29,286,0.8865248226950354,0.863986223442738,0.022538599252297398,0.22695035460992907,0.15128312688202733,0.2044812652984372,0.12034856167888637,0.11337837495274058,125,489,16,630,3455.46,0.01796445994673701
2015-01-07,2014-12-30,2015-01-07,287,0.8682634730538922,0.8628283134702384,0.005435159583653815,0.26347305389221554,0.036481767465391786,0.28011234168830473,0.026262774151732685,0.1384325280790187,145,506,22,673,3643.79,0.054502150220231194
2015-01-14,2015-01-08,2015-01-14,288,0.8862559241706162,0.8581679912575209,0.028087932913095304,0.2274881516587678,0.18853125126276588,0.20559493352346603,0.14977018119230165,0.1180159293720659,187,423,24,634,3502.42,-0.03879751577341173
2015-01-21,2015-01-15,2015-01-21,289,0.7788944723618091,0.8656601160127497,-0.08676564365094064,0.44221105527638194,0.5823865862519405,0.6502423622537467,0.20369415666258334,0.11010571048980385,155,393,44,592,3548.88,0.013265113835576603
2015-01-28,2015-01-22,2015-01-28,290,0.7836538461538461,0.8549846730703383,-0.07133082691649217,0.4326923076923077,0.47878532371117316,0.6305309734513274,0.17689634747735827,0.14105953789155773,163,405,45,613,3525.32,-0.00663871418588402
2015-02-04,2015-01-29,2015-02-04,291,0.6944444444444444,0.8292669289350408,-0.13482248449059642,0.6111111111111112,0.9049527346142427,1.0,0.0,0.0,150,419,66,635,3401.77,-0.03504646386710997
2015-02-11,2015-02-05,2015-02-11,292,0.83125,0.7858121717826789,0.04543782821732112,0.3375,0.3049868651772614,0.4334070796460177,0.17280339861039085,0.27528052479469983,133,409,27,569,3434.12,0.009509755215667104
2015-02-25,2015-02-12,2015-02-25,293,0.7763975155279503,0.7720606907400249,0.0043368247879254085,0.44720496894409933,0.029109547018098942,0.6605837409992853,0.009880253550088553,0.3239063862925552,125,353,36,514,3478.73,0.012990227481858518
2015-03-04,2015-02-26,2015-03-04,294,0.8056872037914692,0.7714364515315602,0.034250752259909034,0.3886255924170616,0.22989720177098127,0.5392777754477205,0.10591875021827074,0.32126747191170707,170,355,41,566,3530.82,0.014973855401252845
2015-03-11,2015-03-05,2015-03-11,295,0.848314606741573,0.776944790940966,0.07136981580060697,0.3033707865168539,0.47904702410508415,0.3627324251764939,0.30528113527786466,0.2635349317607108,151,356,27,534,3524.65,-0.001747469426365611
2015-03-18,2015-03-12,2015-03-18,296,0.8131313131313131,0.8154123315152482,-0.0022810183839350184,0.3737373737373737,0.015310605141617386,0.5084473049074818,0.007525969220859392,0.23745268575081388,161,387,37,585,3846.06,0.09118919609039189
2015-03-25,2015-03-19,2015-03-25,297,0.8669527896995708,0.8108826597980765,0.05607012990149429,0.2660944206008584,0.37635278400519423,0.2855406585893882,0.2688887621984013,0.19205978972223692,202,353,31,586,3940.41,0.024531598571005064
2015-04-01,2015-03-26,2015-04-01,298,0.7842465753424658,0.8335214783409816,-0.04927490299851578,0.43150684931506844,0.33074200037804946,0.6280761304400532,0.12301084460660155,0.18932126213054945,229,390,63,682,4123.9,0.04656622026641899
2015-04-09,2015-04-02,2015-04-09,299,0.8221153846153846,0.8281613212287307,-0.00604593661334607,0.3557692307692307,0.04058141260505781,0.47123893805309724,0.021457870824355792,0.2138244253864096,171,306,37,514,4262.14,0.03352166638376319
2015-04-16,2015-04-10,2015-04-16,300,0.784688995215311,0.8216115156971836,-0.03692252048187261,0.430622009569378,0.24783059001743515,0.6262438074268535,0.09262821772807302,0.21602566105669682,164,369,45,578,4513.55,0.058986800058186795
2015-04-23,2015-04-17,2015-04-23,301,0.7848101265822784,0.814500936218183,-0.029690809635904536,0.430379746835443,0.1992900477575516,0.6257421306149881,0.07458586866337853,0.23179728564689064,186,333,51,570,4740.89,0.050368335345792214
2015-04-30,2015-04-24,2015-04-30,302,0.7309644670050761,0.79396527043886,-0.06300080343378389,0.5380710659898478,0.42287270973910607,0.8487489331117201,0.06395994850597772,0.2147900571769832,144,379,53,576,4749.89,0.001898377730763734
2015-05-08,2015-05-04,2015-05-08,303,0.8571428571428571,0.7806447433545125,0.07649811378834459,0.2857142857142857,0.5134690814158851,0.3261694058154235,0.3459911762258746,0.24286471392365938,108,460,18,586,4558.4,-0.040314617812202136
2015-05-15,2015-05-11,2015-05-15,304,0.8769230769230769,0.7894016114863807,0.08752146543669626,0.24615384615384617,0.5874597978492856,0.2442477876106195,0.4439740419144158,0.19135302027868656,114,464,16,594,4617.47,0.012958494208494375
2015-05-22,2015-05-18,2015-05-22,305,0.859504132231405,0.8124601319133221,0.04704400031808287,0.28099173553719003,0.31576778084082663,0.31638996562568555,0.21586202351489847,0.20274714165105504,104,424,17,545,4951.33,0.07230366412775813
2015-05-29,2015-05-25,2015-05-29,306,0.9,0.8311336333256037,0.06886636667439627,0.19999999999999996,0.46224342386517,0.14867256637168133,0.39352050775070224,0.10670320471536518,90,468,10,568,4840.83,-0.022317235974980476
2015-06-05,2015-06-01,2015-06-05,307,0.8976377952755905,0.8733925165743347,0.024245278701255812,0.20472440944881887,0.16273866592123387,0.15845585673472226,0.13695177118881902,0.08881162903729692,114,457,13,584,5230.55,0.08050685522937195
2015-06-12,2015-06-08,2015-06-12,308,0.9358974358974359,0.8835162511075181,0.05238118478991782,0.1282051282051282,0.3515919217560209,0.0,0.3515919217560209,0.0,146,531,10,687,5335.12,0.01999216143617777
2015-06-19,2015-06-15,2015-06-19,309,0.8775510204081632,0.8982598408511079,-0.020708820442944642,0.24489795918367352,0.13900132282301325,0.24164710131840356,0.10541205608340844,0.09716248337656032,86,414,12,512,4637.05,-0.13084429216212567
2015-06-29,2015-06-23,2015-06-29,310,0.8629032258064516,0.9027715628952974,-0.03986833708884574,0.27419354838709675,0.26760344025250343,0.3023123037396517,0.18670362774111288,0.10114609667958856,107,418,17,542,4191.55,-0.09607401257264858
2015-07-06,2015-06-30,2015-07-06,311,0.8974358974358975,0.8934973693469104,0.003938528088987092,0.20512820512820518,0.026436108027162716,0.1592920353982302,0.022225046571508474,0.07788268012938139,105,380,12,497,3998.54,-0.04604740489794945
2015-07-13,2015-07-07,2015-07-13,312,0.8787878787878788,0.893446894886987,-0.014659016099108246,0.24242424242424243,0.09839394931612815,0.23652453740949317,0.07512136597023782,0.10014471231740604,203,505,28,736,4211.81,0.053336967993317774
2015-07-20,2015-07-14,2015-07-20,313,0.8295454545454546,0.8791695056095978,-0.04962405106414325,0.34090909090909094,0.3330855449134336,0.44046661303298473,0.1863724830951674,0.13222816481229638,146,481,30,657,4160.61,-0.01215629384991268
2015-07-27,2015-07-21,2015-07-27,314,0.8208092485549133,0.8671681141439207,-0.04635886558900737,0.35838150289017345,0.31116903346572317,0.47664842191416446,0.16285080471573038,0.1485737986922322,142,339,31,512,3818.73,-0.08217064324702383
2015-08-03,2015-07-28,2015-08-03,315,0.8152866242038217,0.856644619831036,-0.04135799562721432,0.3694267515923567,0.27760229595547875,0.4995208838284201,0.13893415172699936,0.1645052078693343,128,393,29,550,3829.24,0.002752223906900886
2015-08-10,2015-08-04,2015-08-10,316,0.7951219512195122,0.836107301523017,-0.04098535030350481,0.40975609756097564,0.2751010336029396,0.5830347507014894,0.11470757105852766,0.19277403727940692,163,345,42,550,4084.36,0.066624186522652
2015-08-17,2015-08-11,2015-08-17,317,0.8009950248756219,0.8151908196309255,-0.014195794755303637,0.3980099502487562,0.09528472444617032,0.5587108704266278,0.04204811311248912,0.23747062617236303,161,347,40,548,4077.87,-0.001588988238059419
2015-08-24,2015-08-18,2015-08-24,318,0.7731481481481481,0.8080532122134674,-0.034905064065319236,0.4537037037037037,0.23428906014559567,0.6740412979351033,0.0763685579530629,0.2373051075770206,167,404,49,620,3275.53,-0.196754678300191
2015-08-31,2015-08-25,2015-08-31,319,0.6947368421052632,0.7961379371117759,-0.10140109500651273,0.6105263157894737,0.6806223647764229,0.998789007918025,0.0008242282945593133,0.11761903771411535,132,349,58,539,3366.54,0.02778481650297815
2015-09-09,2015-09-01,2015-09-09,320,0.7480916030534351,0.7660004915871363,-0.017908888533701206,0.5038167938931297,0.12020767688497053,0.7778153077078969,0.026708305699835736,0.3204209256528089,98,458,33,589,3399.31,0.009734029597153082
2015-09-16,2015-09-10,2015-09-16,321,0.9032258064516129,0.754242904545617,0.14898290190599583,0.19354838709677424,1.0,0.13531258920924932,0.8646874107907507,0.13531258920924932,112,429,12,553,3309.25,-0.026493611938893435
2015-09-23,2015-09-17,2015-09-23,322,0.8323699421965318,0.7798005999396148,0.05256934225691701,0.33526011560693647,0.35285486847401343,0.42876873497365603,0.20156173288911491,0.2831086383492918,144,481,29,654,3263.03,-0.013966910931479837
2015-09-30,2015-09-24,2015-09-30,323,0.8148148148148148,0.7946060484517108,0.02020876636310398,0.37037037037037035,0.13564487001236666,0.5014749262536873,0.06762236882622409,0.2739351993137851,110,462,25,597,3202.95,-0.018412334547950993
2015-10-14,2015-10-08,2015-10-14,324,0.7817460317460317,0.8246255416290986,-0.04287950988306688,0.4365079365079365,0.28781497295657915,0.6384323640960808,0.10406457934966075,0.20682965670948883,197,447,55,699,3406.11,0.06342902636631864
2015-10-21,2015-10-15,2015-10-21,325,0.7920353982300885,0.8330391488022478,-0.041003750572159325,0.415929203539823,0.2752245395114641,0.5958179967107838,0.11124080573409557,0.19696204785596153,179,468,47,694,3473.25,0.019711635854390952
