NewsID,Title,date_time,trade_date,week_id,label,label_name
143702,凤凰光学股份有限公司关于参加江西辖区上市公司投资者网上集体接待日活动的公告,2014-10-08 01:21:37,2014-10-08,275,0,neutral
53004,北京东方园林股份有限公司关于签署开发性金融合作协议的公告,2014-10-08 01:25:17,2014-10-08,275,0,neutral
40333,苏州天马精细化学品股份有限公司第三届董事会第九次会议决议的公告,2014-10-08 01:31:14,2014-10-08,275,0,neutral
54263,安徽皖通科技股份有限公司关于职工监事辞职及补选职工监事的公告,2014-10-08 01:31:29,2014-10-08,275,0,neutral
79356,东易日盛家居装饰集团股份有限公司关于使用部分闲置募集资金及自有资金购买保本型银行理财产品的进展公告,2014-10-08 01:32:24,2014-10-08,275,0,neutral
156700,最高检铁检厅与中国中铁、中国铁建首次召开联席会议,2014-10-08 01:50:29,2014-10-08,275,0,neutral
89572,太阳鸟游艇股份有限公司非公开发行股票预案披露提示性公告,2014-10-08 04:35:18,2014-10-08,275,0,neutral
57024,北京千方科技股份有限公司关于股东股权质押的公告,2014-10-08 04:40:53,2014-10-08,275,0,neutral
67152,株洲天桥起重机股份有限公司股票交易异常波动公告,2014-10-08 04:41:34,2014-10-08,275,0,neutral
69228,江苏亚威机床股份有限公司关于筹划发行股份购买资产的进展公告,2014-10-08 04:42:29,2014-10-08,275,0,neutral
25225,大唐高鸿数据网络技术股份有限公司公告（系列）,2014-10-08 04:45:46,2014-10-08,275,0,neutral
140594,上海新黄浦置业股份有限公司关于收到股东函件的公告,2014-10-08 04:48:34,2014-10-08,275,0,neutral
74613,浙江赞宇科技股份有限公司关于股东股份解除质押的公告,2014-10-08 04:50:42,2014-10-08,275,0,neutral
8655,广州市浪奇实业股份有限公司第八届董事会关于重大事项停牌公告,2014-10-08 04:51:42,2014-10-08,275,0,neutral
50821,上海神开石油化工装备股份有限公司简式权益变动报告书,2014-10-08 04:58:46,2014-10-08,275,0,neutral
140402,上海东方明珠（集团）股份有限公司重大资产重组进展公告,2014-10-08 04:59:11,2014-10-08,275,0,neutral
26741,湖北能源集团股份有限公司简式权益变动报告书,2014-10-08 05:02:01,2014-10-08,275,0,neutral
8185,丽珠医药集团股份有限公司关于公司股票复牌的公告,2014-10-08 05:03:18,2014-10-08,275,0,neutral
12690,焦作万方铝业股份有限公司关于股东增持及第一大股东变更的提示性公告,2014-10-08 05:04:16,2014-10-08,275,0,neutral
140927,中源协和推出“生命银行卡”,2014-10-08 05:15:08,2014-10-08,275,1,positive
139790,谢谢你们，给世界带来新的光源,2014-10-08 05:21:18,2014-10-08,275,0,neutral
80764,电光科技等四新股明日上市交易,2014-10-08 06:24:29,2014-10-08,275,0,neutral
42848,阿里上市后首笔投资28亿入股石基信息,2014-10-08 06:31:03,2014-10-08,275,0,neutral
100764,新农村 新文化 新生活,2014-10-08 06:45:40,2014-10-08,275,0,neutral
19926,新华制药1.02亿元购新达制药40%股权,2014-10-08 07:32:22,2014-10-08,275,0,neutral
17458,停牌近2个月 中兴商业筹划资产注入,2014-10-08 07:51:40,2014-10-08,275,0,neutral
12693,吉奥高投资成为焦作万方第一大股东 中国铝业退居次席,2014-10-08 08:00:32,2014-10-08,275,0,neutral
164690,董秀成：中国石油供需矛盾将长期存在,2014-10-08 08:05:49,2014-10-08,275,-1,negative
168086,中信银行联办国际教育展周日开幕,2014-10-08 08:14:20,2014-10-08,275,0,neutral
133046,[公司]烽火通信8日停牌 因重要事项未公告,2014-10-08 09:18:46,2014-10-08,275,0,neutral
167478,中国银行间市场七天期质押式回购利率10月8日开盘报2.88%，9月30日收报2.9126%,2014-10-08 09:26:04,2014-10-08,275,0,neutral
133045,烽火通信等5公司拟披露重大事项 今起停牌,2014-10-08 09:37:54,2014-10-08,275,0,neutral
45180,[互动]劲嘉股份:现未涉3D打印及云印刷领域,2014-10-08 09:49:20,2014-10-08,275,0,neutral
89571,太阳鸟复牌涨停 拟定增募资4.2亿补血,2014-10-08 09:57:31,2014-10-08,275,0,neutral
67479,[公司]海源机械8日起停牌 拟披露重大事项,2014-10-08 10:09:39,2014-10-08,275,0,neutral
78121,[公司]美盛文化8日起停牌 拟披露重大事项,2014-10-08 10:14:39,2014-10-08,275,0,neutral
29430,[公司]华西股份8日停牌 发生重大未披事项,2014-10-08 10:15:11,2014-10-08,275,0,neutral
60833,云南锗业:公司未受普洱地震直接影响,2014-10-08 10:31:50,2014-10-08,275,0,neutral
160035,新浪体育评现役50大第21星 逆袭！小钢炮的大智慧,2014-10-08 10:50:23,2014-10-08,275,0,neutral
164689,港媒:中国南苏丹维和不为石油 意在实战练兵,2014-10-08 11:02:33,2014-10-08,275,0,neutral
75930,[互动]雪迪龙:昆山爆炸事件对订单影响积极,2014-10-08 11:09:33,2014-10-08,275,1,positive
170647,兰石重装9日在上交所上市交易,2014-10-08 11:10:00,2014-10-08,275,0,neutral
20323,[互动]西藏矿业:罗布莎矿中金刚石未成规模,2014-10-08 11:34:35,2014-10-08,275,1,positive
95030,银禧科技获政府补助2500万 8日下午复牌,2014-10-08 12:29:29,2014-10-08,275,0,neutral
95764,金城医药前三季净利预增超七成,2014-10-08 12:36:43,2014-10-08,275,1,positive
95763,午间公告：金城医药前三季净利预增超七成,2014-10-08 13:06:59,2014-10-08,275,1,positive
44486,[公司]怡亚通非公开发行申请获证监会受理,2014-10-08 13:24:17,2014-10-08,275,0,neutral
111194,信达国际：中国先锋医药或进一步上试高位,2014-10-08 13:42:47,2014-10-08,275,1,positive
92489,朗源股份午后涨停 前三季度净利预增超六倍,2014-10-08 13:49:43,2014-10-08,275,1,positive
1990,云南锡业雷毅贪腐案波及中航信托 8亿地产信托踩雷,2014-10-08 14:12:46,2014-10-08,275,0,neutral
164687,港媒：中国向南苏丹派部队不为石油 将实战练兵,2014-10-08 14:17:26,2014-10-08,275,0,neutral
22036,华闻传媒28亿豪买4公司惊险过关 传媒集团浮现,2014-10-08 14:54:10,2014-10-08,275,0,neutral
56398,隆基机械：拟参股车易安养车网 汽车后市场o2o战略开始落地,2014-10-08 15:00:47,2014-10-08,275,1,positive
76037,电子行业204亿并购：茂硕电源4笔4400万最频繁,2014-10-08 15:04:04,2014-10-08,275,0,neutral
75314,10月08日卫星石化丙烯酸及酯价格动态,2014-10-08 15:32:33,2014-10-08,275,0,neutral
84490,同花顺收评：关键战役明日打响,2014-10-08 15:38:15,2014-10-08,275,1,positive
42211,[互动]宏达高科:开始对宝马小批量试样供货,2014-10-08 15:59:46,2014-10-08,275,0,neutral
42209,[互动]宏达高科:正研多项移动医疗器械产品,2014-10-08 16:04:34,2014-10-08,275,0,neutral
42210,[互动]宏达高科:公司经编面料可用于医用等,2014-10-08 16:09:47,2014-10-08,275,0,neutral
111701,[公司]皖维高新预计1,2014-10-08 16:09:55,2014-10-08,275,1,positive
134985,豫光金铅收到政府补助资金1830万元,2014-10-08 16:12:35,2014-10-08,275,0,neutral
149392,梅雁吉祥7358万出售金象铜箔42%股权,2014-10-08 16:19:23,2014-10-08,275,0,neutral
160034,大智慧90亿买湘财证券 新湖系互联网金融局中局,2014-10-08 16:20:09,2014-10-08,275,0,neutral
42208,[互动]宏达高科:部分经编产品已供军工领域,2014-10-08 16:25:05,2014-10-08,275,0,neutral
90359,通信业42单并购50亿资产重估 大富科技涨2.5倍,2014-10-08 16:30:16,2014-10-08,275,1,positive
85342,世纪鼎利踩红线收购智翔：吃老本染指在线教育谋转型,2014-10-08 16:33:17,2014-10-08,275,0,neutral
27780,金利丰证券：推荐厦门港务 目标价2.2元,2014-10-08 16:34:33,2014-10-08,275,1,positive
162848,[公司]华泰证券附属公司首期境外债券发行,2014-10-08 16:45:58,2014-10-08,275,0,neutral
11093,1573经典装暂停供货 泸州老窖控量保价清理渠道,2014-10-08 16:55:03,2014-10-08,275,0,neutral
70415,[互动]群兴玩具:即将上线游戏正处内测阶段,2014-10-08 17:00:44,2014-10-08,275,0,neutral
39373,多公司三季报预告大增：沃华医药前三季净利大增近150%,2014-10-08 17:19:33,2014-10-08,275,1,positive
98609,[公司]苏交科料1,2014-10-08 17:29:42,2014-10-08,275,1,positive
57839,[互动]天原集团:塑胶管路项目一期进展顺利,2014-10-08 17:30:54,2014-10-08,275,1,positive
100497,【明星生日会】国庆生日会大盘点：美女型男多,2014-10-08 17:32:51,2014-10-08,275,0,neutral
15189,[公司]盈方微料1,2014-10-08 17:39:56,2014-10-08,275,-1,negative
8517,江南红箭40亿鲸吞中南钻石 导弹第一股待升空,2014-10-08 17:42:11,2014-10-08,275,1,positive
53856,[互动]普利特:目前公司产品没有涉及3D打印,2014-10-08 17:49:38,2014-10-08,275,0,neutral
154927,太平洋保险快速应对云南普洱地震,2014-10-08 17:51:25,2014-10-08,275,0,neutral
42710,北斗星通火线并购布局上游 破增收不增利魔咒,2014-10-08 17:56:39,2014-10-08,275,0,neutral
121210,云南城投166亩土地被征收 补偿费为2.21亿,2014-10-08 17:57:49,2014-10-08,275,0,neutral
9757,东源电器溢价并购国轩科技 佛山照明3亿落袋,2014-10-08 17:59:18,2014-10-08,275,1,positive
4985,金融并购战：四大行海外军备竞争 申万宏源合并压轴,2014-10-08 18:01:40,2014-10-08,275,0,neutral
11090,泸州老窖料1,2014-10-08 18:03:51,2014-10-08,275,-1,negative
106238,国庆黄金周广州白云机场客流量突破104万人次,2014-10-08 18:13:41,2014-10-08,275,1,positive
90110,青松股份前三季业绩预增3至6成,2014-10-08 18:18:15,2014-10-08,275,1,positive
147371,保税科技拟在上海自贸区设投资基金公司,2014-10-08 18:31:00,2014-10-08,275,0,neutral
93127,通裕重工前三季业绩预增3至4成 受益于行业回暖,2014-10-08 18:43:44,2014-10-08,275,1,positive
30170,注入迁钢公司 首钢股份前三季度实现扭亏,2014-10-08 19:20:24,2014-10-08,275,1,positive
3989,天健集团前三季净利1.36亿元 微降3.83%,2014-10-08 19:24:40,2014-10-08,275,1,positive
144358,佳都科技中标4个广州智能安防项目 金额近8000万,2014-10-08 20:27:42,2014-10-08,275,0,neutral
41455,[公司]东南网架子公司中标总价1.84亿项目,2014-10-08 20:33:15,2014-10-08,275,1,positive
90239,华策影视定增20亿加码主业 拟打造综合娱乐传媒集团,2014-10-08 20:43:24,2014-10-08,275,0,neutral
99587,4G建设推进 邦讯技术前三季度业绩预增,2014-10-08 20:53:47,2014-10-08,275,1,positive
126012,白云山与穆拉德集团设合资公司 发展大健康产业,2014-10-08 20:54:24,2014-10-08,275,0,neutral
106237,广州白云机场十一黄金周期间接送旅客超104万人次,2014-10-08 20:58:40,2014-10-08,275,1,positive
13054,恒立实业：主业延续疲软 三季度亏损或超1550万,2014-10-08 20:59:39,2014-10-08,275,-1,negative
15044,经纬纺机控股股东1234万股限售股被冻结,2014-10-08 21:40:35,2014-10-08,275,0,neutral
5654,金融街组联合体斥资32亿购一广州地快,2014-10-08 21:40:43,2014-10-08,275,0,neutral
90238,华策影视定增募资20亿提升内容 雷军拟认筹,2014-10-08 21:49:08,2014-10-08,275,0,neutral
97174,雅本化学拟定增5000万补血 三机构捧场,2014-10-08 22:03:04,2014-10-08,275,0,neutral
51043,[公司]博深工具9日起停牌 因筹划定增事宜,2014-10-08 22:18:28,2014-10-08,275,0,neutral
30588,[公司]长源电力第三季度发电量同比减少25%,2014-10-08 22:33:02,2014-10-08,275,-1,negative
14586,[公司]金科股份两位股东合计质押1406万股,2014-10-08 22:37:54,2014-10-08,275,0,neutral
158162,[公司]中国平安可转债已累计转股67756股,2014-10-08 22:43:02,2014-10-08,275,0,neutral
113884,美尔雅期货：现货暂时平稳 焦炭反向套利,2014-10-08 22:48:21,2014-10-08,275,-1,negative
99685,[公司]戴维医疗取得3项实用新型专利证书,2014-10-08 22:52:55,2014-10-08,275,1,positive
10259,[公司]江铃汽车9月份销售量同比增长8.28%,2014-10-08 22:53:02,2014-10-08,275,1,positive
66343,邓氏家族2亿补血中顺洁柔,2014-10-09 01:11:46,2014-10-09,275,0,neutral
108436,浙能电力拟发可转债100亿元,2014-10-09 01:12:10,2014-10-09,275,0,neutral
50050,陕天然气定增募资近10亿元,2014-10-09 01:13:43,2014-10-09,275,1,positive
144819,辽宁成大股份有限公司关于公司超短期融资券获准注册事项的公告,2014-10-09 01:22:49,2014-10-09,275,0,neutral
146409,武汉祥龙电业股份有限公司关于股东减持股份的提示性公告,2014-10-09 01:23:30,2014-10-09,275,0,neutral
166012,北京京运通科技股份有限公司2014年9月光伏电站上网电量公告,2014-10-09 01:24:15,2014-10-09,275,0,neutral
143831,国务院批准天津港口岸新开放计划 港口股涨停,2014-10-09 01:26:32,2014-10-09,275,1,positive
51042,博深工具股份有限公司重大事项停牌公告,2014-10-09 01:26:43,2014-10-09,275,0,neutral
30859,湖北蓝鼎控股股份有限公司前三季度业绩预告,2014-10-09 01:26:50,2014-10-09,275,0,neutral
108434,浙江浙能电力股份有限公司公开发行可转换公司债券网上路演公告,2014-10-09 01:27:32,2014-10-09,275,0,neutral
108433,浙江浙能电力股份有限公司公开发行可转换公司债券募集说明书摘要,2014-10-09 01:27:43,2014-10-09,275,0,neutral
37380,江苏沙钢股份有限公司第五届董事会第四次会议决议公告,2014-10-09 01:28:56,2014-10-09,275,0,neutral
113437,同方股份有限公司2014年第三次临时股东大会决议公告,2014-10-09 01:32:43,2014-10-09,275,0,neutral
79899,麦趣尔集团股份有限公司对外投资公告,2014-10-09 01:33:02,2014-10-09,275,0,neutral
39999,吉林紫鑫药业股份有限公司第五届董事会第二十次会议决议公告,2014-10-09 01:33:38,2014-10-09,275,0,neutral
14468,天津泰达股份有限公司关于董事长辞职的公告,2014-10-09 01:34:55,2014-10-09,275,0,neutral
156697,中国铁建股份有限公司BT类项目中标公告,2014-10-09 01:36:04,2014-10-09,275,0,neutral
161832,长城汽车股份有限公司关于控股股东保定创新长城资产管理有限公司增资的提示性公告,2014-10-09 01:38:16,2014-10-09,275,0,neutral
10258,江铃汽车股份有限公司2014年9月产、销快讯,2014-10-09 01:38:33,2014-10-09,275,0,neutral
16079,诺安基金管理有限公司关于旗下基金所持停牌股票恒天天鹅（000687）估值调整的公告,2014-10-09 01:39:30,2014-10-09,275,0,neutral
64353,雏鹰农牧集团股份有限公司关于子公司增资的公告,2014-10-09 01:40:07,2014-10-09,275,0,neutral
70847,好想你枣业股份有限公司第二届董事会第十九次会议决议公告,2014-10-09 01:42:31,2014-10-09,275,0,neutral
112989,上海大名城企业股份有限公司限售股上市流通公告,2014-10-09 01:45:15,2014-10-09,275,0,neutral
146331,烟台园城黄金股份有限公司关于向大股东借款暨关联交易的补充公告,2014-10-09 01:47:19,2014-10-09,275,0,neutral
124593,华泰证券股份有限公司间接全资附属公司发行首期境外债券结果的公告,2014-10-09 01:50:05,2014-10-09,275,0,neutral
78120,美盛文化创意股份有限公司停牌公告,2014-10-09 01:57:08,2014-10-09,275,0,neutral
20260,斯太尔动力股份有限公司关于召开2014年第三次临时股东大会的提示性公告,2014-10-09 01:57:49,2014-10-09,275,0,neutral
149391,广东梅雁吉祥水电股份有限公司第八届董事会第二十一次会议决议公告,2014-10-09 01:59:16,2014-10-09,275,0,neutral
56830,深圳市卓翼科技股份有限公司关于全资子公司购买银行理财产品的公告,2014-10-09 02:01:22,2014-10-09,275,0,neutral
97209,巴安水务拟设产业投资基金,2014-10-09 02:01:56,2014-10-09,275,0,neutral
121591,福建南纺股份有限公司关于子公司完成工商设立登记的公告,2014-10-09 02:02:32,2014-10-09,275,0,neutral
122100,广晟有色金属股份有限公司关于股东减持股份的提示性公告,2014-10-09 02:03:04,2014-10-09,275,0,neutral
108432,浙能电力拟发可转债募资100亿,2014-10-09 02:03:46,2014-10-09,275,0,neutral
98817,平安大华基金管理有限公司关于旗下基金所持停牌股票利德曼（300289）估值调整的公告,2014-10-09 02:08:34,2014-10-09,275,0,neutral
8923,广东广弘控股股份有限公司2014第三季度报告,2014-10-09 04:49:09,2014-10-09,275,0,neutral
50144,山东法因数控机械股份有限公司重大事项停牌公告,2014-10-09 04:51:22,2014-10-09,275,0,neutral
13053,恒立实业发展集团股份有限公司2014年第三季度业绩预亏公告,2014-10-09 05:01:21,2014-10-09,275,0,neutral
12154,甘肃电投能源发展股份有限公司2014年前三季度业绩预告,2014-10-09 05:01:28,2014-10-09,275,0,neutral
39366,A股三季报披露启幕 沃华医药业绩靓股价涨停,2014-10-09 05:20:39,2014-10-09,275,1,positive
67478,福建海源自动化机械股份有限公司重大事项停牌公告,2014-10-09 05:22:37,2014-10-09,275,0,neutral
127894,西南证券易主在望 接盘人引猜测,2014-10-09 06:54:11,2014-10-09,275,0,neutral
23193,云南启动直购电 云铝股份受益两种交易方式,2014-10-09 07:15:06,2014-10-09,275,1,positive
120066,西藏药业终止筹划资产重组 今日起复牌,2014-10-09 07:21:00,2014-10-09,275,0,neutral
89722,易世达拟2.38亿收购神光新能源 涉足光伏发电,2014-10-09 07:21:16,2014-10-09,275,0,neutral
140593,新黄浦两大股东矛盾激化 中科创强攻控股权未果改提入阁,2014-10-09 07:22:47,2014-10-09,275,0,neutral
20825,雅本化学拟募5000万 广发证券等三机构捧场,2014-10-09 07:26:23,2014-10-09,275,1,positive
168085,中信银行支招节后理财：合理使用消费积分,2014-10-09 07:35:58,2014-10-09,275,0,neutral
73539,北玻股份获苹果公司建筑玻璃订单,2014-10-09 07:36:54,2014-10-09,275,0,neutral
145699,一致行动人成东方银星第一大股东 东珠景观借壳或告吹,2014-10-09 07:42:21,2014-10-09,275,0,neutral
149092,海通证券：政策偏暖  向上趋势延续,2014-10-09 07:44:43,2014-10-09,275,1,positive
10401,沙隆达A大股东100%股权拟转让给ADAMA子公司,2014-10-09 07:49:52,2014-10-09,275,0,neutral
11086,泸州老窖前三季度净利预降超五成,2014-10-09 08:09:35,2014-10-09,275,-1,negative
72457,佰利联：钛白粉景气回升,2014-10-09 08:19:50,2014-10-09,275,1,positive
100496,私募江湖谁称雄 三大维度评判实力,2014-10-09 09:10:15,2014-10-09,275,0,neutral
39371,首批三季报亮相 沃华医药净利同比大涨148%,2014-10-09 09:19:51,2014-10-09,275,1,positive
32349,吴长江逾10亿德豪润达股权遭冻结 涉雷士照明借款纠纷,2014-10-09 09:26:06,2014-10-09,275,0,neutral
21970,[公司]盐湖股份9日停牌 发生重大未披事项,2014-10-09 09:44:53,2014-10-09,275,1,positive
135035,[公司]宏达矿业9日停牌 因重要事项未公告,2014-10-09 09:45:37,2014-10-09,275,0,neutral
93184,环保板块全线上涨 永清环保领涨,2014-10-09 09:48:41,2014-10-09,275,1,positive
32089,[互动]宗申动力:大农机是未来发展方向之一,2014-10-09 09:50:20,2014-10-09,275,0,neutral
39369,沃华医药业绩暴增打头炮 中金高呼加仓蓝筹医药,2014-10-09 09:55:07,2014-10-09,275,1,positive
28956,中关村借力体制机制创新促科技成果转化,2014-10-09 10:07:17,2014-10-09,275,1,positive
39365,三季报行情发酵 沃华医药大涨逾7%,2014-10-09 10:08:29,2014-10-09,275,1,positive
85408,[求证]开展P2P业务？ 三五互联称没这回事,2014-10-09 10:10:53,2014-10-09,275,0,neutral
113882,美尔雅期货：铁矿石将继续收跌 市场空头氛围浓厚下方空间将再度打开,2014-10-09 10:11:35,2014-10-09,275,-1,negative
4670,中联重科再入“亚洲品牌500强”,2014-10-09 10:27:04,2014-10-09,275,1,positive
72456,[互动]佰利联:氯化法钛白粉项目正单机调试,2014-10-09 10:49:50,2014-10-09,275,0,neutral
85847,[互动]万顺股份:导电膜的价格比进口占优势,2014-10-09 11:01:48,2014-10-09,275,1,positive
95130,北京君正:针对可穿戴市场的M200料年底可销售,2014-10-09 11:03:41,2014-10-09,275,0,neutral
90233,华策影视定增募资20亿 补充主业营运资金,2014-10-09 11:07:20,2014-10-09,275,0,neutral
90231,华策影视定增募资20亿拓展影视业务 雷军参与认购,2014-10-09 11:08:51,2014-10-09,275,0,neutral
98933,[互动]华录百纳:电视剧发行工作正积极推进,2014-10-09 11:30:48,2014-10-09,275,1,positive
70845,天涯搞基刀？好想和你一起策马奔腾基遨天刀,2014-10-09 11:41:43,2014-10-09,275,0,neutral
115155,英媒称中国发射遥感21 侦察卫星群定位美航母,2014-10-09 12:05:38,2014-10-09,275,0,neutral
22441,[公司]四川九洲子公司广电入网认定被暂停,2014-10-09 12:14:42,2014-10-09,275,0,neutral
29843,中国重汽队暂居积分榜第六,2014-10-09 12:22:22,2014-10-09,275,0,neutral
82524,[公司]华测检测收购华安检测获证监会核准,2014-10-09 13:10:11,2014-10-09,275,0,neutral
86846,上海新世纪机器人获体总局授牌 GQY视讯参股,2014-10-09 13:31:19,2014-10-09,275,0,neutral
28069,[互动]钱江摩托:锂电池营销事项在逐步推进,2014-10-09 14:25:05,2014-10-09,275,0,neutral
35897,云南旅游未受大影响,2014-10-09 14:40:15,2014-10-09,275,0,neutral
50820,[公司]神开股份:目前采油树订单量情况良好,2014-10-09 15:14:55,2014-10-09,275,1,positive
50818,[公司]神开股份:出口主要对俄罗斯和中东等,2014-10-09 15:31:20,2014-10-09,275,1,positive
25993,[互动]张裕A:未确定今年国庆宴用公司产品,2014-10-09 15:50:40,2014-10-09,275,0,neutral
110316,四川路桥3季度新中标5项目 金额逾6亿,2014-10-09 16:02:20,2014-10-09,275,0,neutral
162847,华泰证券获得证券投资基金托管资格,2014-10-09 16:11:12,2014-10-09,275,0,neutral
28143,[互动]华北高速:地产项目进入销售前期准备,2014-10-09 16:16:26,2014-10-09,275,0,neutral
3504,“点亮爱”情系革命老区 长城电脑持续送关爱,2014-10-09 16:30:25,2014-10-09,275,0,neutral
21969,盐湖股份纯碱装置已产出7100吨合格产品,2014-10-09 16:43:48,2014-10-09,275,1,positive
34274,[快讯]达安基因登革热试剂正式进入临床使用,2014-10-09 16:44:34,2014-10-09,275,0,neutral
54347,[互动]仙琚制药:目前产品主原料市价格略上涨,2014-10-09 16:55:41,2014-10-09,275,1,positive
86538,三聚环保前三季业绩预增约127%,2014-10-09 16:59:15,2014-10-09,275,1,positive
48718,人性化科技升级 昆山途安全系优惠1.5万,2014-10-09 17:19:58,2014-10-09,275,0,neutral
88697,[公司]西部牧业股东抛263万股 占股本1.6%,2014-10-09 17:20:11,2014-10-09,275,0,neutral
93320,[公司]神农大丰10日复牌 终止筹划重大事项,2014-10-09 17:24:37,2014-10-09,275,0,neutral
150193,[公司]国投电力料1,2014-10-09 17:30:03,2014-10-09,275,1,positive
163077,郑煤机：国企改革开始破局,2014-10-09 17:39:44,2014-10-09,275,1,positive
13237,长安汽车：核心车型保持高水准 自主品牌表现优异,2014-10-09 17:41:33,2014-10-09,275,1,positive
10399,沙隆达A：进入ADAMA供销链条打开长期成长空间,2014-10-09 17:41:57,2014-10-09,275,1,positive
90966,[公司]南方泵业料1,2014-10-09 17:44:58,2014-10-09,275,1,positive
22603,百余方名家端砚作品亮相北京 助推文化传承发展,2014-10-09 18:02:29,2014-10-09,275,0,neutral
93125,[互动]通裕重工:对德国公司贸易额持续增长,2014-10-09 18:39:12,2014-10-09,275,1,positive
112057,葛洲坝第三季度新签合同额增32%达276亿,2014-10-09 18:43:01,2014-10-09,275,1,positive
51648,禾盛新材收购金英马流产 上亿担保成绊脚石,2014-10-09 19:02:55,2014-10-09,275,0,neutral
151597,汇鸿股份将吸收合并汇鸿集团 实现整体上市,2014-10-09 19:03:34,2014-10-09,275,0,neutral
137526,京能电力前三季发电量同比增近5%,2014-10-09 19:20:40,2014-10-09,275,1,positive
92832,佐力药业澄清：收购公司目前不存在财产保全情况,2014-10-09 19:29:22,2014-10-09,275,0,neutral
159744,[公司]工商银行已经获准在缅甸设立分行,2014-10-09 19:54:34,2014-10-09,275,0,neutral
119823,[公司]有研新材重组方案获国资管机构核准,2014-10-09 20:06:32,2014-10-09,275,0,neutral
74440,[公司]棒杰股份股东质押700万股 占股本7%,2014-10-09 20:17:21,2014-10-09,275,0,neutral
109883,招商银行私人银行全权委托业务金额超过30亿,2014-10-09 20:22:29,2014-10-09,275,1,positive
49339,利尔化学拟每10股配售不超3股 融资6亿补血,2014-10-09 20:29:28,2014-10-09,275,0,neutral
19918,中证解读：控股股东减持新华制药475万股,2014-10-09 21:28:11,2014-10-09,275,0,neutral
90768,沃森生物转让大安制药46%股权净赚2亿,2014-10-09 21:31:04,2014-10-09,275,0,neutral
87391,康芝药业股东拟减持不超过3000万股 占比10%,2014-10-09 21:41:02,2014-10-09,275,0,neutral
111568,广电总局暂停受理海信电器入网认定申请,2014-10-09 21:44:04,2014-10-09,275,0,neutral
148233,[季报]安信信托前3季净利8.21亿 增4.77倍,2014-10-09 22:07:53,2014-10-09,275,1,positive
543,[侧记]暂别股东内耗 国农科技且行且珍惜,2014-10-09 22:08:01,2014-10-09,275,0,neutral
42549,[公司]北纬通信10日起停牌 将审核发行事项,2014-10-09 22:08:09,2014-10-09,275,0,neutral
145107,[公司]华银电力电价下调今年损益减1600万,2014-10-09 22:57:13,2014-10-09,275,-1,negative
11270,广东甘化料前三季净利同比下降67%,2014-10-09 23:13:29,2014-10-09,275,-1,negative
1225,招商地产9月销售额74.3亿 同比增长40%,2014-10-09 23:31:25,2014-10-09,275,1,positive
84094,金亚科技三季报大增三倍 王亚伟现身十大股东,2014-10-09 23:57:53,2014-10-09,275,1,positive
20017,宝色股份：开启特材非标装备制造行业新篇章,2014-10-10 01:08:48,2014-10-10,275,1,positive
22602,北京八大处举办首届佛牙舍利文化节,2014-10-10 01:19:42,2014-10-10,275,0,neutral
79506,牧原食品股份有限公司关于使用自有闲置资金购买银行理财产品的公告,2014-10-10 01:31:45,2014-10-10,275,0,neutral
84091,金亚科技股份有限公司2014年第三季度报告披露提示性的公告,2014-10-10 01:36:42,2014-10-10,275,0,neutral
45924,大连华锐重工集团股份有限公司诉讼公告,2014-10-10 01:37:32,2014-10-10,275,0,neutral
1800,华联控股股份有限公司2014年前三季度业绩预告,2014-10-10 01:39:07,2014-10-10,275,0,neutral
41572,深圳市实益达科技股份有限公司第四届董事会第五次会议决议公告,2014-10-10 01:39:16,2014-10-10,275,0,neutral
17007,河北钢铁股份有限公司关于办公地址变更的公告,2014-10-10 01:40:34,2014-10-10,275,0,neutral
156481,北京银行股份有限公司董事会决议公告,2014-10-10 01:41:11,2014-10-10,275,0,neutral
150663,中国长江电力股份有限公司2014年前三季度发电量完成情况公告,2014-10-10 01:41:27,2014-10-10,275,0,neutral
89499,智飞生物重磅疫苗预计最快年内上市,2014-10-10 01:42:03,2014-10-10,275,1,positive
18274,山西美锦能源股份有限公司2014年第三季度业绩预告公告,2014-10-10 01:42:06,2014-10-10,275,0,neutral
116236,四川西部资源控股股份有限公司关于向控股股东、实际控制人核实有关情况及股票停牌公告,2014-10-10 01:42:22,2014-10-10,275,0,neutral
125937,山东宏达矿业股份有限公司重大事项停牌公告,2014-10-10 01:43:07,2014-10-10,275,0,neutral
30052,欣龙控股（集团）股份有限公司关于控股股东约定购回式证券交易到期购回的公告,2014-10-10 01:43:23,2014-10-10,275,0,neutral
22131,太原双塔刚玉股份有限公司关于筹划重大资产重组停牌期满申请继续停牌的公告,2014-10-10 01:43:55,2014-10-10,275,0,neutral
51646,禾盛新材重组金英马失败,2014-10-10 01:44:03,2014-10-10,275,1,positive
21850,江西万年青水泥股份有限公司2014年度前三季度业绩预告,2014-10-10 01:44:04,2014-10-10,275,0,neutral
31906,嘉实基金管理有限公司关于旗下基金持有“隆平高科”恢复收盘价估值的公告,2014-10-10 01:44:38,2014-10-10,275,0,neutral
26624,北京华联商厦股份有限公司关于召开2014年第二次临时股东大会的提示性公告,2014-10-10 01:45:34,2014-10-10,275,0,neutral
9937,吉林金浦钛业股份有限公司第五届董事会第十三次会议决议公告,2014-10-10 01:47:33,2014-10-10,275,0,neutral
32853,北京科锐配电自动化股份有限公司关于股票期权注销完成的公告,2014-10-10 01:48:14,2014-10-10,275,0,neutral
60677,凯撒（中国）股份有限公司关于持股5%以上的股东短线交易的公告,2014-10-10 01:48:43,2014-10-10,275,0,neutral
24709,天津鑫茂科技股份有限公司第六届董事会第二十八次会议决议公告,2014-10-10 01:49:09,2014-10-10,275,0,neutral
134984,河南豫光金铅股份有限公司第五届董事会第十五次会议决议公告,2014-10-10 01:49:34,2014-10-10,275,0,neutral
31256,山西西山煤电股份有限公司关于“09西煤债”本息兑付及摘牌公告,2014-10-10 01:51:16,2014-10-10,275,0,neutral
47048,三力士股份有限公司关于股票期权激励计划首次授予登记完成的公告,2014-10-10 01:52:36,2014-10-10,275,0,neutral
155245,义乌华鼎锦纶股份有限公司关于继续停牌的公告,2014-10-10 01:53:45,2014-10-10,275,0,neutral
168343,时代出版传媒股份有限公司关于使用部分闲置募集资金购买保本型理财产品实施情况的公告,2014-10-10 01:55:26,2014-10-10,275,0,neutral
148231,安信信托净利润单季同比增长756%,2014-10-10 01:55:41,2014-10-10,275,1,positive
117782,北汽福田汽车股份有限公司2014年第四次临时股东大会决议公告,2014-10-10 01:55:55,2014-10-10,275,0,neutral
145105,华银电力：电价调整影响不大,2014-10-10 01:55:56,2014-10-10,275,0,neutral
149350,通化东宝注射剂扩产项目获GMP认证,2014-10-10 01:56:54,2014-10-10,275,1,positive
16166,建新矿业股份有限责任公司第九届董事会第十二次会议决议公告,2014-10-10 01:57:00,2014-10-10,275,0,neutral
112056,中国葛洲坝集团股份有限公司2014年第三季度新签合同公告,2014-10-10 01:57:59,2014-10-10,275,0,neutral
76300,北京首航艾启威节能技术股份有限公司关于控股股东、实际控制人部分股权解除质押及实际控制人进行股权质押式回购交易的公告,2014-10-10 01:58:07,2014-10-10,275,0,neutral
163181,上海电气集团股份有限公司2014年第三次临时股东大会决议公告,2014-10-10 02:00:51,2014-10-10,275,0,neutral
57021,北京千方科技股份有限公司关于召开2014年第一次临时股东大会的提示性公告,2014-10-10 02:01:55,2014-10-10,275,0,neutral
79722,岭南园林股份有限公司关于重大经营合同中标的公告,2014-10-10 02:05:23,2014-10-10,275,0,neutral
11962,东北制药集团股份有限公司关于召开2014年度第二次临时股东大会提示性公告,2014-10-10 02:08:42,2014-10-10,275,0,neutral
40118,宁波康强电子股份有限公司关于公司股东增持公司股份的提示性公告,2014-10-10 02:11:24,2014-10-10,275,0,neutral
54399,苏州罗普斯金铝业股份有限公司2014年前三季度业绩预告修正公告,2014-10-10 02:11:39,2014-10-10,275,0,neutral
163404,力帆实业（集团）股份有限公司关于股权激励限制性股票第一次解锁暨上市的公告,2014-10-10 02:12:27,2014-10-10,275,0,neutral
121891,安徽鑫科新材料股份有限公司关于2014年半年度报告的补充公告,2014-10-10 02:14:26,2014-10-10,275,0,neutral
145438,西藏旅游股份有限公司重大事项继续停牌公告,2014-10-10 02:15:43,2014-10-10,275,0,neutral
33735,苏宁云商变革：张近东垫资推全员持股计划,2014-10-10 02:56:50,2014-10-10,275,0,neutral
90223,华策影视拟3.23亿元收购韩国NEW15%股权,2014-10-10 02:57:22,2014-10-10,275,0,neutral
115153,第一颗人造卫星发射成功（新中国成就档案）,2014-10-10 03:21:04,2014-10-10,275,0,neutral
140018,浙报传媒与修正集团强强联手打通老有所养“最后一公里”,2014-10-10 03:48:54,2014-10-10,275,0,neutral
115152,新中国成就档案 第一颗人造卫星发射成功,2014-10-10 05:19:42,2014-10-10,275,0,neutral
159742,工商银行缅甸分行获批设立,2014-10-10 05:40:38,2014-10-10,275,1,positive
97170,创业板小额融资再起 雅本化学让利广发中邮,2014-10-10 07:01:56,2014-10-10,275,0,neutral
90108,青松股份因三大股东减持踩线领受监管函,2014-10-10 07:14:20,2014-10-10,275,0,neutral
127893,西南证券：今年是新一轮牛市起点,2014-10-10 07:24:49,2014-10-10,275,1,positive
145694,豫商集团“资本说话” 东方银星内战升级,2014-10-10 07:25:48,2014-10-10,275,0,neutral
1547,国药一致12.65亿增资16家子公司,2014-10-10 07:29:32,2014-10-10,275,1,positive
155975,兴业银行联合搜狐焦点推e购贷,2014-10-10 07:43:45,2014-10-10,275,0,neutral
171449,九洲药业今日上市 有潜力的特色原料药企业,2014-10-10 08:14:26,2014-10-10,275,1,positive
41748,[公司]润邦股份10日起停牌 拟披露重大事项,2014-10-10 09:05:55,2014-10-10,275,0,neutral
48813,[公司]步步高10日起停牌 因拟披露重大事项,2014-10-10 09:10:43,2014-10-10,275,0,neutral
8182,丽珠集团转型遭遇重挫 健康元拒绝接盘,2014-10-10 09:12:04,2014-10-10,275,-1,negative
90214,华策影视定增20亿元 入资方含百度、小米,2014-10-10 09:17:20,2014-10-10,275,0,neutral
169280,设计股份13日在上交所上市,2014-10-10 09:35:40,2014-10-10,275,0,neutral
113881,美尔雅期货：菜粕弱势震荡 短期底部仍未成立 思路依然以做空为主,2014-10-10 09:51:07,2014-10-10,275,-1,negative
92831,[公司]佐力药业:所购公司生产经营一切正常,2014-10-10 09:55:34,2014-10-10,275,0,neutral
41747,石墨烯概念股上涨 拓邦股份涨逾7%,2014-10-10 09:56:15,2014-10-10,275,1,positive
149960,亚泰集团变更定增方案 小股东抗议发行价太低,2014-10-10 10:07:43,2014-10-10,275,0,neutral
48812,[互动]步步高:拥有区域性较完善的物流体系,2014-10-10 10:10:29,2014-10-10,275,0,neutral
89569,船舶股延续强势 太阳鸟涨逾5%,2014-10-10 10:11:29,2014-10-10,275,1,positive
164685,世行国际石油：中国经济走弱，加速油价下跌,2014-10-10 10:15:43,2014-10-10,275,-1,negative
45006,[互动]成飞集成:暂未投资和研发机器人业务,2014-10-10 10:30:31,2014-10-10,275,0,neutral
48811,步步高称拥有区域性较完善的物流体系,2014-10-10 10:30:53,2014-10-10,275,0,neutral
76812,兴业科技:真皮仍是主要原料 消费惯性依然存在,2014-10-10 10:31:03,2014-10-10,275,0,neutral
100199,[互动]旋极信息:AFDX总线产品可用于大飞机,2014-10-10 10:40:48,2014-10-10,275,0,neutral
1222,地产股集体走强 招商地产涨逾5%,2014-10-10 10:42:29,2014-10-10,275,1,positive
32344,吴长江无钱还 周大福冻结德豪润达,2014-10-10 10:49:27,2014-10-10,275,0,neutral
40115,节后临门一脚  泽熙举牌康强电子,2014-10-10 10:55:08,2014-10-10,275,0,neutral
90215,互联网巨头瓜分A股市场 华策影视增发引出5个大块头,2014-10-10 10:56:06,2014-10-10,275,0,neutral
141082,同达创业32亿收购视博数字 进军数字电视,2014-10-10 10:59:20,2014-10-10,275,0,neutral
119,平安银行副行长张金顺接掌平安信托董事长,2014-10-10 11:03:04,2014-10-10,275,1,positive
68235,[互动]中化岩土:新疆子公司已正常生产经营,2014-10-10 11:54:27,2014-10-10,275,0,neutral
154919,《高尔夫》十佳球场评选,2014-10-10 12:03:20,2014-10-10,275,0,neutral
154920,日媒：美太平洋空军司令期待日美扩大防卫合作,2014-10-10 12:04:56,2014-10-10,275,1,positive
47132,濮耐股份大股东设合伙企业 对公司拟购项目前期投资,2014-10-10 12:49:34,2014-10-10,275,0,neutral
70843,好想你欲挽救枣业颓势,2014-10-10 14:34:31,2014-10-10,275,0,neutral
135658,[路演]莫高股份:公司计划将麦芽产业出售,2014-10-10 14:50:13,2014-10-10,275,1,positive
124471,[路演]酒钢宏兴:钢材市场低迷影响今年毛利,2014-10-10 15:19:53,2014-10-10,275,-1,negative
24240,10月10日鲁西化工三聚氰胺仍以前期订单为主,2014-10-10 15:20:49,2014-10-10,275,0,neutral
144787,[路演]兰州民百:公司超市销售同比略有下降,2014-10-10 15:46:24,2014-10-10,275,-1,negative
133840,[路演]方大炭素:公司产品有用于神舟5、6号,2014-10-10 15:46:31,2014-10-10,275,1,positive
144785,"[路演]兰州民百:""一带一路""战略利好发展",2014-10-10 15:59:47,2014-10-10,275,1,positive
150188,[路演]国投电力:国企改革正在战略讨论阶段,2014-10-10 16:09:46,2014-10-10,275,0,neutral
150187,[路演]国投电力:经济低迷对火电的影响更大,2014-10-10 16:10:01,2014-10-10,275,-1,negative
87700,科新机电预计前三季业绩扭亏,2014-10-10 16:11:41,2014-10-10,275,1,positive
113641,[公司]上汽集团9月汽车销售同比增长8.29%,2014-10-10 16:25:20,2014-10-10,275,1,positive
15401,[路演]上峰水泥:今年水泥产品销量同比增长,2014-10-10 16:34:48,2014-10-10,275,1,positive
15398,[路演]上峰水泥:或将受益丝绸之路相关规划,2014-10-10 16:45:23,2014-10-10,275,1,positive
135656,[路演]莫高股份:将对医药新品开发加大投入,2014-10-10 16:45:29,2014-10-10,275,0,neutral
95661,[公司]银信科技料1,2014-10-10 16:49:40,2014-10-10,275,1,positive
106569,东风汽车：发动机前三季产销量增约10%,2014-10-10 16:52:58,2014-10-10,275,1,positive
42021,"宁波银行客户服务中心荣获""金音奖""最佳客户联络中心",2014-10-10 17:30:28,2014-10-10,275,1,positive
144029,[路演]祁连山:三季度商混业务运行良好,2014-10-10 17:34:35,2014-10-10,275,1,positive
77635,[互动]博林特:关注国内外高铁配套设施招标,2014-10-10 17:34:41,2014-10-10,275,0,neutral
60533,[互动]贵州百灵:9月提交医疗机构资质申请,2014-10-10 17:50:28,2014-10-10,275,0,neutral
103748,光环新网前三季度业绩预增34%,2014-10-10 18:05:20,2014-10-10,275,1,positive
101289,永贵电器前三季度业绩预增100%—130%,2014-10-10 18:12:44,2014-10-10,275,1,positive
82235,上海佳豪前三季度业绩预增270%,2014-10-10 18:14:57,2014-10-10,275,1,positive
101464,[公司]东华测试料1,2014-10-10 18:29:40,2014-10-10,275,-1,negative
83671,华星创业预计前三季度业绩大幅扭亏,2014-10-10 18:31:16,2014-10-10,275,1,positive
60532,[互动]贵州百灵:糖尿病医院的网站暂未开放,2014-10-10 18:35:01,2014-10-10,275,0,neutral
100563,[互动]兆日科技:申请纸纹防伪技术专利保护,2014-10-10 18:35:12,2014-10-10,275,0,neutral
14240,[公司]万方发展控股股东9086万股办理质押,2014-10-10 18:45:53,2014-10-10,275,0,neutral
99104,[公司]三六五网料1,2014-10-10 18:46:07,2014-10-10,275,1,positive
57020,[互动]千方科技:业务范围非局限京津冀地区,2014-10-10 18:46:28,2014-10-10,275,0,neutral
103749,[公司]光环新网料1,2014-10-10 18:46:36,2014-10-10,275,1,positive
102340,[互动]恒华科技:公司目前暂未涉及军工领域,2014-10-10 18:47:20,2014-10-10,275,1,positive
151502,[公司]广安爱众获准发行不超5.5亿元公司债,2014-10-10 18:54:36,2014-10-10,275,0,neutral
101288,永贵电器前三季业绩预增超1倍,2014-10-10 18:56:56,2014-10-10,275,1,positive
132250,双良节能签署6990万设备合同,2014-10-10 18:57:03,2014-10-10,275,0,neutral
115675,金健米业630万购北大荒湘粮35%股权,2014-10-10 18:57:21,2014-10-10,275,1,positive
66420,达华智能预中标3911万政府招标项目,2014-10-10 19:17:52,2014-10-10,275,0,neutral
156980,吉鑫科技控股股东承诺未来1年不减持,2014-10-10 19:30:32,2014-10-10,275,0,neutral
137954,新华医疗审核资产重组事项 13日起停牌,2014-10-10 19:34:29,2014-10-10,275,0,neutral
129844,湘电股份节能电机推广获政府补助7073万,2014-10-10 19:49:09,2014-10-10,275,0,neutral
106476,武钢股份筹划资产置换事宜 13日起停牌,2014-10-10 19:50:22,2014-10-10,275,0,neutral
157433,[公司]广汽集团9月份汽车销量同比增长8%,2014-10-10 19:59:32,2014-10-10,275,1,positive
145817,[公司]厦门国贸发行8亿元超短期融资券,2014-10-10 20:00:12,2014-10-10,275,0,neutral
20109,中证解读：永辉超市和中百集团启动战略合作,2014-10-10 20:17:57,2014-10-10,275,0,neutral
156691,中国铁建子公司昆明中铁拟在香港上市 13日复牌,2014-10-10 20:20:19,2014-10-10,275,0,neutral
35328,荃银高科获中工国际三项海外合同 合计金额7284万,2014-10-10 20:41:21,2014-10-10,275,0,neutral
155970,兴业银行公布房贷新政细则 分行自定利率,2014-10-10 20:44:03,2014-10-10,275,0,neutral
57707,[公司]大北农发行今年第一期6亿短期融资券,2014-10-10 20:48:02,2014-10-10,275,0,neutral
5453,[公司]许继电气料前3季净利同比增80%,2014-10-10 20:48:10,2014-10-10,275,1,positive
52365,[公司]太阳电缆收到6403万土地收储补偿费,2014-10-10 20:48:18,2014-10-10,275,0,neutral
614,[公司]深振业A2.83亿元竞得西安浐灞一地块,2014-10-10 20:52:51,2014-10-10,275,0,neutral
54540,[公司]科华恒盛:参与多省示范光伏电站项目,2014-10-10 20:58:18,2014-10-10,275,1,positive
40807,[公司]中环股份拟投7.2亿设光伏合资公司,2014-10-10 21:24:44,2014-10-10,275,0,neutral
38438,[公司]中泰化学收到9000万本金及105万收益,2014-10-10 21:25:00,2014-10-10,275,0,neutral
8068,[公司]华塑控股子公司签订4604万项目合同,2014-10-10 21:43:41,2014-10-10,275,1,positive
16236,[公司]宝新能源电价调整 料今年减收1100万,2014-10-10 22:03:19,2014-10-10,275,0,neutral
21216,[公司]美达股份5182万股限售股16日起上市,2014-10-10 22:03:26,2014-10-10,275,0,neutral
28068,钱江摩托料前三季亏损9500万,2014-10-10 22:06:24,2014-10-10,275,-1,negative
30105,中通客车料前3季净利增长221%,2014-10-10 22:07:13,2014-10-10,275,1,positive
18505,63家公司下周披露三季报 华东科技预增翻倍,2014-10-10 22:55:20,2014-10-10,275,1,positive
2484,中金岭南前三季度净利预增132%,2014-10-13 01:13:38,2014-10-13,275,1,positive
10854,海南海药人工耳蜗启动规模化销售,2014-10-13 01:14:06,2014-10-13,275,1,positive
29429,华西能源工业股份有限公司重大事项继续停牌公告,2014-10-13 01:17:07,2014-10-13,275,0,neutral
26135,新希望乳业首推互联网牛奶 奶企触网仍在路上,2014-10-13 01:27:22,2014-10-13,275,0,neutral
50484,江苏华昌化工股份有限公司重大事项停牌公告,2014-10-13 01:31:28,2014-10-13,275,0,neutral
138939,大众交通（集团）股份有限公司公告（系列）,2014-10-13 02:03:57,2014-10-13,275,0,neutral
52721,水电地产“变身” 电建地产控股南国置业探索混合所有制,2014-10-13 02:27:38,2014-10-13,275,0,neutral
25362,五粮液虚假陈述案原告胜诉后还需要做什么？,2014-10-13 07:01:41,2014-10-13,275,0,neutral
17210,天兴仪表大股东持股冻结背后:多层间接控股公司,2014-10-13 07:09:15,2014-10-13,275,0,neutral
23546,金城股份17亿收购百花集团 徐国瑞将再成实控人,2014-10-13 07:26:33,2014-10-13,275,0,neutral
9666,机构调研好奇3D打印6层楼 中民投探营中天城投,2014-10-13 07:38:09,2014-10-13,275,0,neutral
23548,金城股份并购医药资产 徐国瑞重夺实控人地位,2014-10-13 07:48:29,2014-10-13,275,0,neutral
169271,设计股份今日上市,2014-10-13 07:59:32,2014-10-13,275,0,neutral
169702,保持战力：我军亚丁湾部队舰上实弹射击练枪法,2014-10-13 08:18:08,2014-10-13,275,0,neutral
169701,最早皇家祭祀长白山神庙遗址发现 系金王朝所建,2014-10-13 08:34:43,2014-10-13,275,0,neutral
148230,安信信托净利润大增476.93%,2014-10-13 08:43:51,2014-10-13,275,1,positive
156685,中国铁建全资子公司昆明中铁欲赴港上市,2014-10-13 08:47:20,2014-10-13,275,0,neutral
25359,141名投资者起诉五粮液公司虚假陈述 获赔1344万元,2014-10-13 08:50:34,2014-10-13,275,0,neutral
157683,2015年中国农业银行校园招聘公告,2014-10-13 09:53:26,2014-10-13,275,0,neutral
152053,百花集团曲线上市  九州通获309%收益,2014-10-13 09:55:39,2014-10-13,275,1,positive
150332,机构集中减仓 伊利股份跌停,2014-10-13 10:10:48,2014-10-13,275,0,neutral
79629,金贵银业:白银深加工项目准备工作已启动,2014-10-13 10:22:37,2014-10-13,275,0,neutral
85673,鼎龙股份珠海名图新厂区落成投产,2014-10-13 10:36:35,2014-10-13,275,1,positive
38829,山河智能:公司产品与农村土地流转无关联,2014-10-13 10:36:43,2014-10-13,275,0,neutral
156234,超七成北京银行家预期四季度宏观经济“正常,2014-10-13 10:52:14,2014-10-13,275,0,neutral
31674,中国贸易帐促澳元刷新时段高位 但仍难改中期看跌趋势,2014-10-13 10:52:47,2014-10-13,275,1,positive
157430,交银国际：广汽集团9月份销量继续反弹,2014-10-13 10:56:31,2014-10-13,275,1,positive
78991,[互动]天赐材料:现已成功向索尼等客户供货,2014-10-13 11:20:07,2014-10-13,275,0,neutral
18365,[互动]京东方A:暂无进军蓝宝石领域的计划,2014-10-13 11:20:46,2014-10-13,275,0,neutral
110606,中国联通将为快的打车用户提供流量,2014-10-13 11:28:13,2014-10-13,275,1,positive
54538,[公司]科华恒盛下调业绩预测 客户项目延期,2014-10-13 12:12:10,2014-10-13,275,-1,negative
12809,湖北金环预计前三季扭亏 净利超1500万,2014-10-13 12:19:58,2014-10-13,275,1,positive
127891,西南证券承办“中国影视产业发展论坛”成功举行,2014-10-13 12:20:10,2014-10-13,275,0,neutral
38157,[公司]新野纺织子公司收到政府补贴878.5万,2014-10-13 12:27:28,2014-10-13,275,0,neutral
88080,双林股份以可转债方式向山东新大洋电动车公司投资5000万元,2014-10-13 12:47:07,2014-10-13,275,0,neutral
85266,福瑞股份13日下午开市起复牌,2014-10-13 12:47:26,2014-10-13,275,0,neutral
77020,福建金森下调前三季业绩预期,2014-10-13 12:55:46,2014-10-13,275,-1,negative
109114,北方航空护林总站与南方航空护林总站开展航空护林工作交流,2014-10-13 13:20:34,2014-10-13,275,0,neutral
103069,[互动]鹏翎股份:现有设备可产涡轮增压软管,2014-10-13 15:17:42,2014-10-13,275,0,neutral
47981,[互动]大华股份:已专门设置军工行业线,2014-10-13 15:22:31,2014-10-13,275,0,neutral
25874,[公司]三湘股份:料今年销售情况或不及去年,2014-10-13 15:22:39,2014-10-13,275,0,neutral
82309,[互动]安科生物:生长激素市占率正逐年提高,2014-10-13 15:32:44,2014-10-13,275,1,positive
40113,泽熙大鳄再度出手 巨资举牌围捕康强电子,2014-10-13 15:56:16,2014-10-13,275,1,positive
61935,巨星科技间接参股公司IPO申请获受理,2014-10-13 16:19:00,2014-10-13,275,0,neutral
18363,[互动]京东方A:与多家金融机保持良好关系,2014-10-13 16:23:57,2014-10-13,275,1,positive
126623,华夏幸福3季度销售面积大增128%,2014-10-13 16:40:25,2014-10-13,275,1,positive
68905,惠博普拟在伊拉克设立分公司,2014-10-13 16:44:09,2014-10-13,275,1,positive
156979,吉鑫科技拟出资6亿与控股股东投资风电场,2014-10-13 16:44:16,2014-10-13,275,1,positive
157864,骆驼股份锂电池项目获得国家补助资金1400万,2014-10-13 16:50:16,2014-10-13,275,0,neutral
131773,[公司]士兰微料1,2014-10-13 16:52:54,2014-10-13,275,1,positive
155336,[公司]中国化学前三季度累计新签合同417亿,2014-10-13 17:27:25,2014-10-13,275,0,neutral
133119,科达洁能第三季度净利同比预增30%以上,2014-10-13 17:42:26,2014-10-13,275,1,positive
87660,金通灵前三季度业绩预增158.11%—187.16%,2014-10-13 17:42:33,2014-10-13,275,1,positive
22349,一汽轿车公司召回部分国产马自达6阿特兹轿车,2014-10-13 17:51:13,2014-10-13,275,-1,negative
95814,开尔新材前三季度业绩预增158.49%,2014-10-13 17:52:16,2014-10-13,275,1,positive
96815,金信诺前三季度业绩预增180%,2014-10-13 17:52:23,2014-10-13,275,1,positive
141997,收取医药企业赞助8.2亿 中华医学会被点名3个月未整改,2014-10-13 18:00:16,2014-10-13,275,0,neutral
166443,永辉超市:联手中百战略合作 关注沪股通投资价值,2014-10-13 18:01:02,2014-10-13,275,1,positive
85341,世纪鼎利前三季度预盈2300万元―2800万元 同比扭亏为盈,2014-10-13 18:07:48,2014-10-13,275,1,positive
104598,花园生物:VD3全产业链打通者,2014-10-13 18:30:27,2014-10-13,275,1,positive
18913,泰禾集团:“限贷放松”之后将极具爆发力,2014-10-13 18:30:52,2014-10-13,275,1,positive
96869,卫宁软件:业绩快速增长 外延预期强烈,2014-10-13 18:40:40,2014-10-13,275,1,positive
157026,林洋电子1亿元设全资子公司以拓展业务,2014-10-13 18:52:15,2014-10-13,275,1,positive
87800,国联水产前三季业绩预增6.6%,2014-10-13 18:57:55,2014-10-13,275,1,positive
87893,易联众中标6347万元公共服务平台建设项目,2014-10-13 18:58:25,2014-10-13,275,0,neutral
119884,[公司]新湖中宝入股温州银行获银监会批准,2014-10-13 19:17:37,2014-10-13,275,0,neutral
39529,三钢闽光遭控股股东减持约631万股,2014-10-13 19:55:23,2014-10-13,275,0,neutral
32210,STCN解读:鸿达兴业牵手稀土龙头 大力拓展深加工产业链,2014-10-13 20:20:30,2014-10-13,275,0,neutral
80011,金一文化：因金价波动调高三季报业绩预告,2014-10-13 20:30:49,2014-10-13,275,1,positive
137950,新华医疗等两公司并购重组申请本周五上会,2014-10-13 20:36:12,2014-10-13,275,0,neutral
81279,[新股]金盾风机中矿资源首发申请17日上会,2014-10-13 20:55:43,2014-10-13,275,0,neutral
121072,[公司]桂冠电力前三季发电量同比增长15%,2014-10-13 21:05:42,2014-10-13,275,1,positive
113765,[公司]重庆路桥第一大股东解质1.26亿股,2014-10-13 21:05:49,2014-10-13,275,0,neutral
21519,国众资本联合北新建材海外建万套独栋集成房,2014-10-13 21:19:37,2014-10-13,275,0,neutral
101232,[公司]金卡股份拟增资星泽燃气 14日复牌,2014-10-13 22:10:44,2014-10-13,275,0,neutral
101892,[公司]全通教育料1,2014-10-13 22:10:51,2014-10-13,275,1,positive
14583,金科股份投资20亿涉足新能源产业,2014-10-13 22:12:11,2014-10-13,275,1,positive
155242,华鼎股份拟投建15万吨锦纶长丝项目 储备产能,2014-10-13 22:24:27,2014-10-13,275,0,neutral
14692,中钨高新：前三季度亏损超1.3亿元,2014-10-13 22:25:55,2014-10-13,275,-1,negative
136577,江西长运:看好网络、现金流与隐性资产,2014-10-13 22:30:45,2014-10-13,275,1,positive
133966,康美药业:盈利结构重大变化带来估值向上重构,2014-10-13 22:31:21,2014-10-13,275,1,positive
1989,[公司]中航地产预计前三季同比由盈转亏,2014-10-13 22:53:27,2014-10-13,275,-1,negative
988,[公司]沙河股份预计第三季度亏损额同比扩大,2014-10-13 22:55:58,2014-10-13,275,-1,negative
96814,[公司]金信诺料1,2014-10-14 01:01:19,2014-10-14,276,1,positive
27595,配股方案发布航天科技创历史新高,2014-10-14 01:18:43,2014-10-14,276,0,neutral
147167,鲁抗医药领涨生物股,2014-10-14 01:20:48,2014-10-14,276,1,positive
48043,山东恒邦冶炼股份有限公司2014年前三季度业绩预告修正公告,2014-10-14 01:22:52,2014-10-14,276,0,neutral
155240,义乌华鼎锦纶股份有限公司关于未来三年股东分红回报规划（2014年,2014-10-14 01:25:56,2014-10-14,276,0,neutral
49116,四川川大智胜软件股份有限公司2014年度前三季度业绩预告修正公告,2014-10-14 01:27:22,2014-10-14,276,0,neutral
36555,东华软件股份公司关于筹划发行股份购买资产事项的进展公告,2014-10-14 01:34:07,2014-10-14,276,0,neutral
99431,汉鼎股份为其他事业的实业基础,2014-10-14 01:38:19,2014-10-14,276,1,positive
143701,凤凰光学股份有限公司关于间接控股股东与东方资产签订股权转让协议的公告,2014-10-14 01:38:33,2014-10-14,276,0,neutral
33306,广东世荣兆业股份有限公司高级管理人员辞职公告,2014-10-14 01:39:11,2014-10-14,276,0,neutral
155436,中国化学工程股份有限公司关于经营情况简报的公告,2014-10-14 01:41:04,2014-10-14,276,0,neutral
134540,长园集团股东提出新版章程修订议案,2014-10-14 01:41:19,2014-10-14,276,0,neutral
159731,汇添富基金管理有限公司关于旗下部分基金在工商银行开通定投业务并参与费率优惠活动的公告,2014-10-14 01:42:54,2014-10-14,276,0,neutral
72066,山东豪迈机械科技股份有限公司关于持股 5%以上股东部分股权质押的公告,2014-10-14 01:45:08,2014-10-14,276,0,neutral
157024,江苏林洋电子股份有限公司第二届董事会第十八次会议决议公告,2014-10-14 01:46:04,2014-10-14,276,0,neutral
75837,广州卡奴迪路服饰股份有限公司关于签订募集资金监管协议的公告,2014-10-14 01:46:57,2014-10-14,276,0,neutral
77338,广东猛狮电源科技股份有限公司第五届董事会第九次会议决议公告,2014-10-14 01:47:58,2014-10-14,276,0,neutral
166640,前海开源基金管理有限公司关于旗下基金增加中国建设银行为代销机构并开通定投和转换业务的公告,2014-10-14 01:49:00,2014-10-14,276,0,neutral
122098,广晟有色金属股份有限公司2014年前三季度业绩预告,2014-10-14 01:50:46,2014-10-14,276,0,neutral
121208,云南城投置业股份有限公司关于公司下属公司签订《国有土地及地上建（构）筑物和附属设施征收补偿协议书》的补充公告,2014-10-14 01:51:26,2014-10-14,276,0,neutral
26132,颠覆乳业营销格局 新希望首推互联网牛奶,2014-10-14 01:55:28,2014-10-14,276,0,neutral
52219,安徽鑫龙电器股份有限公司关于重大资产重组停牌的公告,2014-10-14 01:59:13,2014-10-14,276,0,neutral
141416,信达地产股份有限公司第九届董事会第二十九次（临时）会议决议公告,2014-10-14 01:59:45,2014-10-14,276,0,neutral
73485,朗姿股份有限公司2014年中期权益分派实施的公告,2014-10-14 02:00:54,2014-10-14,276,0,neutral
79628,郴州市金贵银业股份有限公司关于获得中国证监会核准公开发行公司债券批复的公告,2014-10-14 02:02:36,2014-10-14,276,0,neutral
73975,浙江龙生汽车部件股份有限公司减资公告,2014-10-14 02:03:51,2014-10-14,276,0,neutral
43864,游族网络股份有限公司第三届董事会第二十八次会议决议公告,2014-10-14 02:04:01,2014-10-14,276,0,neutral
48608,威海华东数控股份有限公司关于变更2014年第三季度报告披露时间的公告,2014-10-14 02:04:18,2014-10-14,276,1,positive
63024,秦皇岛天业通联重工股份有限公司关于参股子公司意大利SELI公司申请破产保护事项的进展公告（二）,2014-10-14 02:04:25,2014-10-14,276,0,neutral
70413,广东群兴玩具股份有限公司关于收到中国证监会行政许可项目审查二次反馈意见通知书的公告,2014-10-14 02:04:49,2014-10-14,276,0,neutral
78393,新湖中宝股份有限公司关于入股温州银行股东资格获得中国银监会审核通过的公告,2014-10-14 02:05:01,2014-10-14,276,0,neutral
137335,安徽皖江物流（集团）股份有限公司重大资产重组进展情况及继续停牌公告,2014-10-14 02:05:30,2014-10-14,276,0,neutral
76960,广州珠江钢琴集团股份有限公司关于保荐机构更名的公告,2014-10-14 02:06:57,2014-10-14,276,0,neutral
146330,烟台园城黄金股份有限公司重大资产重组停牌公告,2014-10-14 02:07:14,2014-10-14,276,0,neutral
107100,华能国际电力股份有限公司第八届董事会第二次会议决议公告,2014-10-14 02:08:09,2014-10-14,276,0,neutral
139211,上海鼎立科技发展（集团）股份有限公司关于公司发行股份购买资产并募集配套资金获得中国证监会核准批文的公告,2014-10-14 02:08:36,2014-10-14,276,0,neutral
57019,北京千方科技股份有限公司2014年第一次临时股东大会决议公告,2014-10-14 02:09:48,2014-10-14,276,0,neutral
151659,欧盟批准惠而浦收购Indesit,2014-10-14 02:10:11,2014-10-14,276,0,neutral
140091,上海中技投资控股股份有限公司2014年第五次临时股东大会决议公告,2014-10-14 02:12:32,2014-10-14,276,0,neutral
6732,南京中北（集团）股份有限公司关于收到《中国证监会行政许可项目审查二次反馈意见通知书》的公告,2014-10-14 02:17:33,2014-10-14,276,0,neutral
14691,中钨高新材料股份有限公司2014年第三季度业绩预告,2014-10-14 02:19:04,2014-10-14,276,0,neutral
32208,鸿达兴业股份有限公司第五届董事会第十一次（临时）会议决议公告,2014-10-14 02:19:53,2014-10-14,276,0,neutral
5649,金融街控股股份有限公司关于获取重庆市沙坪坝“巴渝老街”土地一级整治权公告,2014-10-14 02:20:39,2014-10-14,276,0,neutral
72355,广东江粉磁材股份有限公司第二届董事会第四十一次会议决议公告,2014-10-14 02:21:17,2014-10-14,276,0,neutral
1919,宝安鸿基地产集团股份有限公司2014年前三季度业绩预告,2014-10-14 02:21:25,2014-10-14,276,0,neutral
17545,南方黑芝麻集团股份有限公司2014年度前三季度（1,2014-10-14 02:22:44,2014-10-14,276,0,neutral
1218,招商局地产控股股份有限公司第七届董事会2014年第十四次临时会议决议公告,2014-10-14 02:24:10,2014-10-14,276,0,neutral
20822,广发证券股份有限公司关于2014年度第十三期短期融资券发行事宜的公告,2014-10-14 02:24:35,2014-10-14,276,0,neutral
11379,四川友利投资控股股份有限公司2014年1,2014-10-14 02:25:27,2014-10-14,276,0,neutral
42417,荣盛房地产发展股份有限公司关于与星星文化传播公司签订电影院项目合作联合发展协议书的公告,2014-10-14 02:25:51,2014-10-14,276,0,neutral
131531,宁夏建材集团股份有限公司2014年前三季度业绩快报公告,2014-10-14 02:27:06,2014-10-14,276,0,neutral
168694,宏昌电子材料股份有限公司2014年第三季度业绩快报,2014-10-14 02:27:51,2014-10-14,276,0,neutral
154001,宁波港股份有限公司2014年第一次临时股东大会决议公告,2014-10-14 02:28:57,2014-10-14,276,0,neutral
127081,山东高速路桥集团股份有限公司2014年三季度业绩快报,2014-10-14 02:30:58,2014-10-14,276,0,neutral
16075,恒天天鹅股份有限公司2014年度前三季度业绩预告公告,2014-10-14 02:32:23,2014-10-14,276,0,neutral
14690,[公司]中钨高新预计前三季亏损 第三季扭亏,2014-10-14 02:41:05,2014-10-14,276,-1,negative
15267,[公司]阳光城控股股东拟增持不超2%股份,2014-10-14 02:41:34,2014-10-14,276,0,neutral
3804,[公司]深圳机场9月旅客吞吐量同比增15.7%,2014-10-14 02:42:23,2014-10-14,276,1,positive
22948,[公司]银河投资预计前三季扭亏净赚700万,2014-10-14 02:42:50,2014-10-14,276,1,positive
156978,吉鑫科技拟斥6亿投资风电场,2014-10-14 02:43:58,2014-10-14,276,0,neutral
92937,[公司]捷成股份14日起停牌 筹划重大事项,2014-10-14 02:44:55,2014-10-14,276,0,neutral
47129,濮耐股份：借关联方延伸上游 有望开创新格局,2014-10-14 02:50:00,2014-10-14,276,1,positive
134537,长园集团称 公司章程修改议案被误读,2014-10-14 02:51:18,2014-10-14,276,0,neutral
155238,义乌华鼎锦纶股份有限公司简式权益变动报告书,2014-10-14 02:54:32,2014-10-14,276,0,neutral
119648,内蒙古金宇集团股份有限公司公告（系列）,2014-10-14 02:56:42,2014-10-14,276,0,neutral
9427,云南白药集团股份有限公司公开发行2014年公司债券（第一期）募集说明书摘要,2014-10-14 03:06:42,2014-10-14,276,0,neutral
136955,恒生电子股份有限公司公告（系列）,2014-10-14 03:15:16,2014-10-14,276,0,neutral
80761,电光防爆科技股份有限公司股票交易异常波动公告,2014-10-14 03:19:24,2014-10-14,276,0,neutral
45379,浙江方正电机股份有限公司限制性股票激励计划（草案修订稿）摘要,2014-10-14 03:19:58,2014-10-14,276,0,neutral
140399,上海东方明珠（集团）股份有限公司关于第一大股东变更的提示性公告,2014-10-14 03:20:24,2014-10-14,276,0,neutral
25626,安徽国风塑业股份有限公司2014年前三季度业绩预告,2014-10-14 03:24:58,2014-10-14,276,0,neutral
32851,江苏辉丰农化股份有限公司2014年第三次临时股东大会决议公告,2014-10-14 03:26:43,2014-10-14,276,0,neutral
72436,广东江粉磁材股份有限公司公告（系列）,2014-10-14 03:35:58,2014-10-14,276,0,neutral
73411,[公司]东方精工14日起继续停牌 因筹划大事,2014-10-14 03:41:18,2014-10-14,276,0,neutral
46231,[公司]宏达新材信披违规被证监局责令改正,2014-10-14 03:41:38,2014-10-14,276,0,neutral
169267,设计股份昨上市涨44%　仅成交55手遭临停,2014-10-14 06:43:00,2014-10-14,276,0,neutral
83305,“年关”将至已连续两年亏损 宝德股份再发风险提示,2014-10-14 06:57:51,2014-10-14,276,-1,negative
167599,中国重工整合旗下公司 科研资产证券化提速,2014-10-14 07:02:37,2014-10-14,276,1,positive
78726,众信旅游拟收购竹园国旅 拓展境外游,2014-10-14 07:07:06,2014-10-14,276,1,positive
4131,TCL集团小额贷款牌照获批,2014-10-14 07:18:07,2014-10-14,276,0,neutral
107736,民生银行分析师:央行明年初或祭出降息利剑,2014-10-14 07:19:28,2014-10-14,276,0,neutral
19121,上市房企融资新路径：中房地产借租赁筹钱5亿,2014-10-14 07:30:01,2014-10-14,276,0,neutral
78731,众信旅游购竹园国旅70%股权 千亿美元境外游市场被看好,2014-10-14 07:31:37,2014-10-14,276,0,neutral
11079,泸州老窖加码小酒“泸小二” 发布7款FOR ME产品。,2014-10-14 07:39:16,2014-10-14,276,0,neutral
2482,中金岭南：业绩符合预期 关注资源勘探进展,2014-10-14 08:21:05,2014-10-14,276,1,positive
126621,华夏幸福三季度业绩稳定增长 估值提升存较大空间,2014-10-14 08:48:38,2014-10-14,276,1,positive
3125,[传闻求证]中兴通讯收购韩国泛泰？,2014-10-14 08:49:50,2014-10-14,276,0,neutral
47540,"[互动]科大讯飞:""灵犀""具基础语音翻译功能",2014-10-14 08:54:59,2014-10-14,276,0,neutral
167461,中国银行间市场七天期质押式回购利率10月14日开盘报2.98%，昨日收报3.0590%,2014-10-14 09:06:29,2014-10-14,276,0,neutral
4133,TCL集团小额贷款公司获批 注册资本2亿元,2014-10-14 09:16:53,2014-10-14,276,0,neutral
11077,泸州老窖泸小二持续发力 新品FORME在渝发布,2014-10-14 09:23:48,2014-10-14,276,1,positive
14582,金科股份20亿成立全资子公司 进军新能源产业,2014-10-14 09:25:40,2014-10-14,276,1,positive
113879,美尔雅期货：鸡蛋高开高走 全天震荡上涨 短期多头力量强劲,2014-10-14 09:30:34,2014-10-14,276,-1,negative
112739,同仁堂否认化妆品汞超标 称系山寨公司所为,2014-10-14 09:31:16,2014-10-14,276,0,neutral
54172,[互动]得利斯:就对俄出口与俄方积极接洽,2014-10-14 09:35:43,2014-10-14,276,1,positive
99926,[互动]博晖创新:暂无涉及互联网医疗计划,2014-10-14 09:50:51,2014-10-14,276,0,neutral
93419,[互动]潜能恒信:光纤检波器用于页岩气勘探,2014-10-14 10:14:49,2014-10-14,276,1,positive
40605,[互动]银轮股份:尾气后处理产品的销售增长,2014-10-14 10:15:05,2014-10-14,276,1,positive
49290,彩虹精化1元收购中至投资 承接比亚迪20MW屋顶?光伏项目,2014-10-14 10:29:45,2014-10-14,276,0,neutral
86039,康耐特:公司将拓展企业上门配镜服务,2014-10-14 10:35:28,2014-10-14,276,0,neutral
14467,快讯：足球概念股表现活跃 泰达股份涨停,2014-10-14 10:35:32,2014-10-14,276,1,positive
150183,[互动]国投电力:煤炭成本下降利好火电盈利,2014-10-14 10:40:18,2014-10-14,276,1,positive
56828,卓翼科技:目前未为华为生产荣耀手机,2014-10-14 10:40:41,2014-10-14,276,1,positive
93418,潜能恒信:光纤检波器用于页岩气勘探,2014-10-14 10:40:51,2014-10-14,276,1,positive
150182,[互动]国投电力:水电业务毛利率平均在60%,2014-10-14 10:50:00,2014-10-14,276,0,neutral
107098,汇业证券：华能国际低估值购资产 股价从近月低位反弹,2014-10-14 11:06:38,2014-10-14,276,0,neutral
154911,动画《生命之书》推三消手游,2014-10-14 11:07:41,2014-10-14,276,0,neutral
154912,19号台风越过日本关东地区进入太平洋,2014-10-14 11:25:58,2014-10-14,276,0,neutral
150181,[互动]国投电力:公司水电大坝具高抗震级别,2014-10-14 11:34:50,2014-10-14,276,0,neutral
54035,富安娜打造“整套家居软装方案”,2014-10-14 11:45:39,2014-10-14,276,0,neutral
19525,国海证券：短期利率抑制收益率下行,2014-10-14 11:51:55,2014-10-14,276,-1,negative
98302,[公司]和晶科技料前三季净利同比增20%以内,2014-10-14 11:59:46,2014-10-14,276,1,positive
90356,[公司]大富科技子公司收到政府补贴2920万,2014-10-14 12:04:35,2014-10-14,276,1,positive
98050,[公司]三丰智能料前三季净利同比降5%以内,2014-10-14 12:04:50,2014-10-14,276,-1,negative
90357,大富科技全资子公司收到政府补贴2920万,2014-10-14 12:08:23,2014-10-14,276,1,positive
95846,[公司]方直科技料前三季净利同比增10%以内,2014-10-14 12:10:00,2014-10-14,276,1,positive
98431,[公司]南通锻压料前三季净利同比增40%,2014-10-14 12:19:40,2014-10-14,276,-1,negative
50708,友阿股份下调三季报盈利预测,2014-10-14 12:29:07,2014-10-14,276,0,neutral
67571,[公司]天顺风能下调业绩预测 受累欧元贬值,2014-10-14 12:34:53,2014-10-14,276,-1,negative
96965,常山药业前三季度净利预增,2014-10-14 12:40:49,2014-10-14,276,1,positive
98049,三丰智能预计前三季业绩略降,2014-10-14 12:40:56,2014-10-14,276,-1,negative
82031,[公司]探路者预计前三季度净利同比增约26%,2014-10-14 13:15:13,2014-10-14,276,1,positive
98430,南通锻压前三季业绩预计增长39%至59%,2014-10-14 13:25:01,2014-10-14,276,1,positive
94239,理邦仪器前三季度净利预计下降45%,2014-10-14 13:26:09,2014-10-14,276,-1,negative
147165,多重利好致医药股备受资金青睐 鲁抗医药等涨停,2014-10-14 13:50:32,2014-10-14,276,1,positive
147164,多重利好致医药股备受青睐 鲁抗医药涨停,2014-10-14 13:58:42,2014-10-14,276,1,positive
89566,[互动]太阳鸟:部分船型组件已达模块化生产,2014-10-14 14:28:08,2014-10-14,276,0,neutral
4130,[互动]TCL集团:将于年底推出QLED电视,2014-10-14 14:50:00,2014-10-14,276,0,neutral
69066,[互动]洽洽食品:制造适合电商的差异化产品,2014-10-14 15:11:28,2014-10-14,276,1,positive
58942,[公司]嘉欣丝绸:公司土地有较大的资产增值,2014-10-14 16:04:34,2014-10-14,276,1,positive
46277,[互动]南洋股份:孙公司产品获荷兰KEMA认证,2014-10-14 16:18:37,2014-10-14,276,1,positive
23924,[公司]桑德环境:危废项目短期大规模盈利难,2014-10-14 16:24:53,2014-10-14,276,0,neutral
131323,[公司]片仔癀产品列入新版登革热诊疗指南,2014-10-14 16:26:12,2014-10-14,276,0,neutral
122711,[公司]国电南自料1,2014-10-14 16:29:54,2014-10-14,276,-1,negative
15684,[互动]视觉中国:公司综合市场占有率达40%,2014-10-14 16:30:20,2014-10-14,276,0,neutral
29213,华菱钢铁前三季实现扭亏,2014-10-14 16:31:19,2014-10-14,276,1,positive
30724,[公司]安泰科技料1,2014-10-14 16:39:57,2014-10-14,276,-1,negative
139368,[公司]国新能源料1,2014-10-14 16:40:16,2014-10-14,276,1,positive
97832,和佳股份预中标约1800万医院招标项目,2014-10-14 16:42:43,2014-10-14,276,1,positive
99924,博晖创新前三季度业绩预降20%～30%,2014-10-14 16:49:45,2014-10-14,276,-1,negative
99529,任子行前三季度业绩预增30%—60%,2014-10-14 16:49:53,2014-10-14,276,1,positive
90520,先河环保前三季度业绩预增15%–30%,2014-10-14 17:14:37,2014-10-14,276,1,positive
114329,[公司]国金证券9月净利润环比增长206.65%,2014-10-14 17:19:36,2014-10-14,276,1,positive
101566,光一科技前三季度业绩预降15%～0%,2014-10-14 17:20:13,2014-10-14,276,-1,negative
137287,惠泉啤酒前三季度净利同比增101.75%,2014-10-14 17:20:22,2014-10-14,276,1,positive
11430,东北电气料首9月续蚀70万至105万人币,2014-10-14 17:33:41,2014-10-14,276,-1,negative
3503,[公司]长城电脑预计1,2014-10-14 17:35:07,2014-10-14,276,-1,negative
82465,鼎汉技术料前三季净利同比增长逾一倍,2014-10-14 17:38:12,2014-10-14,276,1,positive
152279,[公司]招商证券9月净利4.62亿元 同比增92%,2014-10-14 17:49:42,2014-10-14,276,1,positive
6626,[公司]小天鹅A料前三季净利同比增45%,2014-10-14 17:49:49,2014-10-14,276,1,positive
93124,[互动]通裕重工:新的无人机订单正在洽谈中,2014-10-14 17:59:56,2014-10-14,276,0,neutral
105887,浦发银行推出“小微金融”品牌,2014-10-14 18:19:28,2014-10-14,276,0,neutral
116747,中国船舶前三季生产提速 净利增长逾九倍,2014-10-14 18:20:09,2014-10-14,276,1,positive
67318,山东矿机预计全年净利大幅下滑,2014-10-14 18:31:04,2014-10-14,276,-1,negative
27593,俄罗斯技术国家集团与中国航天科技集团公司签署战略合作协议,2014-10-14 18:39:35,2014-10-14,276,0,neutral
133463,[公司]上海能源旗下煤矿发生冒顶事故致1死,2014-10-14 18:39:42,2014-10-14,276,0,neutral
133040,烽火通信筹划购买资产事项 15日起停牌,2014-10-14 18:40:23,2014-10-14,276,-1,negative
15654,山推股份前三季度业绩扭亏,2014-10-14 18:44:48,2014-10-14,276,1,positive
43861,游族网络：国内领先的研运一体化游戏龙头,2014-10-14 18:50:38,2014-10-14,276,1,positive
5375,[公司]潍柴动力预计1,2014-10-14 18:54:43,2014-10-14,276,1,positive
85921,[公司]蓝色光标料前三季净利同比增86%,2014-10-14 18:54:50,2014-10-14,276,1,positive
100198,旋极信息筹划重大资产重组 明起停牌,2014-10-14 19:07:47,2014-10-14,276,-1,negative
53132,海大集团：产品服务双优势推动公司逆市增长,2014-10-14 19:10:34,2014-10-14,276,1,positive
15106,荣丰控股因关涉重大事项14日开市时起停牌,2014-10-14 19:19:50,2014-10-14,276,0,neutral
85919,蓝色光标前三季业绩预增86%—96%,2014-10-14 19:28:33,2014-10-14,276,1,positive
83234,补贴政策实施滞后 吉峰农机前三季预亏近亿元,2014-10-14 19:28:59,2014-10-14,276,-1,negative
90911,异地扩张告捷 宋城演艺前三季业绩预增20%,2014-10-14 19:29:14,2014-10-14,276,1,positive
93416,[互动]潜能恒信:子公司石油项目开展勘探,2014-10-14 20:09:21,2014-10-14,276,1,positive
102397,创意信息前三季度业绩预增0% —10%,2014-10-14 20:22:53,2014-10-14,276,1,positive
163401,解读:力帆股份斥3亿美元俄罗斯设厂 海外业务打开想象空间,2014-10-14 20:28:39,2014-10-14,276,0,neutral
172615,特克斯县水利事业快速发展老百姓受益,2014-10-14 20:31:32,2014-10-14,276,1,positive
151414,宜华木业拟5.7亿并购恒安兴加码主业,2014-10-14 20:45:09,2014-10-14,276,0,neutral
37140,獐子岛将披露底播增殖相关重大事项,2014-10-14 20:45:42,2014-10-14,276,0,neutral
92682,腾邦国际前三季业绩预增约5成 金融板块贡献给力,2014-10-14 20:56:52,2014-10-14,276,1,positive
91665,恒泰艾普联手海外参股企业开发一批停产油田,2014-10-14 20:58:29,2014-10-14,276,0,neutral
151415,[公司]宜华木业拟5.7亿收购酒店软装提供商,2014-10-14 21:10:13,2014-10-14,276,0,neutral
138086,[公司]泰豪科技15日起复牌 拟定增1.46亿股,2014-10-14 21:13:02,2014-10-14,276,0,neutral
2175,[互动]德赛电池:惠州亿能与国内车企有合作,2014-10-14 21:13:26,2014-10-14,276,0,neutral
2174,[互动]德赛电池:与小米等客户保持良好合作,2014-10-14 21:13:33,2014-10-14,276,0,neutral
57568,[公司]合众思壮料前三季亏3500,2014-10-14 22:28:51,2014-10-14,276,-1,negative
71575,[公司]日上集团拟定增5000万股 募资5.28亿,2014-10-14 22:30:16,2014-10-14,276,0,neutral
99651,[公司]天山生物预计前三季度净利同比下降,2014-10-14 22:33:18,2014-10-14,276,-1,negative
85607,[公司]欧比特预计前三季度利降15.6%,2014-10-14 22:38:15,2014-10-14,276,-1,negative
85965,[公司]东方财富料前三季扭亏 营收大幅增长,2014-10-15 00:00:26,2014-10-15,276,1,positive
165366,中煤能源新疆天山煤电在建煤矿发生冒顶事故,2014-10-15 00:09:51,2014-10-15,276,0,neutral
23536,金城股份跨界并购苗药资产 贵州百灵逆势冲击涨停,2014-10-15 01:01:22,2014-10-15,276,0,neutral
95898,[公司]上海新阳预计前三季度净利增1,2014-10-15 01:02:36,2014-10-15,276,1,positive
135558,亿晶光电科技股份有限公司关于大股东股权部分解除质押及再质押的公告,2014-10-15 01:27:09,2014-10-15,276,0,neutral
4667,中联重科股份有限公司业绩预告公告,2014-10-15 01:32:05,2014-10-15,276,0,neutral
69937,美盛文化拟定增募资3.7亿 贝因美集团参与认购,2014-10-15 01:36:42,2014-10-15,276,0,neutral
30518,[公司]天保基建上修业绩预计 结转收入增加,2014-10-15 01:41:42,2014-10-15,276,1,positive
15105,[公司]荣丰控股14日起停牌 大股东筹划大事,2014-10-15 01:41:56,2014-10-15,276,0,neutral
1437,[公司]深圳能源三子公司上网电价9月起下调,2014-10-15 01:42:52,2014-10-15,276,0,neutral
16741,[公司]正虹科技大股东减持1338万股 占比5%,2014-10-15 01:42:59,2014-10-15,276,0,neutral
120053,上交所向西藏药业发监管函,2014-10-15 01:46:06,2014-10-15,276,0,neutral
20820,借力新媒体游戏平台   广发证券公益形式再创新,2014-10-15 02:37:59,2014-10-15,276,0,neutral
47316,厦门合兴包装印刷股份有限公司关于非公开发行股票摊薄即期回报影响及公司采取措施的公告,2014-10-15 03:21:50,2014-10-15,276,0,neutral
7696,晨鸣纸业：创造自己的“牛市”,2014-10-15 03:22:53,2014-10-15,276,1,positive
122747,江西赣粤高速公路股份有限公司2014年9月份车辆通行服务收入数据公告,2014-10-15 03:23:25,2014-10-15,276,1,positive
10029,借力资本市场 发展航天科技 创造智慧生活,2014-10-15 03:27:06,2014-10-15,276,0,neutral
38866,浙江海翔药业股份有限公司发行股份购买资产并募集配套资金暨关联交易报告书(修订版)摘要,2014-10-15 03:28:57,2014-10-15,276,0,neutral
56675,康力电梯股份有限公司关于限制性股票激励计划首期激励股份第三次解锁的公告,2014-10-15 03:33:29,2014-10-15,276,0,neutral
27995,南宁糖业股份有限公司关于召开公司2014年第三次临时股东大会的提示性公告,2014-10-15 03:35:12,2014-10-15,276,0,neutral
132182,株洲千金药业股份有限公司关于召开2014年第一次临时股东大会的通知,2014-10-15 03:35:30,2014-10-15,276,0,neutral
61931,杭州巨星科技股份有限公司关于增资入股浙江国自机器人技术有限公司的公告,2014-10-15 03:37:42,2014-10-15,276,0,neutral
13233,重庆长安汽车股份有限公司公告（系列）,2014-10-15 03:38:39,2014-10-15,276,0,neutral
20819,广发证券股份有限公司公告（系列）,2014-10-15 03:39:04,2014-10-15,276,0,neutral
26623,北京华联商厦股份有限公司2014年第二次临时股东大会决议公告,2014-10-15 03:40:25,2014-10-15,276,0,neutral
151409,广东省宜华木业股份有限公司发行股份及支付现金购买资产并募集配套资金暨关联交易报告书摘要（草案）,2014-10-15 03:43:41,2014-10-15,276,0,neutral
57142,浙江亚厦装饰股份有限公司2014年前三季度业绩预告修正公告,2014-10-15 03:44:08,2014-10-15,276,0,neutral
37496,江苏大港股份有限公司关于召开2014年第六次临时股东大会的提示性公告,2014-10-15 03:45:23,2014-10-15,276,0,neutral
124591,海澜之家股份有限公司关于拟参与设立深圳市华泰瑞麟股权投资基金合伙企业（有限合伙）的提示性公告,2014-10-15 03:48:24,2014-10-15,276,1,positive
58357,广东长青(集团)股份有限公司关于2014年前三季度业绩预告修正公告,2014-10-15 03:49:14,2014-10-15,276,0,neutral
9180,万泽实业股份有限公司关于召开2014年第五次临时股东大会的提示性公告,2014-10-15 03:49:46,2014-10-15,276,0,neutral
47874,厦门安妮股份有限公司2014年第三季度业绩预告修正公告,2014-10-15 03:51:23,2014-10-15,276,0,neutral
20320,西藏矿业发展股份有限公司2014年第三季度业绩预告,2014-10-15 03:52:36,2014-10-15,276,0,neutral
20259,斯太尔动力股份有限公司2014年第三次临时股东大会决议公告,2014-10-15 03:52:45,2014-10-15,276,0,neutral
107730,特斯拉牵手民生银行将建400个充电桩,2014-10-15 04:10:57,2014-10-15,276,0,neutral
140396,新东方明珠亮相临近:A股将现首家市值千亿文化航母,2014-10-15 07:10:48,2014-10-15,276,0,neutral
19517,国海证券总裁被刑拘 副总裁协助调查,2014-10-15 07:30:56,2014-10-15,276,0,neutral
27098,东凌粮油前三季预亏2.5亿 食用油业务拖累,2014-10-15 07:49:58,2014-10-15,276,-1,negative
11065,泸州老窖1.5亿存款失踪 磋商无果起诉农行,2014-10-15 07:52:04,2014-10-15,276,0,neutral
107726,民生银行牵手特斯拉建充电桩,2014-10-15 07:53:05,2014-10-15,276,0,neutral
19515,国海证券总裁副总裁被带走,2014-10-15 08:01:40,2014-10-15,276,0,neutral
11064,泸州老窖公告1.5亿存款失踪 将进行内部自查,2014-10-15 08:05:44,2014-10-15,276,0,neutral
41516,安纳达遭自然人举牌,2014-10-15 08:29:54,2014-10-15,276,0,neutral
157022,林洋电子：定增补血助力光伏电站业务,2014-10-15 08:30:29,2014-10-15,276,0,neutral
62130,[互动]中原内配:公司气缸套全球市占率10%,2014-10-15 09:20:56,2014-10-15,276,1,positive
157021,[求证]受GTAT破产波及？林洋电子否认报道,2014-10-15 09:21:50,2014-10-15,276,0,neutral
167596,中国重工将建四控股公司 承接大股东资产注入,2014-10-15 09:37:06,2014-10-15,276,0,neutral
144136,[求证]投资环球影视公园项目？首商股份否认,2014-10-15 09:37:42,2014-10-15,276,0,neutral
171736,东方电缆今日上市 以上限价开盘涨20%,2014-10-15 09:40:31,2014-10-15,276,0,neutral
49176,泰和新材:公司“泰普龙”对位芳纶可用于汽车防弹,2014-10-15 09:41:34,2014-10-15,276,0,neutral
86405,碧水源:将为APEC会议提供净水产品,2014-10-15 10:18:30,2014-10-15,276,0,neutral
23836,快讯：太钢不锈再冲涨停 钢价有望企稳,2014-10-15 10:40:20,2014-10-15,276,1,positive
82719,[直播]探访渐进收获期的爱尔眼科,2014-10-15 10:45:50,2014-10-15,276,0,neutral
5516,[互动]冀东水泥:北京新机场动工利公司销售,2014-10-15 11:24:59,2014-10-15,276,0,neutral
58613,[互动]建研集团:工业萘价跌助公司利润稳定,2014-10-15 11:25:06,2014-10-15,276,1,positive
70091,[公司]德力股份下调业绩预期 净利降3,2014-10-15 12:10:18,2014-10-15,276,-1,negative
164679,中资石油股早盘集体下跌 中国石油跌1.79%,2014-10-15 12:11:12,2014-10-15,276,-1,negative
17714,四季度楼盘交付 苏宁环球前三季净利预降全年预增,2014-10-15 12:22:29,2014-10-15,276,-1,negative
52720,[公司]南国置业取得控股股东委托贷款2亿元,2014-10-15 12:24:48,2014-10-15,276,0,neutral
43939,龙谷网络研发《两天一夜》同名手游,2014-10-15 12:30:32,2014-10-15,276,0,neutral
164678,哈萨克斯坦考虑扩大对中国石油出口,2014-10-15 13:04:27,2014-10-15,276,0,neutral
139763,新世界郑志刚：今年售楼成绩有望胜去年,2014-10-15 13:25:53,2014-10-15,276,0,neutral
112737,北京同仁堂回应化妆品遭停售：涉事企业及产品系假冒,2014-10-15 13:32:24,2014-10-15,276,0,neutral
19516,国海证券总裁被刑事拘留 副总裁陈列江协助调查,2014-10-15 13:45:10,2014-10-15,276,0,neutral
140017,传媒股午后拉升 浙报传媒涨逾5%,2014-10-15 14:20:29,2014-10-15,276,1,positive
49813,2014新浪教育盛典候选学校：新华都商学院,2014-10-15 15:35:15,2014-10-15,276,1,positive
99039,[互动]博雅生物:目前拥有6个单采血浆站,2014-10-15 15:51:12,2014-10-15,276,1,positive
162358,中国建筑前三季地产销售额和面积双降,2014-10-15 16:00:47,2014-10-15,276,1,positive
133600,[公司]天富能源获政府共5109万 将计入递延,2014-10-15 16:10:07,2014-10-15,276,0,neutral
113237,广州发展前三季发电量和上网电量双降约7%,2014-10-15 16:10:58,2014-10-15,276,1,positive
110391,保利宋广菊：国内养老地产尚无成熟商业模式,2014-10-15 16:12:08,2014-10-15,276,0,neutral
159720,中国工商银行纸白银周三午后骤跌(图),2014-10-15 16:18:06,2014-10-15,276,-1,negative
162357,[公司]中国建筑前9月新签合同9874亿增7.4%,2014-10-15 16:44:19,2014-10-15,276,1,positive
134982,豫光金铅筹划非公开发行股票 16日起停牌,2014-10-15 16:45:25,2014-10-15,276,0,neutral
161399,中国中冶前三季新签合同2435亿 增46%,2014-10-15 16:46:39,2014-10-15,276,1,positive
149086,海通证券APP测评,2014-10-15 16:49:07,2014-10-15,276,0,neutral
92448,元力股份第三季度净利同比增长113.59%,2014-10-15 16:56:15,2014-10-15,276,1,positive
161398,[公司]中国中冶1,2014-10-15 16:57:51,2014-10-15,276,0,neutral
114866,[公司]东睦股份1.02亿元获科达磁电60%股权,2014-10-15 17:01:25,2014-10-15,276,0,neutral
67909,海立美达筹划重要资产交易 明起停牌,2014-10-15 17:09:40,2014-10-15,276,0,neutral
161559,中国人寿前9月原保费2714亿元 同降2%,2014-10-15 17:13:53,2014-10-15,276,1,positive
134981,[公司]豫光金铅16日起停牌 因筹划定增事项,2014-10-15 17:19:54,2014-10-15,276,0,neutral
167698,[公司]大唐发电前三季发电量同比降约0.75%,2014-10-15 17:24:46,2014-10-15,276,-1,negative
69587,[公司]上海绿新将于10月21日提前披露季报,2014-10-15 17:25:24,2014-10-15,276,0,neutral
66985,[季报]齐峰新材1,2014-10-15 17:30:38,2014-10-15,276,1,positive
117777,[快讯]被传斩获大订单 福田汽车称未签合同,2014-10-15 17:35:06,2014-10-15,276,0,neutral
33601,海特高新全资子公司天津海特获得维修许可证,2014-10-15 17:50:23,2014-10-15,276,0,neutral
12807,[公司]湖北金环遭第二大股东减持650万股,2014-10-15 18:00:53,2014-10-15,276,0,neutral
76297,首航节能签50MW光热发电站项目合作协议 明复牌,2014-10-15 18:09:26,2014-10-15,276,0,neutral
19511,桂东电力出售国海证券300万股 获利2426万,2014-10-15 18:14:26,2014-10-15,276,0,neutral
37138,獐子岛O2O平台启动“双11”预售,2014-10-15 18:19:45,2014-10-15,276,0,neutral
36428,东华软件7200万控股东华智慧 开启混合所有制浙江案例,2014-10-15 18:35:35,2014-10-15,276,0,neutral
19512,[公司]桂东电力抛300万股国海证券赚2426万,2014-10-15 18:39:43,2014-10-15,276,0,neutral
87982,高新兴预中标5454万中山视频监控三期项目,2014-10-15 18:50:31,2014-10-15,276,0,neutral
103055,扬杰科技获政府补助1000万元,2014-10-15 19:03:14,2014-10-15,276,0,neutral
132936,精工钢构:光伏业务突破 绿色建筑前景广阔,2014-10-15 19:09:33,2014-10-15,276,1,positive
74972,[互动]荣之联:车网互联与上海宝尊达成合作,2014-10-15 19:25:25,2014-10-15,276,0,neutral
54111,新朋股份终止定增收购游戏类资产 明起复牌,2014-10-15 19:37:04,2014-10-15,276,1,positive
16774,恒逸石化遭鼎晖系大幅减持2808万股,2014-10-15 19:37:27,2014-10-15,276,0,neutral
6625,小天鹅A:三季度业绩预增49%,2014-10-15 19:50:16,2014-10-15,276,1,positive
49288,彩虹精化拟投3亿开建30MW光伏发电项目,2014-10-15 19:57:51,2014-10-15,276,0,neutral
141202,[公司]城投控股拟1.43亿售远洋宾馆21%股权,2014-10-15 20:18:06,2014-10-15,276,0,neutral
96964,常山药业2000万设久康医疗投资河北公司,2014-10-15 20:29:10,2014-10-15,276,1,positive
113873,美尔雅期货：节后消费疲软 鸡蛋延续弱势,2014-10-15 20:44:42,2014-10-15,276,-1,negative
103067,[季报]鹏翎股份1,2014-10-15 20:45:14,2014-10-15,276,1,positive
11051,泸州老窖1.5亿存款离奇失踪 A股为何屡丢巨款,2014-10-15 20:51:58,2014-10-15,276,0,neutral
145682,解读:两大股东抢筹升级 东方银星重组或现变局,2014-10-15 20:58:02,2014-10-15,276,0,neutral
20817,广发证券获港股通业务交易权限,2014-10-15 21:11:36,2014-10-15,276,0,neutral
54110,[公司]新朋股份16日复牌 终止筹划购买资产,2014-10-15 21:23:40,2014-10-15,276,0,neutral
83041,[公司]硅宝科技股东600万股办质押回购交易,2014-10-15 21:23:58,2014-10-15,276,0,neutral
43859,[公司]游族网络拟9800万购晨麒投资10%份额,2014-10-15 21:24:05,2014-10-15,276,1,positive
11634,[公司]桐君阁料1,2014-10-15 21:34:25,2014-10-15,276,-1,negative
101565,[互动]光一科技:用电信息采集扩建年底投产,2014-10-15 21:34:40,2014-10-15,276,0,neutral
27047,[公司]法尔胜否认筹划被借壳 无未披露信息,2014-10-15 21:34:46,2014-10-15,276,0,neutral
57567,解读:拓展业务新增长点 合众思壮拟定增收购两公司,2014-10-15 21:38:18,2014-10-15,276,0,neutral
95698,[季报]洲明科技1,2014-10-15 21:38:34,2014-10-15,276,1,positive
76391,[公司]德联集团拟定增募资9.4亿投2S店项目,2014-10-15 21:43:21,2014-10-15,276,0,neutral
9426,[公司]云南白药公司债票面利率确定为5.08%,2014-10-15 21:43:35,2014-10-15,276,0,neutral
66094,[公司]涪陵榨菜超募投资项目完工投入使用,2014-10-15 21:43:42,2014-10-15,276,0,neutral
145681,STCN解读:两大股东争夺东方银星相持不下 重组方案恐生变,2014-10-15 21:56:47,2014-10-15,276,0,neutral
96224,[公司]明家科技控股股东解除质押1800万股,2014-10-15 21:58:17,2014-10-15,276,0,neutral
125685,胡莹任中新大东方财务负责人,2014-10-15 22:11:49,2014-10-15,276,0,neutral
145680,[公司]东方银星控股权争夺继续 股东再增持,2014-10-15 23:15:33,2014-10-15,276,0,neutral
16073,中国恒天欲转让控制权 “折翅”恒天天鹅将易主,2014-10-15 23:50:06,2014-10-15,276,1,positive
167020,中国核电三巨头加速海外抢滩布局,2014-10-16 01:01:24,2014-10-16,276,0,neutral
80321,海洋王照明科技股份有限公司首次公开发行股票初步询价及推介公告,2014-10-16 01:13:17,2014-10-16,276,0,neutral
53611,珠海市乐通化工股份有限公司关于取得发明专利证书的公告,2014-10-16 01:16:13,2014-10-16,276,0,neutral
59769,杭州海康威视数字技术股份有限公司,2014-10-16 01:16:44,2014-10-16,276,0,neutral
58137,贵州信邦制药股份有限公司关于第五届董事会第二十八次会议决议的公告,2014-10-16 01:17:47,2014-10-16,276,0,neutral
167696,大唐国际发电股份有限公司2014年前三季度发电量公告,2014-10-16 01:19:02,2014-10-16,276,-1,negative
121070,股票代码：600236         股票简称：桂冠电力       编号：临2014,2014-10-16 01:19:20,2014-10-16,276,0,neutral
107094,华能国际电力股份有限公司2014年前三季度完成发电量情况公告,2014-10-16 01:20:23,2014-10-16,276,0,neutral
43858,游族网络股份有限公司关于召开2014年第三次临时股东大会的通知的更正公告,2014-10-16 01:22:05,2014-10-16,276,0,neutral
54109,上海新朋实业股份有限公司关于终止筹划发行股份购买资产暨公司股票复牌的公告,2014-10-16 01:22:50,2014-10-16,276,0,neutral
70338,浙江明牌珠宝股份有限公司关于公司完成工商变更登记的公告,2014-10-16 01:24:13,2014-10-16,276,0,neutral
52876,厦门蒙发利科技（集团）股份有限公司关于控股股东部分股权质押公告,2014-10-16 01:27:01,2014-10-16,276,0,neutral
42545,北京北纬通信科技股份有限公司关于公司发行股份及支付现金购买资产事项获得中国证监会上市公司并购重组审核委员会审核通过暨公司股票复牌的公告,2014-10-16 01:28:24,2014-10-16,276,0,neutral
141993,中华企业股份有限公司2009年公司债本息兑付和摘牌公告,2014-10-16 01:29:04,2014-10-16,276,0,neutral
147506,浙大网新科技股份有限公司2014年前三季度业绩预亏公告,2014-10-16 01:31:17,2014-10-16,276,-1,negative
2330,方大集团股份有限公司2014年第三季度报告更正公告,2014-10-16 01:34:49,2014-10-16,276,0,neutral
26130,新希望六和股份有限公司关于公司2014年度第一期短期融资券发行结果的公告,2014-10-16 01:45:31,2014-10-16,276,0,neutral
70236,苏亚雷斯荣获欧洲金靴奖,2014-10-16 01:49:02,2014-10-16,276,0,neutral
103066,天津鹏翎胶管股份有限公司2014年第三季度报告披露提示性公告,2014-10-16 01:58:35,2014-10-16,276,0,neutral
56023,河南森源电气股份有限公司2014年第二次临时股东大会决议公告,2014-10-16 02:03:57,2014-10-16,276,0,neutral
42312,中核华原钛白股份有限公司2014年第三次临时股东大会决议公告,2014-10-16 02:04:45,2014-10-16,276,0,neutral
18502,南京华东电子信息科技股份有限公司关于非公开发行A股股票申请获中国证监会发行审核委员会审核通过的提示性公告,2014-10-16 02:08:28,2014-10-16,276,0,neutral
35434,深圳市同洲电子股份有限公司关于未来三年公司募投项目利润预测及公司整体经营业绩预测的公告,2014-10-16 02:09:14,2014-10-16,276,-1,negative
19506,国海证券总裁被拘副总裁协助调查,2014-10-16 02:09:57,2014-10-16,276,0,neutral
16576,沈阳化工股份有限公司关于重大资产重组有关问题获国资委批复的公告,2014-10-16 02:10:34,2014-10-16,276,0,neutral
57057,山东丽鹏股份有限公司2014年第三季度业绩预告修正公告,2014-10-16 02:11:36,2014-10-16,276,0,neutral
66093,重庆市涪陵榨菜集团股份有限公司关于“垫江20000立方米榨菜原料加工贮藏池建设项目”建成投产的公告,2014-10-16 02:11:59,2014-10-16,276,0,neutral
77989,成都红旗连锁股份有限公司关于完成绵阳红旗连锁全资子公司工商注册登记的公告,2014-10-16 02:12:13,2014-10-16,276,0,neutral
109384,中信证券股份有限公司2014年度第九期短期融资券发行结果公告,2014-10-16 02:13:24,2014-10-16,276,0,neutral
169618,[新股]宁波精达拟发2000万股 27日网上申购,2014-10-16 02:18:08,2014-10-16,276,0,neutral
91662,恒泰艾普发力石油服务产业链,2014-10-16 03:00:58,2014-10-16,276,0,neutral
127885,西南证券成功发行30亿次级债,2014-10-16 03:01:10,2014-10-16,276,0,neutral
121890,鑫科材料遭机构巨量抛售 定增股东获利达180%,2014-10-16 03:55:01,2014-10-16,276,0,neutral
154902,江苏太平洋石英股份有限公司首次公开发行股票招股意向书摘要,2014-10-16 04:01:24,2014-10-16,276,0,neutral
14576,金科地产集团股份有限公司简式权益变动报告书,2014-10-16 04:03:06,2014-10-16,276,0,neutral
173122,中电电机股份有限公司首次公开发行股票发行安排及初步询价公告,2014-10-16 04:04:11,2014-10-16,276,0,neutral
170361,桂林福达股份有限公司首次公开发行股票招股意向书摘要,2014-10-16 04:06:47,2014-10-16,276,0,neutral
34270,中山大学达安基因股份有限公司2014年前三季度业绩预告修正公告,2014-10-16 04:13:16,2014-10-16,276,0,neutral
121069,广西桂冠电力股份有限公司公司债券付息公告,2014-10-16 04:15:04,2014-10-16,276,0,neutral
121977,安徽鑫科新材料股份有限公司公告（系列）,2014-10-16 04:22:25,2014-10-16,276,0,neutral
8317,重庆渝开发股份有限公司2014第三季度报告,2014-10-16 04:30:49,2014-10-16,276,0,neutral
36554,东华软件股份公司公告（系列）,2014-10-16 04:36:26,2014-10-16,276,0,neutral
159719,中国工商银行纸黄金纸白银周四亚市盘初小跌,2014-10-16 05:35:41,2014-10-16,276,1,positive
111192,槟榔在中国的医药应用与功效之二,2014-10-16 06:51:58,2014-10-16,276,-1,negative
20103,永辉超市“曲线”入鄂 中百集团股权战还没完,2014-10-16 07:01:30,2014-10-16,276,1,positive
162843,媒体称华泰证券接洽投行拟赴香港上市,2014-10-16 07:40:20,2014-10-16,276,0,neutral
149441,证监会两年调查信披违规案 智慧能源终获清白,2014-10-16 07:40:37,2014-10-16,276,0,neutral
19505,国海证券总裁被刑拘 涉及债市稽查风波,2014-10-16 08:04:06,2014-10-16,276,0,neutral
155954,兴业银行推    免费WIFI服务,2014-10-16 08:19:46,2014-10-16,276,0,neutral
139761,红牛世界桥牌锦标赛三亚开赛 联众迈向新高度,2014-10-16 08:40:10,2014-10-16,276,0,neutral
78116,美盛文化：看好公司未来的产业链布局 持续推荐,2014-10-16 09:10:49,2014-10-16,276,1,positive
13716,攀钢钒钛发生未披露重大事项 16日起停牌,2014-10-16 09:29:49,2014-10-16,276,0,neutral
134533,长园集团投资价值显现,2014-10-16 09:35:28,2014-10-16,276,1,positive
43856,游族网络9800万元收购晨麒投资9%股份,2014-10-16 09:43:09,2014-10-16,276,0,neutral
45649,云投生态业绩变脸由盈变亏 投资者担心重蹈覆辙,2014-10-16 09:47:57,2014-10-16,276,0,neutral
147158,生物疫苗概念再度大涨 鲁抗医药4天涨逾4成,2014-10-16 09:49:38,2014-10-16,276,1,positive
89444,[互动]阳谷华泰:各生产线负荷率在八成以上,2014-10-16 10:10:33,2014-10-16,276,-1,negative
19507,国海证券总裁被刑拘 两股东共减持600万股,2014-10-16 10:11:05,2014-10-16,276,0,neutral
115148,日美加强太空军事合作 称受中国反卫星实验触动,2014-10-16 10:16:17,2014-10-16,276,0,neutral
113871,美尔雅期货：橡胶多头护盘积极 下方支撑力量较强 短线上涨行情可期,2014-10-16 10:31:17,2014-10-16,276,1,positive
19916,快讯：医药板块逆市上涨 山东新华制药涨3.4%,2014-10-16 10:49:44,2014-10-16,276,1,positive
104698,科隆精化今日起招股 23日申购发行,2014-10-16 10:57:22,2014-10-16,276,1,positive
168081,快讯：中信银行直线拉升涨7% 银行股集体上涨,2014-10-16 11:08:21,2014-10-16,276,1,positive
83183,[互动]大禹节水:公司正积极准备再融资计划,2014-10-16 11:10:23,2014-10-16,276,0,neutral
10796,西安民生复牌连涨停 华安基金解套大减持,2014-10-16 11:40:01,2014-10-16,276,0,neutral
43328,[公司]莱茵生物撤销竞得临桂土地使用权证,2014-10-16 12:13:27,2014-10-16,276,0,neutral
67569,[公司]天顺风能3000万元购买银行理财产品,2014-10-16 12:17:44,2014-10-16,276,0,neutral
1215,[公司]招商地产与启迪控股签战略合作协议,2014-10-16 12:19:42,2014-10-16,276,1,positive
153129,连云港援疆教师工作纪实,2014-10-16 12:34:29,2014-10-16,276,0,neutral
136337,俄加里宁格勒雷达站将战斗值班 覆盖欧洲和大西洋,2014-10-16 12:37:04,2014-10-16,276,1,positive
11041,泸州老窖存款消失背后:酒企存款银行卖酒成双赢模式,2014-10-16 13:00:44,2014-10-16,276,0,neutral
69064,[互动]洽洽食品:将重点发展散称路径操作,2014-10-16 13:14:23,2014-10-16,276,0,neutral
96940,午间公告：仟源医药遭股东减持2.07%股份,2014-10-16 13:19:30,2014-10-16,276,0,neutral
107256,华夏银行执行房贷新政 支持合理住房消费需求,2014-10-16 14:43:48,2014-10-16,276,0,neutral
153952,电力股午后拉升 节能风电涨停,2014-10-16 14:44:22,2014-10-16,276,1,positive
163394,[互动]力帆股份:不排除后期会自建电商平台,2014-10-16 14:46:06,2014-10-16,276,0,neutral
11046,白酒转型困局:泸州老窖存款失踪揭存款卖酒迷局,2014-10-16 14:48:43,2014-10-16,276,0,neutral
140774,天安财险入围“2014上海企业100强”、“2014上海服务业企业50强”,2014-10-16 14:50:10,2014-10-16,276,0,neutral
3122,中兴通讯携手NBA开展社会公益活动,2014-10-16 14:58:25,2014-10-16,276,0,neutral
162354,中国建筑跌5%创一年新低 明天公布第三季业绩,2014-10-16 15:21:39,2014-10-16,276,0,neutral
155950,法国兴业银行：将2014年第四季度美国原油期货价格预估从92.5美元/桶下调至82美元/桶,2014-10-16 15:44:52,2014-10-16,276,0,neutral
39571,[公司]威海广泰:今年新山鹰利润增长达预期,2014-10-16 15:50:17,2014-10-16,276,0,neutral
54260,[互动]皖通科技:监狱智能产品市场反应良好,2014-10-16 15:50:39,2014-10-16,276,1,positive
120050,[公司]西藏药业大股东所持股份被继续冻结,2014-10-16 16:01:10,2014-10-16,276,0,neutral
130783,国际业务 扬帆远航,2014-10-16 16:08:05,2014-10-16,276,1,positive
159269,兴业证券已获批开通沪港通交易权限,2014-10-16 16:16:14,2014-10-16,276,0,neutral
166652,创新前后台分离改革 打造集约化运营平台 建设银行惠民服务谱新篇,2014-10-16 16:18:17,2014-10-16,276,1,positive
159718,中国工商银行纸黄金周四午后走低(图),2014-10-16 16:26:44,2014-10-16,276,-1,negative
18774,[季报]燕京啤酒今年前三季度盈利9.16亿元,2014-10-16 16:30:57,2014-10-16,276,1,positive
162352,盘点中国各地“奇葩”建筑,2014-10-16 16:31:24,2014-10-16,276,0,neutral
12574,[季报]西安旅游今年前三季度亏损1194.18万,2014-10-16 16:50:22,2014-10-16,276,-1,negative
86928,[季报]国民技术1,2014-10-16 16:54:41,2014-10-16,276,-1,negative
58052,南洋科技三季报净利增长53% 全年预增10%,2014-10-16 17:11:13,2014-10-16,276,1,positive
165365,[公司]中煤能源9月煤炭销量1359万吨 增3%,2014-10-16 17:12:52,2014-10-16,276,1,positive
132935,[公司]精工钢构大股东995万股解押后再质押,2014-10-16 17:20:18,2014-10-16,276,0,neutral
55594,[互动]漫步者:公司各类新品销售增长稳定,2014-10-16 17:24:52,2014-10-16,276,1,positive
27265,[求证]出口提升毛利？双汇发展称影响不大,2014-10-16 17:30:21,2014-10-16,276,1,positive
33060,[互动]盾安环境:碳交易资格已做好充足准备,2014-10-16 17:35:02,2014-10-16,276,0,neutral
142684,上海石化A股股票期权激励计划获国资委同意,2014-10-16 17:46:15,2014-10-16,276,0,neutral
133964,康美药业：拟公开发行公司债券24亿元,2014-10-16 17:50:11,2014-10-16,276,0,neutral
90963,南方泵业筹划员工持股计划 明起停牌,2014-10-16 18:13:14,2014-10-16,276,0,neutral
17708,苏宁环球:全年业绩预增 文化产业转型再加码,2014-10-16 18:31:30,2014-10-16,276,1,positive
163393,力帆股份:俄罗斯市场潜力大 建厂延续领先优势,2014-10-16 18:32:05,2014-10-16,276,1,positive
66984,齐峰新材:龙头定价能力体现高盈利能力,2014-10-16 18:39:24,2014-10-16,276,1,positive
102579,汇金股份:持续并购及投资 业务全面布局,2014-10-16 18:39:34,2014-10-16,276,0,neutral
20550,STCN解读:中航飞机拟定增30亿加码大飞机业务 预计明年首飞,2014-10-16 18:49:30,2014-10-16,276,0,neutral
108426,[公司]浙能电力可转债网上中签号共70689个,2014-10-16 18:54:53,2014-10-16,276,0,neutral
141686,[季报]哈药股份前三季净利同比增长23.42%,2014-10-16 19:02:30,2014-10-16,276,1,positive
100079,硕贝德获三项专利证书,2014-10-16 19:15:01,2014-10-16,276,0,neutral
45647,[公司]云投生态虚假陈述涉86案 索偿1613万,2014-10-16 19:15:33,2014-10-16,276,0,neutral
145671,解读:持股锱铢必较 东方银星抢筹战拼至29.9999%,2014-10-16 19:34:25,2014-10-16,276,0,neutral
31477,[公司]国金证券25万手可转债遭九芝堂抛售,2014-10-16 19:45:23,2014-10-16,276,0,neutral
63626,[公司]天齐锂业近日取得一项发明专利证书,2014-10-16 19:45:30,2014-10-16,276,1,positive
20258,[互动]斯太尔:奥地利样机已给国内客户测试,2014-10-16 20:15:46,2014-10-16,276,0,neutral
9278,[互动]华映科技:公司将加快产业链整合进度,2014-10-16 20:17:54,2014-10-16,276,1,positive
104304,[季报]中来股份1,2014-10-16 20:23:36,2014-10-16,276,1,positive
107254,华夏银行在前海设立分行,2014-10-16 20:25:52,2014-10-16,276,1,positive
28451,南方汇通称南车正筹划重大资产重组 继续停牌,2014-10-16 20:38:00,2014-10-16,276,0,neutral
70841,[互动]好想你:红枣饮料市场处自然增长状态,2014-10-16 20:38:46,2014-10-16,276,1,positive
75557,博彦科技全球总部大厦落成,2014-10-16 20:46:35,2014-10-16,276,1,positive
17877,西安饮食拟设立合资子公司 拓展电商和互联网金融业务,2014-10-16 20:46:50,2014-10-16,276,0,neutral
81312,万达院线预披招股书 王思聪持有500万股,2014-10-16 20:55:08,2014-10-16,276,0,neutral
115740,[公司]太极集团孙公司引资一事被责令说明,2014-10-16 21:04:02,2014-10-16,276,0,neutral
45646,云投生态身陷虚假陈述纠纷 11月25日开庭审理,2014-10-16 21:09:02,2014-10-16,276,0,neutral
124680,万华化学前三季度净利约21亿 下降10%,2014-10-16 21:21:01,2014-10-16,276,-1,negative
100078,[公司]硕贝德获得三项实用新型专利 10年有效,2014-10-16 22:15:35,2014-10-16,276,0,neutral
154896,太平洋:9月数据惊艳 迎来关键性拐点,2014-10-16 23:09:55,2014-10-16,276,1,positive
772,中国宝安1.6亿购武汉华博,2014-10-17 01:01:46,2014-10-17,276,0,neutral
39362,山东沃华医药科技股份有限公司关于更换保荐代表人的公告,2014-10-17 01:17:21,2014-10-17,276,0,neutral
86403,碧水源为APEC提供净水产品,2014-10-17 01:22:23,2014-10-17,276,1,positive
147411,国电电力发展股份有限公司2014年公司债券（第一期）上市公告书,2014-10-17 01:35:43,2014-10-17,276,0,neutral
104303,苏州中来光伏新材股份有限公司2014年第三季度报告披露提示性公告,2014-10-17 01:42:58,2014-10-17,276,0,neutral
60674,凯撒（中国）股份有限公司第五届董事会第六次会议决议公告,2014-10-17 01:45:25,2014-10-17,276,0,neutral
48991,上海莱士血液制品股份有限公司关于收到,2014-10-17 01:49:33,2014-10-17,276,0,neutral
146198,中电广通股份有限公司终止本次重大资产重组公告,2014-10-17 01:52:14,2014-10-17,276,0,neutral
41326,河南恒星科技股份有限公司关于配股申请获中国证券监督管理委员会核准的公告,2014-10-17 01:52:49,2014-10-17,276,0,neutral
64240,兴业全球基金管理有限公司关于旗下部分基金投资立讯精密（002475）非公开发行股票的公告,2014-10-17 01:55:33,2014-10-17,276,0,neutral
130770,中远航运三季报盈利1.92亿元,2014-10-17 01:55:49,2014-10-17,276,0,neutral
57705,大北农集团“3000创业者9800万股共同发展计划”隆重启动,2014-10-17 01:55:57,2014-10-17,276,0,neutral
55400,泰尔重工股份有限公司关于实施“泰尔转债”赎回事宜的第二次提示性公告,2014-10-17 01:56:04,2014-10-17,276,0,neutral
769,中国宝安1.65亿收购华博通讯,2014-10-17 01:56:44,2014-10-17,276,0,neutral
71315,史丹利推730万份股票激励,2014-10-17 01:57:13,2014-10-17,276,0,neutral
54535,厦门科华恒盛股份有限公司第六届董事会第十三次会议决议,2014-10-17 01:57:34,2014-10-17,276,0,neutral
19501,国海证券股份有限公司关于获准开通港股通业务交易权限的公告,2014-10-17 01:57:49,2014-10-17,276,0,neutral
9014,雏鹰农牧集团股份有限公司关于与山东新冷大食品集团有限公司签订收购意向书的公告,2014-10-17 01:58:36,2014-10-17,276,-1,negative
15922,东北证券股份有限公司关于召开2014年第四次临时股东大会的提示性公告,2014-10-17 01:58:54,2014-10-17,276,0,neutral
50703,友阿股份“特品汇”20日上线,2014-10-17 02:01:34,2014-10-17,276,0,neutral
61669,浙江闰土股份有限公司第四届董事会第六次会议决议公告,2014-10-17 02:03:44,2014-10-17,276,0,neutral
142591,甘肃刚泰控股（集团）股份有限公司2014年第六次临时股东大会决议公告,2014-10-17 02:03:59,2014-10-17,276,0,neutral
138081,上市公司名称：泰豪科技股份有限公司,2014-10-17 02:04:38,2014-10-17,276,0,neutral
16164,建新矿业股份有限责任公司2014年第三次临时股东大会决议公告,2014-10-17 02:11:48,2014-10-17,276,0,neutral
9933,吉林金浦钛业股份有限公司关于股东减持公司股份的公告,2014-10-17 02:14:39,2014-10-17,276,0,neutral
131993,湖南湘邮科技股份有限公司涉及诉讼进展公告,2014-10-17 02:16:03,2014-10-17,276,0,neutral
169175,浙江万盛股份有限公司股票交易异常波动公告,2014-10-17 02:21:44,2014-10-17,276,0,neutral
66513,苏州宝馨科技实业股份有限公司关于重大资产重组相关承诺事项的公告,2014-10-17 02:53:58,2014-10-17,276,0,neutral
61745,浙江闰土股份有限公司公告（系列）,2014-10-17 02:55:02,2014-10-17,276,0,neutral
37495,江苏大港股份有限公司2014年第六次临时股东大会决议公告,2014-10-17 02:58:00,2014-10-17,276,0,neutral
41513,牛散“闪电”举牌安纳达深交所：违规增持,2014-10-17 04:20:11,2014-10-17,276,0,neutral
159715,中国工商银行成功在韩国发行人民币债券,2014-10-17 05:21:48,2014-10-17,276,1,positive
107253,华夏银行欲发行MBS支持房贷新政,2014-10-17 05:22:25,2014-10-17,276,1,positive
107715,民生银行与特斯拉合建充电桩,2014-10-17 06:06:58,2014-10-17,276,0,neutral
108011,上港集团逾16亿参与上海银行定向增发,2014-10-17 06:49:39,2014-10-17,276,0,neutral
164676,中国石油：做一名“优秀企业公民”,2014-10-17 06:59:14,2014-10-17,276,1,positive
23531,金城股份跨界苗药市场 标的企业子公司多亏损,2014-10-17 07:02:06,2014-10-17,276,0,neutral
11037,泸州老窖1.5亿元存款失踪：银行与酒企结对子惹祸,2014-10-17 07:02:43,2014-10-17,276,-1,negative
146197,中电广通公告终止资产重组 让壳华大智宝告吹,2014-10-17 07:22:46,2014-10-17,276,0,neutral
45645,云投生态被诉讼索赔缠身 涉证券虚假陈述责任纠纷,2014-10-17 07:55:44,2014-10-17,276,0,neutral
18770,燕京啤酒旺季不旺 第三季度净利同比降7.28%,2014-10-17 08:11:03,2014-10-17,276,-1,negative
95023,银禧科技：高股权激励考核目标彰显发展信心,2014-10-17 08:30:08,2014-10-17,276,0,neutral
22597,首绿办召开北京森林文化建设座谈会,2014-10-17 09:06:45,2014-10-17,276,1,positive
128401,天科股份要约收购被指是一场早已设好的局,2014-10-17 09:21:16,2014-10-17,276,0,neutral
26127,中国泳军涌现冲击里约新希望 金牌难度大奖牌很有戏,2014-10-17 09:28:17,2014-10-17,276,1,positive
95629,永利控股斥3亿购内地义齿加工业,2014-10-17 09:28:31,2014-10-17,276,0,neutral
86678,[互动]华平股份:料在线钢琴年内可上线实测,2014-10-17 10:01:43,2014-10-17,276,0,neutral
136200,快讯：土地流转概念走强 九龙山等2股涨停,2014-10-17 10:08:39,2014-10-17,276,1,positive
30048,欣龙控股:公司暂未量产医用终端制品,2014-10-17 10:12:12,2014-10-17,276,0,neutral
27418,大摩：空气质量保障利钢价 鞍钢股份最受惠,2014-10-17 10:15:21,2014-10-17,276,0,neutral
86677,[互动]华平股份:公司产品已获云南公安应用,2014-10-17 10:15:30,2014-10-17,276,0,neutral
19500,国海证券总裁被刑拘背后：半年承销16债券项目,2014-10-17 10:16:34,2014-10-17,276,0,neutral
135260,第五届中国软件外包和信息技术服务产业年会即将召开,2014-10-17 10:30:34,2014-10-17,276,1,positive
86675,华平股份:预计在线钢琴年内可上线实测,2014-10-17 10:51:30,2014-10-17,276,0,neutral
3118,中兴通讯第2季FTTHCPE出货量排名全球第一,2014-10-17 11:02:45,2014-10-17,276,1,positive
37423,空气治理概念大跌 雪莱特跌近8%,2014-10-17 11:18:13,2014-10-17,276,-1,negative
166661,绽放在金融一线的铿锵玫瑰——记全国五一劳动奖章获得者建设银行员工黄亚红,2014-10-17 11:43:41,2014-10-17,276,1,positive
10523,神州信息再斩佳绩 获第三届中国计算机行业发展成就奖,2014-10-17 11:48:39,2014-10-17,276,1,positive
81855,乐普医疗停牌系筹划重大事项,2014-10-17 11:58:57,2014-10-17,276,0,neutral
82464,[公司]鼎汉技术股东为融资质押5493万股,2014-10-17 12:10:26,2014-10-17,276,0,neutral
64348,[公司]雏鹰农牧定增方案获中国证监会受理,2014-10-17 12:10:34,2014-10-17,276,0,neutral
81856,[公司]乐普医疗17日起停牌 拟筹划重大事项,2014-10-17 12:10:54,2014-10-17,276,0,neutral
4374,收购普什制药尚未收到批复 丰原药业股东大会延期,2014-10-17 12:11:09,2014-10-17,276,0,neutral
77140,[公司]奋达科技购欧朋达申请获证监会受理,2014-10-17 12:14:54,2014-10-17,276,0,neutral
88923,日本向日葵8号卫星成功入轨 有望监测火山灰散布,2014-10-17 12:19:59,2014-10-17,276,0,neutral
109381,中信证券发行30亿美元中期票据,2014-10-17 13:18:59,2014-10-17,276,0,neutral
169697,探索长白山十大神秘之美,2014-10-17 13:56:41,2014-10-17,276,0,neutral
20814,广发证券零售行业估值周报,2014-10-17 14:20:37,2014-10-17,276,1,positive
107714,民生银行乙未生肖贺岁纪念金全面上市,2014-10-17 14:20:40,2014-10-17,276,0,neutral
101230,[互动]金卡股份:正对星泽燃气进行清产核资,2014-10-17 15:05:08,2014-10-17,276,0,neutral
30341,[公司]中南建设:多种渠道研究建筑机器人,2014-10-17 15:14:58,2014-10-17,276,0,neutral
154895,太平洋投资管理公司(PIMCO)：预计欧元兑美元不会大幅跌破1.20；经常帐盈余将遏制欧元贬值,2014-10-17 15:25:33,2014-10-17,276,0,neutral
44689,[互动]全聚德:丰泽园电视剧未确定开播时间,2014-10-17 15:51:05,2014-10-17,276,0,neutral
43855,游族网络9800万收购晨麒投资9.5%份额,2014-10-17 16:00:59,2014-10-17,276,0,neutral
68554,金新农控股股东再减持500万股,2014-10-17 16:22:58,2014-10-17,276,0,neutral
16234,宝新能源前三季实现净利8亿 同比下滑一成,2014-10-17 16:23:29,2014-10-17,276,-1,negative
89965,[互动]新国都:将推出范特西NBA全新手游版,2014-10-17 16:25:12,2014-10-17,276,0,neutral
2225,[互动]深天马A:厦门LTPS产线的HD订单居多,2014-10-17 16:35:17,2014-10-17,276,0,neutral
50982,[季报]光迅科技1,2014-10-17 16:45:28,2014-10-17,276,1,positive
22225,[互动]中国武夷:北京武夷项目尚无大进展,2014-10-17 16:55:36,2014-10-17,276,0,neutral
78072,[公司]博腾股份实控人115万股股权办理质押,2014-10-17 17:20:09,2014-10-17,276,0,neutral
96938,仟源医药股东减持182万股,2014-10-17 17:39:54,2014-10-17,276,0,neutral
171101,明星电缆溃不成军:上半年利润大降180% 三董事仍失联,2014-10-17 17:50:10,2014-10-17,276,-1,negative
61930,巨星科技:公司投资业务发展,2014-10-17 18:01:56,2014-10-17,276,0,neutral
152274,招商证券获准开通A股单元的港股通业务交易权限,2014-10-17 18:04:29,2014-10-17,276,0,neutral
115049,西宁特钢4亿收购西钢置业 新增房地产业务,2014-10-17 18:06:47,2014-10-17,276,0,neutral
113050,哈高科子公司签327万元防水工程施工合同,2014-10-17 18:16:32,2014-10-17,276,0,neutral
143828,天津港与意大利邮轮企业合作 邮轮旅游季延至11月,2014-10-17 18:33:17,2014-10-17,276,1,positive
84081,金亚科技获发明专利证,2014-10-17 18:40:18,2014-10-17,276,1,positive
75988,中泰桥梁首次进入铁路钢结构桥梁市场 中标逾3亿项目,2014-10-17 18:42:45,2014-10-17,276,1,positive
91335,[互动]量子高科:尚未与怡宝搞食品饮料合作,2014-10-17 18:50:06,2014-10-17,276,0,neutral
33720,[互动]苏宁云商:将加快推进公司的互联网化,2014-10-17 18:50:16,2014-10-17,276,0,neutral
33719,[互动]苏宁云商:客户体验提升作为重点工作,2014-10-17 18:50:24,2014-10-17,276,1,positive
64994,金固股份全年业绩预增4至8成,2014-10-17 18:53:10,2014-10-17,276,1,positive
50142,下游客户生产不饱满 法因数控三季报净利下降22%,2014-10-17 18:53:17,2014-10-17,276,-1,negative
32703,天奇股份全年业绩预增140%至180%,2014-10-17 18:53:39,2014-10-17,276,1,positive
38434,[互动]中泰化学:开展石墨烯PVC中试等工作,2014-10-17 19:05:12,2014-10-17,276,0,neutral
96937,[公司]仟源医药股东抛182万股 套现5256万,2014-10-17 19:10:01,2014-10-17,276,0,neutral
54259,皖通科技签金额逾8500万合同,2014-10-17 19:14:54,2014-10-17,276,0,neutral
64993,[季报]金固股份1,2014-10-17 19:19:56,2014-10-17,276,1,positive
81274,中矿资源和金盾风机两家公司首发申请获通过,2014-10-17 19:39:35,2014-10-17,276,0,neutral
171516,维格娜丝和方盛制药两家公司首发申请22日上会,2014-10-17 19:39:42,2014-10-17,276,0,neutral
128609,金地集团拟债务融资不超95亿,2014-10-17 19:50:04,2014-10-17,276,0,neutral
22595,京网络文化博览会开幕 showgirl吸睛无数,2014-10-17 20:18:28,2014-10-17,276,0,neutral
34175,[公司]七匹狼参股设财务公司获银监会批复,2014-10-17 20:35:13,2014-10-17,276,0,neutral
161115,中国太保前9月实现保费收入1513亿,2014-10-17 20:39:01,2014-10-17,276,0,neutral
64857,嘉麟杰拟定增5.76亿补血 多家机构参与认购,2014-10-17 20:44:12,2014-10-17,276,0,neutral
89919,[互动]泰胜风能:向行业内风电场建设等拓展,2014-10-17 21:09:23,2014-10-17,276,0,neutral
11631,[公司]桐君阁独立董事杨明因工作变动辞职,2014-10-17 21:38:10,2014-10-17,276,0,neutral
72705,解读:以岭药业成立合资公司 打造肿瘤检测项目研发平台,2014-10-17 22:03:23,2014-10-17,276,0,neutral
