date,stock_value,market_value,stock_cum_return,market_cum_return
2023-01-04,1000000.0,1000000.0,0.0,0.0
2023-01-05,1061493.2126696832,1019427.566417088,0.06149321266968322,0.019427566417087982
2023-01-06,1061402.7149321265,1022589.8488181591,0.06140271493212657,0.022589848818159064
2023-01-09,1079004.5248868777,1030869.1277820145,0.07900452488687781,0.03086912778201456
2023-01-10,1081447.9638009048,1031987.5861676744,0.08144796380090491,0.03198758616767439
2023-01-11,1072398.190045249,1030075.7187156664,0.07239819004524883,0.03007571871566639
2023-01-12,1070859.7285067874,1032089.1801346317,0.07085972850678735,0.03208918013463169
2023-01-13,1105429.8642533938,1046604.6589837311,0.10542986425339373,0.04660465898373101
2023-01-16,1140271.4932126696,1062938.579935199,0.14027149321266963,0.06293857993519913
2023-01-17,1126742.0814479638,1062753.09067214,0.12674208144796384,0.06275309067214008
2023-01-18,1115384.6153846155,1060973.4880332453,0.11538461538461542,0.060973488033245316
2023-01-19,1119366.515837104,1067573.4739513712,0.119366515837104,0.06757347395137114
2023-01-20,1121266.9683257919,1074128.6609116273,0.12126696832579187,0.0741286609116274
2023-01-30,1127737.5565610859,1079219.4819365283,0.12773755656108587,0.07921948193652839
2023-01-31,1072398.190045249,1067791.8431835084,0.07239819004524883,0.06779184318350828
2023-02-01,1079095.0226244342,1077829.3271188822,0.07909502262443424,0.07782932711888213
2023-02-02,1081538.4615384615,1074031.7163777978,0.08153846153846156,0.07403171637779771
2023-02-03,1064705.8823529412,1063880.6937992,0.06470588235294117,0.06388069379920003
2023-02-06,1058959.2760180994,1049815.7732763786,0.05895927601809947,0.04981577327637865
2023-02-07,1053846.153846154,1051705.241249452,0.05384615384615388,0.05170524124945208
2023-02-08,1050542.9864253392,1047057.7603701175,0.050542986425339276,0.04705776037011744
2023-02-09,1093076.923076923,1061112.7655272635,0.09307692307692306,0.06111276552726341
2023-02-10,1117647.0588235294,1054807.3122071482,0.11764705882352944,0.054807312207148184
2023-02-13,1179185.520361991,1064379.5702675378,0.17918552036199098,0.06437957026753782
2023-02-14,1140407.2398190047,1064820.4187279476,0.1404072398190046,0.06482041872794753
2023-02-15,1133936.6515837105,1059271.6927586773,0.13393665158371038,0.059271692758677386
2023-02-16,1131221.7194570135,1051513.6383671425,0.13122171945701355,0.05151363836714262
2023-02-17,1137556.5610859727,1036363.0109903608,0.1375565610859728,0.03636301099036077
2023-02-20,1166244.3438914027,1061789.142453673,0.16624434389140275,0.061789142453673174
2023-02-21,1151266.9683257919,1064579.8298292065,0.1512669683257919,0.0645798298292064
2023-02-22,1141990.9502262445,1054971.943239823,0.14199095022624442,0.05497194323982302
2023-02-23,1137918.552036199,1054123.1519755584,0.13791855203619896,0.05412315197555828
2023-02-24,1124886.8778280544,1043180.1331417836,0.1248868778280543,0.043180133141783594
2023-02-27,1136651.5837104071,1038761.5533596816,0.1366515837104072,0.03876155335968168
2023-02-28,1131221.7194570135,1045341.2204844159,0.13122171945701355,0.04534122048441591
2023-03-01,1155113.1221719456,1060107.1008480282,0.15511312217194573,0.06010710084802828
2023-03-02,1153665.1583710406,1057742.876946433,0.15366515837104067,0.057742876946432986
2023-03-03,1151583.7104072396,1061034.367350992,0.15158371040723972,0.0610343673509921
2023-03-06,1141945.7013574662,1055501.0024922758,0.1419457013574661,0.05550100249227574
2023-03-07,1119457.0135746608,1040047.8537124967,0.11945701357466065,0.04004785371249664
2023-03-08,1103167.4208144797,1036260.4408993217,0.10316742081447972,0.03626044089932168
2023-03-09,1099457.0135746605,1032598.1260934997,0.09945701357466064,0.03259812609349977
2023-03-10,1076832.5791855203,1019056.8961406803,0.07683257918552022,0.01905689614068029
2023-03-13,1107375.5656108598,1029730.2478530601,0.1073755656108597,0.02973024785306011
2023-03-14,1088235.294117647,1023567.7196485327,0.08823529411764697,0.02356771964853266
2023-03-15,1071855.2036199095,1024134.4881155223,0.07185520361990938,0.024134488115522323
2023-03-16,1072307.6923076923,1011868.3330885745,0.07230769230769218,0.01186833308857449
2023-03-17,1066606.334841629,1016920.7770245668,0.06660633484162903,0.016920777024566735
2023-03-20,1045248.8687782806,1011849.4527938302,0.045248868778280604,0.011849452793830206
2023-03-21,1088461.5384615385,1022972.4380833578,0.08846153846153859,0.022972438083357805
2023-03-22,1094524.8868778278,1027355.877398507,0.0945248868778279,0.027355877398506978
2023-03-23,1104253.3936651584,1037540.139570845,0.1042533936651584,0.03754013957084501
2023-03-24,1111538.4615384615,1034446.3913553219,0.11153846153846159,0.034446391355321904
2023-03-27,1095882.3529411766,1030704.0857497263,0.09588235294117653,0.030704085749726273
2023-03-28,1125475.113122172,1027374.3723811137,0.12547511312217186,0.027374372381113732
2023-03-29,1147420.8144796381,1029077.2722171426,0.14742081447963806,0.029077272217142625
2023-03-30,1160814.479638009,1037395.3135820448,0.1608144796380091,0.03739531358204484
2023-03-31,1152895.9276018098,1040580.5605865191,0.1528959276018098,0.04058056058651904
2023-04-03,1150633.4841628957,1050763.5640725405,0.1506334841628958,0.05076356407254057
2023-04-04,1172986.4253393668,1053984.1570437741,0.1729864253393667,0.05398415704377424
2023-04-06,1131402.7149321267,1052323.4103556026,0.13140271493212663,0.05232341035560273
2023-04-07,1126696.8325791855,1059166.5282325782,0.12669683257918551,0.059166528232578175
2023-04-10,1119909.5022624435,1054422.539506503,0.11990950226244346,0.054422539506503
2023-04-11,1081402.7149321267,1053224.501320683,0.08140271493212681,0.053224501320682904
2023-04-12,1055158.371040724,1052489.7624491588,0.055158371040723964,0.05248976244915893
2023-04-13,1060180.9954751132,1045217.8949128959,0.06018099547511313,0.04521789491289585
2023-04-14,1038687.78280543,1051131.203226799,0.03868778280542995,0.05113120322679898
2023-04-17,1056199.0950226244,1065871.9098640857,0.056199095022624324,0.06587190986408564
2023-04-18,1059185.5203619911,1069120.964558553,0.059185520361991095,0.06912096455855288
2023-04-19,1050180.9954751132,1059495.0710486039,0.05018099547511312,0.059495071048603965
2023-04-20,1038461.5384615385,1056530.813398803,0.03846153846153855,0.05653081339880295
2023-04-21,1036742.0814479637,1035864.7253339672,0.03674208144796376,0.03586472533396723
2023-04-24,1003393.665158371,1023040.4328319129,0.0033936651583710287,0.023040432831912927
2023-04-25,1020452.4886877828,1017908.8200953741,0.02045248868778282,0.01790882009537409
2023-04-26,1020859.7285067873,1017026.8406123206,0.0208597285067873,0.017026840612320626
2023-04-27,1020542.9864253392,1024524.0386866743,0.02054298642533925,0.0245240386866743
2023-04-28,1023710.4072398191,1034970.4415499852,0.023710407239819098,0.03497044154998519
2023-05-04,1000814.4796380092,1035268.7502069446,0.0008144796380091801,0.03526875020694464
2023-05-05,1012624.4343891402,1031834.4117492253,0.012624434389140182,0.0318344117492253
2023-05-08,1005882.3529411765,1043595.4225637298,0.00588235294117645,0.043595422563729835
2023-05-09,1001131.221719457,1034659.5203423871,0.0011312217194570096,0.03465952034238717
2023-05-10,985339.3665158371,1026694.887270127,-0.01466063348416291,0.02669488727012692
2023-05-11,977330.3167420814,1025100.773894291,-0.022669683257918516,0.025100773894290995
2023-05-12,967511.3122171946,1011511.7138614526,-0.03248868778280545,0.011511713861452666
2023-05-15,976832.5791855203,1027213.1834702018,-0.023167420814479645,0.02721318347020185
2023-05-16,963800.9049773755,1021900.5510914003,-0.03619909502262442,0.021900551091400322
2023-05-17,950226.2443438914,1017266.4276995038,-0.04977375565610864,0.017266427699503817
2023-05-18,938325.7918552036,1016214.551251228,-0.061674208144796405,0.01621455125122795
2023-05-19,964479.6380090498,1013252.8366615354,-0.03552036199095021,0.013252836661535428
2023-05-22,1013574.6606334841,1019620.0940485277,0.013574660633484115,0.019620094048527603
2023-05-23,998642.5339366514,1005199.2735479081,-0.0013574660633485225,0.0051992735479080565
2023-05-24,985158.371040724,991303.7105533166,-0.014841628959275988,-0.008696289446683325
2023-05-25,980090.4977375565,989096.1545668852,-0.01990950226244348,-0.010903845433114845
2023-05-26,968914.0271493213,989212.1335203142,-0.03108597285067871,-0.01078786647968577
2023-05-29,968144.7963800905,984842.8223168782,-0.031855203619909456,-0.015157177683121748
2023-05-30,949140.2714932127,985821.9004586164,-0.05085972850678733,-0.014178099541383604
2023-05-31,923212.6696832579,975749.9182431862,-0.07678733031674212,-0.024250081756813757
2023-06-01,939049.7737556561,977888.2721696981,-0.060950226244343875,-0.022111727830301908
2023-06-02,960271.4932126697,992007.5987663538,-0.03972850678733031,-0.007992401233646196
2023-06-05,935565.6108597284,987490.5845768234,-0.06443438914027155,-0.012509415423176629
2023-06-06,945656.1085972851,978220.9249818587,-0.054343891402714894,-0.021779075018141247
2023-06-07,928868.778280543,973386.2594660596,-0.07113122171945696,-0.02661374053394039
2023-06-08,933484.1628959277,981309.5357022135,-0.06651583710407238,-0.018690464297786424
2023-06-09,931855.2036199095,985552.0535248906,-0.06814479638009052,-0.014447946475109386
2023-06-12,982805.4298642534,987537.6440325668,-0.017194570135746656,-0.01246235596743317
2023-06-13,999547.5113122172,992797.1547113258,-0.0004524886877828038,-0.007202845288674209
2023-06-14,1032579.1855203619,992570.4113620637,0.032579185520361875,-0.007429588637936302
2023-06-15,1042986.4253393665,1008361.7100738343,0.042986425339366585,0.008361710073834239
2023-06-16,1052488.6877828054,1018084.8049923712,0.052488687782805465,0.018084804992371195
2023-06-19,1022895.92760181,1009751.0172047777,0.022895927601809918,0.009751017204777668
2023-06-20,1001764.7058823529,1008037.6111911291,0.0017647058823528905,0.008037611191129113
2023-06-21,995022.6244343892,992572.3636102277,-0.004977375565610842,-0.007427636389772285
2023-06-26,961357.4660633485,978614.7910489524,-0.03864253393665151,-0.021385208951047674
2023-06-27,987420.814479638,987794.7756657506,-0.012579185520361968,-0.01220522433424942
2023-06-28,985791.85520362,986604.2125354009,-0.014208144796379996,-0.01339578746459913
2023-06-29,960497.7375565611,981735.1258019726,-0.03950226244343891,-0.01826487419802747
2023-06-30,948280.5429864252,987028.8265110779,-0.05171945701357472,-0.012971173488922072
2023-07-03,986425.3393665159,999983.1490158471,-0.013574660633484115,-1.6850984152827486e-05
2023-07-04,999321.2669683258,1001558.0995347047,-0.0006787330316742057,0.001558099534704649
2023-07-05,971583.7104072397,993798.4525196678,-0.028416289592760213,-0.006201547480332192
2023-07-06,962352.9411764706,987106.6852503566,-0.03764705882352937,-0.012893314749643392
2023-07-07,956334.8416289592,982725.4550581299,-0.04366515837104079,-0.017274544941870196
2023-07-10,963800.9049773755,987510.543745553,-0.03619909502262442,-0.012489456254446973
2023-07-11,961221.7194570136,993973.307167728,-0.038778280542986376,-0.006026692832272085
2023-07-12,967647.0588235294,987281.9252105545,-0.032352941176470584,-0.012718074789445533
2023-07-13,1028280.5429864252,1001406.4406773305,0.02828054298642524,0.0014064406773304228
2023-07-14,1036153.8461538462,1001581.0641381079,0.0361538461538462,0.0015810641381079904
2023-07-17,1009004.524886878,993379.6182260553,0.009004524886877974,-0.00662038177394475
2023-07-18,1005882.3529411765,990236.6014318661,0.00588235294117645,-0.009763398568133907
2023-07-19,1000678.7330316742,989190.3505407998,0.0006787330316742057,-0.010809649459200266
2023-07-20,1005610.8597285068,982210.6266672936,0.005610859728506723,-0.01778937333270636
2023-07-21,1026923.0769230769,981752.2079734078,0.026923076923076827,-0.018247792026592213
2023-07-24,1009366.5158371042,977465.2251300473,0.009366515837104128,-0.0225347748699527
2023-07-25,1080361.9909502263,1005694.2968948697,0.08036199095022623,0.005694296894869666
2023-07-26,1075565.6108597284,1003612.9691647282,0.07556561085972846,0.003612969164728197
2023-07-27,1084932.1266968325,1002414.1346671571,0.08493212669683259,0.0024141346671571196
2023-07-28,1108461.5384615385,1025633.5064557891,0.10846153846153839,0.0256335064557891
2023-07-31,1090995.4751131223,1031257.1371046159,0.09099547511312234,0.03125713710461597
2023-08-01,1075067.8733031673,1026985.5410592852,0.07506787330316733,0.02698554105928519
2023-08-02,1074298.6425339368,1019765.8190989825,0.0742986425339367,0.01976581909898245
2023-08-03,1076380.0904977378,1028779.2718098935,0.07638009049773764,0.028779271809893592
2023-08-04,1085520.36199095,1032785.3107299643,0.08552036199095014,0.03278531072996427
2023-08-07,1064298.6425339368,1024969.6136426389,0.06429864253393669,0.024969613642638944
2023-08-08,1067420.814479638,1022292.7474725642,0.06742081447963799,0.022292747472564267
2023-08-09,1073755.6561085973,1019167.352286803,0.07375565610859725,0.019167352286802997
2023-08-10,1072398.190045249,1021261.2411926314,0.07239819004524883,0.021261241192631397
2023-08-11,1052850.6787330317,997766.7565377258,0.05285067873303162,-0.0022332434622741593
2023-08-14,1040271.4932126697,990484.9479483118,0.04027149321266976,-0.009515052051688233
2023-08-15,1037692.3076923077,988077.9287119629,0.03769230769230769,-0.011922071288037128
2023-08-16,1039276.0180995475,980833.5724623272,0.039276018099547505,-0.019166427537672837
2023-08-17,1063665.1583710406,984113.0925031436,0.06366515837104059,-0.015886907496856395
2023-08-18,1039366.515837104,972015.0620055851,0.03936651583710393,-0.027984937994414927
2023-08-21,1035746.6063348417,958028.5396590352,0.035746606334841724,-0.04197146034096488
2023-08-22,1035429.8642533937,965393.6784200825,0.03542986425339367,-0.0346063215799175
2023-08-23,1015746.6063348415,949571.9400494386,0.015746606334841484,-0.05042805995056143
2023-08-24,1055656.108597285,956455.0019513491,0.05565610859728509,-0.043544998048650974
2023-08-25,1047963.8009049775,952787.4469004554,0.04796380090497743,-0.04721255309954464
2023-08-28,1032986.4253393665,963953.2018372607,0.032986425339366576,-0.03604679816273926
2023-08-29,1058144.7963800905,973582.742968779,0.05814479638009051,-0.026417257031220887
2023-08-30,1055475.113122172,973172.5139795739,0.055475113122172015,-0.026827486020426172
2023-08-31,1051131.221719457,967202.2565317278,0.051131221719457054,-0.032797743468272134
2023-09-01,1076018.0995475112,973938.386071819,0.07601809954751126,-0.02606161392818096
2023-09-04,1091312.2171945702,988698.5381283185,0.09131221719457017,-0.011301461871681462
2023-09-05,1077285.0678733033,981343.1092331397,0.07728506787330325,-0.01865689076686039
2023-09-06,1077330.3167420817,979213.8486730761,0.07733031674208157,-0.020786151326923852
2023-09-07,1056877.8280542984,965457.3062977445,0.05687782805429853,-0.03454269370225549
2023-09-08,1055656.108597285,960709.7213250514,0.05565610859728509,-0.03929027867494861
2023-09-11,1065113.1221719456,967785.1567335466,0.06511312217194565,-0.03221484326645341
2023-09-12,1054705.8823529412,966004.4495331905,0.05470588235294116,-0.033995550466809576
2023-09-13,1050814.479638009,959851.400007249,0.050814479638009,-0.040148599992751
2023-09-14,1050859.7285067872,959043.8885166631,0.05085972850678733,-0.04095611148333689
2023-09-15,1025339.366515837,952691.09317857,0.025339366515837014,-0.047308906821429964
2023-09-18,1028642.5339366517,957554.8626044989,0.028642533936651615,-0.042445137395501153
2023-09-19,1028914.0271493212,955703.0781584864,0.02891402714932112,-0.04429692184151357
2023-09-20,1027828.0542986427,951898.1721742627,0.027828054298642657,-0.04810182782573735
2023-09-21,998552.0361990951,943358.3708304121,-0.00144796380090495,-0.056641629169587815
2023-09-22,1027149.3212669683,960437.4340811205,0.02714932126696823,-0.03956256591887952
2023-09-25,1019457.0135746608,954187.9280833903,0.019457013574660786,-0.04581207191660963
2023-09-26,1006515.8371040723,948610.9458906935,0.006515837104072331,-0.0513890541093065
2023-09-27,1005022.6244343892,950563.7591791947,0.005022624434389167,-0.04943624082080533
2023-09-28,980316.7420814481,947743.8394561529,-0.019683257918551966,-0.052256160543847074
2023-10-09,972624.4343891402,946513.4093632955,-0.027375565610859742,-0.05348659063670447
2023-10-10,956063.3484162895,939423.3320935701,-0.04393665158371041,-0.060576667906429904
2023-10-11,950814.479638009,942100.5835757824,-0.049185520361990975,-0.05789941642421759
2023-10-12,950135.7466063348,951048.5845982467,-0.04986425339366518,-0.048951415401753295
2023-10-13,928280.5429864253,941037.6615128942,-0.07171945701357463,-0.05896233848710575
2023-10-16,920542.9864253394,931581.2796560304,-0.07945701357466062,-0.06841872034396967
2023-10-17,922352.9411764706,934870.4581877635,-0.0776470588235294,-0.06512954181223651
2023-10-18,924027.1493212669,927466.0175886771,-0.07597285067873305,-0.07253398241132292
2023-10-19,895067.8733031674,907678.3898227043,-0.1049321266968326,-0.09232161017729579
2023-10-20,891402.7149321267,901781.6756181954,-0.10859728506787325,-0.09821832438180456
2023-10-23,894072.3981900453,892445.5368357504,-0.10592760180995475,-0.10755446316424955
2023-10-24,899547.5113122172,895755.7277227228,-0.10045248868778278,-0.10424427227727717
2023-10-25,932352.9411764706,900206.6994118622,-0.0676470588235294,-0.09979330058813785
2023-10-26,932398.190045249,902695.0965716802,-0.06760180995475107,-0.09730490342831988
2023-10-27,945520.3619909502,915086.8119805462,-0.05447963800904976,-0.0849131880194538
2023-10-30,955475.113122172,920580.5153765614,-0.044524886877828074,-0.07941948462343851
2023-10-31,971085.9728506787,917686.5129731899,-0.02891402714932123,-0.08231348702681007
2023-11-01,1004208.1447963802,917306.6465804306,0.004208144796380209,-0.0826933534195694
2023-11-02,988416.2895927601,912981.4150855404,-0.011583710407239822,-0.08701858491445957
2023-11-03,1001266.9683257918,920674.1719134833,0.0012669683257917619,-0.07932582808651667
2023-11-06,998190.0452488688,933125.4052038768,-0.0018099547511312153,-0.06687459479612323
2023-11-07,994343.891402715,929824.7957453937,-0.005656108597285048,-0.07017520425460633
2023-11-08,981447.963800905,927593.3247189526,-0.018552036199094957,-0.07240667528104738
2023-11-09,976153.8461538461,928043.8830452308,-0.02384615384615385,-0.07195611695476922
2023-11-10,959592.7601809955,921278.5725325824,-0.040407239819004515,-0.0787214274674175
2023-11-13,946651.5837104073,919461.1322417714,-0.05334841628959275,-0.0805388677582286
2023-11-14,948325.7918552037,920140.3861654756,-0.051674208144796285,-0.07985961383452445
2023-11-15,958823.5294117647,926610.2907059346,-0.04117647058823526,-0.07338970929406541
2023-11-16,953122.1719457012,917650.1651948727,-0.04687782805429874,-0.08234983480512736
2023-11-17,942533.9366515838,916546.7339825808,-0.057466063348416196,-0.0834532660174192
2023-11-20,945113.1221719458,918667.1837384304,-0.05488687782805424,-0.08133281626156963
2023-11-21,964117.6470588235,919885.823279876,-0.035882352941176476,-0.080114176720124
2023-11-22,953619.9095022625,910471.0551338771,-0.0463800904977375,-0.08952894486612295
2023-11-23,948868.7782805429,914864.6923769357,-0.051131221719457054,-0.0851353076230642
2023-11-24,951855.2036199096,908825.1301192666,-0.04814479638009039,-0.09117486988073342
2023-11-27,934389.1402714932,902129.3556037241,-0.06561085972850678,-0.09787064439627591
2023-11-28,933484.1628959277,903819.7970139696,-0.06651583710407238,-0.09618020298603036
2023-11-29,929185.520361991,896058.0950008652,-0.07081447963800902,-0.1039419049991348
2023-11-30,938914.0271493213,898086.2496560126,-0.06108597285067874,-0.10191375034398742
2023-12-01,914027.1493212669,894664.2925616493,-0.08597285067873306,-0.10533570743835063
2023-12-04,897873.3031674209,888822.1128683542,-0.10212669683257913,-0.11117788713164578
2023-12-05,871538.4615384616,871898.97259601,-0.1284615384615384,-0.1281010274039901
2023-12-06,866380.0904977375,873270.9149932838,-0.13361990950226244,-0.1267290850067162
2023-12-07,855203.6199095022,871134.8215646462,-0.14479638009049778,-0.12886517843535383
2023-12-08,859728.5067873304,873235.9286511863,-0.14027149321266963,-0.12676407134881373
2023-12-11,821493.2126696834,878371.6256963841,-0.17850678733031666,-0.12162837430361584
2023-12-12,834660.633484163,880259.1927962453,-0.16533936651583703,-0.11974080720375468
2023-12-13,788687.78280543,865566.4703638325,-0.21131221719457005,-0.1344335296361675
2023-12-14,767058.8235294118,861034.9170629752,-0.2329411764705882,-0.1389650829370248
2023-12-15,778506.7873303167,858360.2857032988,-0.22149321266968325,-0.1416397142967012
2023-12-18,781719.4570135745,855230.0098971275,-0.2182805429864254,-0.1447699901028725
2023-12-19,778552.0361990951,856431.0278301452,-0.22144796380090492,-0.14356897216985476
2023-12-20,766153.8461538461,847045.0810320416,-0.23384615384615393,-0.15295491896795843
2023-12-21,772669.6832579186,855616.3752212751,-0.22733031674208148,-0.1443836247787249
2023-12-22,771402.7149321267,857249.6619977709,-0.22859728506787336,-0.14275033800222914
2023-12-25,783212.6696832579,859875.6155907258,-0.21678733031674202,-0.14012438440927422
2023-12-26,774389.1402714932,854054.6794399524,-0.2256108597285068,-0.1459453205600476
2023-12-27,770452.4886877828,857025.9497706583,-0.22954751131221718,-0.14297405022934173
2023-12-28,812171.9457013576,877109.2146961029,-0.18782805429864247,-0.12289078530389708
2023-12-29,811855.2036199095,881365.5266933074,-0.18814479638009052,-0.11863447330669252
2024-01-02,782217.1945701357,869868.4033181334,-0.21778280542986428,-0.13013159668186658
2024-01-03,771945.7013574659,867799.2514515413,-0.22805429864253401,-0.13220074854845865
2024-01-04,746606.334841629,859773.1482495898,-0.25339366515837103,-0.14022685175041016
2024-01-05,738009.0497737556,855164.68664606,-0.2619909502262444,-0.14483531335394007
2024-01-08,724705.8823529412,844104.9439220567,-0.2752941176470588,-0.1558950560779433
2024-01-09,723076.9230769231,845759.9879905912,-0.2769230769230768,-0.15424001200940873
2024-01-10,726289.5927601809,841811.7202036903,-0.2737104072398191,-0.15818827979630967
2024-01-11,731945.701357466,846574.871786744,-0.26805429864253394,-0.15342512821325605
2024-01-12,721628.959276018,843619.5276910604,-0.278371040723982,-0.1563804723089396
2024-01-15,716063.3484162895,842785.4039755017,-0.2839366515837104,-0.1572145960244984
2024-01-16,718099.5475113122,847911.7764669687,-0.2819004524886878,-0.1520882235330313
2024-01-17,695927.6018099549,829469.6586856279,-0.30407239819004517,-0.17053034131437217
2024-01-18,708733.0316742081,841195.1180335662,-0.2912669683257919,-0.15880488196643383
2024-01-19,714027.149321267,839922.9971674164,-0.285972850678733,-0.16007700283258364
2024-01-22,697782.8054298642,826854.5708949545,-0.30221719457013574,-0.1731454291050455
2024-01-23,694932.1266968327,830201.9829344226,-0.3050678733031673,-0.1697980170655774
2024-01-24,686606.334841629,841806.557021046,-0.31339366515837097,-0.158193442978954
2024-01-25,704977.375565611,858711.484873018,-0.2950226244343891,-0.14128851512698204
2024-01-26,702171.9457013576,856374.5410707674,-0.29782805429864245,-0.1436254589292325
2024-01-29,709728.5067873303,848704.0295969042,-0.29027149321266976,-0.15129597040309584
2024-01-30,678733.0316742081,833568.5321433935,-0.3212669683257918,-0.16643146785660645
2024-01-31,664253.3936651584,825942.7168774961,-0.33574660633484155,-0.1740572831225039
2024-02-01,664841.628959276,826548.7101200975,-0.335158371040724,-0.17345128987990255
2024-02-02,652533.9366515838,816766.0716325574,-0.34746606334841623,-0.18323392836744257
2024-02-05,654886.8778280542,822107.5767342057,-0.3451131221719458,-0.17789242326579424
2024-02-06,694343.8914027149,850690.1338540972,-0.3056561085972851,-0.1493098661459028
2024-02-07,704977.375565611,858894.2255761616,-0.2950226244343891,-0.14110577442383831
2024-02-08,695294.1176470588,864365.5038057665,-0.30470588235294116,-0.1356344961942335
2024-02-19,702036.1990950226,874352.3063513029,-0.2979638009049773,-0.1256476936486971
2024-02-20,693981.9004524888,876162.3486490713,-0.30601809954751125,-0.12383765135092872
2024-02-21,737828.0542986426,887982.9800950061,-0.2621719457013575,-0.11201701990499391
2024-02-22,748416.2895927601,895638.72127026,-0.2515837104072398,-0.10436127872973999
2024-02-23,764705.8823529411,896426.5304668747,-0.23529411764705888,-0.1035734695331253
2024-02-26,766244.3438914027,887080.6304436096,-0.23375565610859728,-0.11291936955639048
2024-02-27,768868.7782805429,897722.6691229374,-0.2311312217194571,-0.10227733087706259
2024-02-28,766063.3484162897,886284.652629677,-0.23393665158371035,-0.11371534737032307
2024-02-29,795248.8687782804,903192.8684785567,-0.2047511312217195,-0.09680713152144327
2024-03-01,795565.6108597284,908772.4964812653,-0.20443438914027157,-0.09122750351873465
2024-03-04,771945.7013574659,909559.7662408872,-0.22805429864253401,-0.09044023375911281
2024-03-05,780542.9864253394,915890.6244746108,-0.21945701357466063,-0.08410937552538922
2024-03-06,763484.1628959276,912174.6228442781,-0.23651583710407242,-0.08782537715572192
2024-03-07,756832.5791855203,906695.8438717274,-0.24316742081447973,-0.0933041561282727
2024-03-08,750361.9909502263,910597.8742021117,-0.24963800904977373,-0.08940212579788831
2024-03-11,782352.9411764706,921991.1944874059,-0.21764705882352942,-0.07800880551259404
2024-03-12,841493.2126696833,924105.37649915,-0.15850678733031676,-0.07589462350085008
2024-03-13,839638.0090497738,917649.3688831215,-0.16036199095022619,-0.08235063111687846
2024-03-14,846244.3438914028,915045.1468947297,-0.1537556561085972,-0.08495485310527029
2024-03-15,848868.7782805429,917041.0894551703,-0.15113122171945703,-0.08295891054482962
2024-03-18,842533.9366515836,925655.3844789643,-0.1574660633484164,-0.07434461552103577
2024-03-19,863076.9230769231,919002.9190476923,-0.13692307692307693,-0.08099708095230773
2024-03-20,856108.5972850678,920994.5974871432,-0.14389140271493217,-0.07900540251285681
2024-03-21,861085.9728506788,919891.6800243681,-0.13891402714932122,-0.08010831997563184
2024-03-22,828687.7828054298,910621.6094297902,-0.17131221719457024,-0.0893783905702098
2024-03-25,828959.2760180995,905679.6216399207,-0.1710407239819005,-0.09432037836007923
2024-03-26,847556.5610859729,910299.0774831113,-0.15244343891402712,-0.08970092251688866
2024-03-27,834615.3846153845,899777.4616905333,-0.16538461538461546,-0.1002225383094667
2024-03-28,837375.5656108597,904446.982424141,-0.16262443438914032,-0.09555301757585899
2024-03-29,835248.8687782806,908690.4249959484,-0.16475113122171947,-0.09130957500405157
2024-04-01,865837.1040723982,923630.8517579108,-0.1341628959276019,-0.07636914824208918
2024-04-02,864117.6470588235,919785.2568119526,-0.13588235294117645,-0.08021474318804744
2024-04-03,871357.4660633485,916478.5594216947,-0.1286425339366516,-0.08352144057830524
2024-04-08,815837.1040723983,908413.8736310278,-0.1841628959276017,-0.09158612636897223
2024-04-09,806289.5927601809,907663.6452115707,-0.19371040723981903,-0.09233635478842939
2024-04-10,795022.624434389,900271.1749762268,-0.2049773755656109,-0.09972882502377323
2024-04-11,806515.8371040724,900152.0107757935,-0.19348416289592751,-0.09984798922420657
2024-04-12,773122.1719457015,892855.2777629148,-0.22687782805429857,-0.10714472223708527
2024-04-15,818733.0316742082,911668.0144457115,-0.1812669683257918,-0.08833198555428845
2024-04-16,797737.556561086,901916.7146786996,-0.20226244343891397,-0.0980832853213004
2024-04-17,800452.4886877829,915862.0343139981,-0.19954751131221715,-0.08413796568600196
2024-04-18,806289.5927601809,916991.9750013596,-0.19371040723981903,-0.08300802499864046
2024-04-19,794932.1266968327,909763.5449867462,-0.20506787330316734,-0.09023645501325384
2024-04-22,806380.0904977376,907000.2404604614,-0.19361990950226238,-0.09299975953953865
2024-04-23,819004.5248868779,900660.6741724273,-0.1809954751131222,-0.09933932582757277
2024-04-24,823936.6515837105,904615.7748279022,-0.17606334841628957,-0.09538422517209777
2024-04-25,814343.8914027149,906840.1561110107,-0.1856561085972851,-0.09315984388898935
2024-04-26,843529.4117647059,920708.1307565472,-0.15647058823529414,-0.07929186924345277
2024-04-29,855203.6199095022,930891.62230461,-0.14479638009049778,-0.06910837769539002
2024-04-30,842081.4479638009,925877.9150821882,-0.1579185520361991,-0.0741220849178118
2024-05-06,875791.8552036199,939616.1936621957,-0.1242081447963801,-0.06038380633780427
2024-05-07,876108.5972850679,939906.693326499,-0.12389140271493215,-0.06009330667350099
2024-05-08,864117.6470588235,932512.7332175565,-0.13588235294117645,-0.06748726678244354
2024-05-09,862262.443438914,941333.2216099384,-0.137737556561086,-0.058666778390061625
2024-05-10,845882.3529411764,941774.0443828721,-0.15411764705882358,-0.058225955617127956
2024-05-13,818009.0497737557,941366.5382661062,-0.18199095022624434,-0.05863346173389383
2024-05-14,823212.6696832579,939402.6536755168,-0.1767873303167421,-0.060597346324483214
2024-05-15,818190.0452488688,931442.2333492945,-0.18180995475113126,-0.06855776665070545
2024-05-16,838823.5294117646,935116.3900814798,-0.16117647058823537,-0.06488360991852016
2024-05-17,859049.7737556561,944777.5524957605,-0.14095022624434395,-0.05522244750423955
2024-05-20,872126.6968325792,948115.0491695534,-0.12787330316742074,-0.05188495083044653
2024-05-21,867285.0678733031,944312.9944951482,-0.13271493212669694,-0.05568700550485184
2024-05-22,846199.0950226244,946442.4605550185,-0.15380090497737564,-0.05355753944498154
2024-05-23,830995.4751131223,935484.3631729243,-0.16900452488687778,-0.06451563682707573
2024-05-24,820361.9909502263,925128.1233498204,-0.17963800904977367,-0.07487187665017958
2024-05-27,817737.556561086,933921.5885176159,-0.18226244343891407,-0.06607841148238403
2024-05-28,816063.3484162895,927105.2883654203,-0.18393665158371042,-0.07289471163457972
2024-05-29,810000.0,928222.6678770947,-0.19000000000000006,-0.07177733212290527
2024-05-30,787782.8054298642,923288.0523927922,-0.21221719457013577,-0.07671194760720779
2024-05-31,791176.4705882353,919592.2924934234,-0.20882352941176474,-0.08040770750657655
2024-06-03,788371.0407239819,921858.8526118653,-0.2116289592760181,-0.07814114738813471
2024-06-04,794208.1447963802,928774.7174204267,-0.20579185520361987,-0.07122528257957328
2024-06-05,778190.0452488686,923411.737588974,-0.2218099547511313,-0.07658826241102601
2024-06-06,764615.3846153846,922757.1693295544,-0.23538461538461541,-0.07724283067044557
2024-06-07,751945.701357466,918099.7473970688,-0.24805429864253392,-0.08190025260293121
2024-06-11,721312.2171945702,910075.6991931846,-0.27868778280542983,-0.08992430080681535
2024-06-12,716289.592760181,910395.6110173275,-0.283710407239819,-0.08960438898267253
2024-06-13,705384.6153846153,905773.9460512145,-0.2946153846153847,-0.09422605394878547
2024-06-14,705882.3529411765,909730.4595178609,-0.2941176470588235,-0.09026954048213909
2024-06-17,711493.2126696834,908360.1611190409,-0.28850678733031665,-0.09163983888095906
2024-06-18,697647.0588235294,910772.6261002684,-0.3023529411764706,-0.08922737389973157
2024-06-19,693800.9049773756,906446.5469186754,-0.3061990950226243,-0.09355345308132457
2024-06-20,685791.8552036199,899904.6403834297,-0.31420814479638004,-0.10009535961657023
2024-06-21,679140.2714932127,897936.4916718506,-0.32085972850678735,-0.10206350832814948
2024-06-24,676470.5882352942,893104.7802157733,-0.32352941176470584,-0.10689521978422678
2024-06-25,680497.737556561,888247.8179709427,-0.31950226244343893,-0.11175218202905735
2024-06-26,675656.1085972851,893992.1797562294,-0.3243438914027149,-0.10600782024377065
2024-06-27,670497.7375565611,887275.5983852544,-0.32950226244343883,-0.11272440161474562
2024-06-28,649276.0180995476,889212.3056264023,-0.3507239819004524,-0.1107876943735977
2024-07-01,647058.8235294118,893457.3408217119,-0.3529411764705882,-0.10654265917828809
2024-07-02,651538.4615384616,891814.112992065,-0.3484615384615384,-0.10818588700793497
2024-07-03,645294.1176470589,889663.6602644315,-0.3547058823529411,-0.11033633973556856
2024-07-04,631266.9683257918,885142.3305789595,-0.36873303167420823,-0.11485766942104048
2024-07-05,621583.7104072399,881352.8370802413,-0.3784162895927602,-0.11864716291975874
2024-07-08,607737.556561086,873826.3809709029,-0.39226244343891403,-0.12617361902909718
2024-07-09,615158.3710407239,883600.645341318,-0.3848416289592761,-0.11639935465868201
2024-07-10,604072.3981900453,880814.7358362919,-0.3959276018099548,-0.11918526416370812
2024-07-11,619230.7692307692,890885.0740532681,-0.38076923076923075,-0.10911492594673189
2024-07-12,619366.5158371041,891972.2707808276,-0.380633484162896,-0.10802772921917236
2024-07-15,625791.8552036199,892960.0312894006,-0.3742081447963801,-0.1070399687105994
2024-07-16,622488.6877828054,898620.5234660615,-0.3775113122171946,-0.10137947653393853
2024-07-17,640361.9909502263,899468.4413561476,-0.3596380090497737,-0.10053155864385233
2024-07-18,646606.334841629,904438.3000573062,-0.353393665158371,-0.09556169994269381
2024-07-19,665067.8733031674,909083.7773135252,-0.3349321266968326,-0.09091622268647481
2024-07-22,643891.4027149322,902895.4845707277,-0.35610859728506783,-0.09710451542927234
2024-07-23,612850.6787330317,883617.8045751809,-0.3871493212669683,-0.11638219542481909
2024-07-24,606244.3438914027,878040.6425701531,-0.3937556561085973,-0.12195935742984687
2024-07-25,595294.1176470589,873187.0710721337,-0.40470588235294114,-0.12681292892786622
2024-07-26,587466.0633484164,875761.3414636933,-0.41253393665158367,-0.12423865853630667
2024-07-29,571176.4705882353,870996.0321326691,-0.4288235294117647,-0.12900396786733093
2024-07-30,567104.07239819,865509.2129801795,-0.43289592760180995,-0.13449078701982053
2024-07-31,591221.7194570135,884184.5987296464,-0.4087782805429865,-0.11581540127035361
2024-08-01,564660.633484163,878323.2818668486,-0.43533936651583705,-0.1216767181331514
2024-08-02,558144.7963800905,869364.8517291922,-0.4418552036199095,-0.1306351482708078
2024-08-05,573755.6561085973,858814.6457760015,-0.42624434389140275,-0.14118535422399847
2024-08-06,574162.8959276018,858726.8973585234,-0.42583710407239816,-0.14127310264147652
2024-08-07,575837.1040723982,858344.1796559455,-0.4241628959276018,-0.14165582034405444
2024-08-08,586289.592760181,858716.1086186697,-0.413710407239819,-0.14128389138133035
2024-08-09,584389.1402714932,855810.9835382581,-0.41561085972850675,-0.14418901646174187
2024-08-12,583981.9004524887,854330.6399929288,-0.41601809954751134,-0.1456693600070712
2024-08-13,575113.1221719456,856520.7028083114,-0.42488687782805434,-0.1434792971916885
2024-08-14,566515.8371040723,850059.9430092522,-0.4334841628959276,-0.14994005699074775
2024-08-15,572579.185520362,858463.3695438548,-0.427420814479638,-0.14153663045614517
2024-08-16,566742.0814479638,859408.9255296185,-0.4332579185520362,-0.14059107447038144
2024-08-19,564615.3846153846,862320.266979184,-0.43538461538461537,-0.13767973302081604
2024-08-20,560407.2398190045,856087.3807783239,-0.43959276018099547,-0.1439126192216762
2024-08-21,557194.5701357466,853244.1882021688,-0.4428054298642534,-0.14675581179783126
2024-08-22,554298.6425339367,851060.9325678842,-0.4457013574660633,-0.14893906743211582
2024-08-23,534886.8778280542,854671.2559226007,-0.4651131221719458,-0.14532874407739926
2024-08-26,536334.8416289593,853909.0057644494,-0.4636651583710407,-0.1460909942355506
2024-08-27,537330.3167420814,849056.8213901256,-0.4626696832579186,-0.1509431786098745
2024-08-28,511040.7239819005,844217.7633159573,-0.4889592760180995,-0.15578223668404279
2024-08-29,521628.95927601814,841953.5664452928,-0.47837104072398184,-0.15804643355470716
2024-08-30,539728.5067873303,853192.1196886358,-0.4602714932126697,-0.14680788031136416
2024-09-02,509049.7737556561,838698.911881092,-0.4909502262443439,-0.16130108811890798
2024-09-03,516877.8280542987,840861.0780977098,-0.4831221719457013,-0.15913892190229018
2024-09-04,509909.5022624435,835399.0730468843,-0.49009049773755653,-0.1646009269531158
2024-09-05,513122.1719457014,836835.7478832813,-0.4868778280542986,-0.1631642521167187
2024-09-06,500452.4886877828,830051.1460762753,-0.4995475113122172,-0.16994885392372472
2024-09-09,488235.2941176471,820188.6709138168,-0.5117647058823529,-0.17981132908618325
2024-09-10,485022.6244343892,820908.844986538,-0.5149773755656109,-0.17909115501346196
2024-09-11,479321.2669683258,818436.3483742666,-0.5206787330316742,-0.1815636516257334
2024-09-12,464253.3936651583,814928.6721730169,-0.5357466063348417,-0.1850713278269831
2024-09-13,456199.0950226244,811530.809930994,-0.5438009049773755,-0.1884691900690061
2024-09-18,452579.185520362,814552.479089303,-0.547420814479638,-0.18544752091069705
2024-09-19,459276.0180995475,820980.8983562763,-0.5407239819004526,-0.1790191016437237
2024-09-20,458687.7828054299,822268.868395021,-0.5413122171945701,-0.177731131604979
2024-09-23,463122.1719457013,825277.9506901671,-0.5368778280542987,-0.17472204930983282
2024-09-24,500542.98642533936,861020.8146387376,-0.49945701357466066,-0.13897918536126241
2024-09-25,508914.0271493212,873767.9676508369,-0.4910859728506788,-0.12623203234916314
2024-09-26,559819.0045248868,910703.3212904453,-0.44018099547511313,-0.08929667870955471
2024-09-27,615791.8552036199,951383.1639710958,-0.3842081447963801,-0.04861683602890421
2024-09-30,677375.5656108597,1032085.4040756829,-0.32262443438914035,0.03208540407568283
2024-10-08,719457.0135746606,1093283.683210026,-0.28054298642533937,0.09328368321002611
2024-10-09,647511.3122171945,1016192.4086470518,-0.3524886877828055,0.016192408647051737
2024-10-10,666470.588235294,1026930.8010482647,-0.33352941176470596,0.02693080104826473
2024-10-11,639728.5067873303,998515.0840839705,-0.3602714932126697,-0.0014849159160295056
2024-10-14,638914.0271493212,1017568.872040074,-0.3610859728506788,0.017568872040073957
2024-10-15,608099.5475113122,990507.7584268599,-0.3919004524886879,-0.009492241573140103
2024-10-16,610814.4796380091,984238.4987602067,-0.38918552036199094,-0.015761501239793252
2024-10-17,593619.9095022624,973098.5340491474,-0.4063800904977376,-0.026901465950852632
2024-10-18,611945.701357466,1008293.5355129481,-0.38805429864253393,0.008293535512948091
2024-10-21,607285.0678733032,1010852.8814810432,-0.39271493212669684,0.01085288148104313
2024-10-22,620950.2262443438,1016652.6254642465,-0.3790497737556562,0.016652625464246507
2024-10-23,634027.149321267,1020617.0763609281,-0.365972850678733,0.020617076360928133
2024-10-24,613755.6561085972,1009218.1305184242,-0.38624434389140283,0.009218130518424239
2024-10-25,618190.0452488688,1016304.6886039593,-0.3818099547511312,0.016304688603959283
2024-10-28,645429.8642533935,1018291.846047662,-0.35457013574660645,0.018291846047661986
2024-10-29,633484.1628959276,1008143.2637792693,-0.36651583710407243,0.008143263779269327
2024-10-30,619049.7737556562,999101.1952202696,-0.3809502262443438,-0.0008988047797303667
2024-10-31,613167.4208144796,999509.8572734485,-0.3868325791855204,-0.0004901427265514569
2024-11-01,617782.8054298643,999248.0248321857,-0.3822171945701357,-0.0007519751678143338
2024-11-04,621266.9683257919,1013309.7601080023,-0.37873303167420813,0.013309760108002333
2024-11-05,638552.0361990951,1038948.583871291,-0.36144796380090494,0.038948583871291076
2024-11-06,633031.6742081448,1033736.7491476958,-0.36696832579185523,0.033736749147695866
2024-11-07,696334.8416289592,1064924.4530051097,-0.3036651583710408,0.06492445300510963
2024-11-08,683257.9185520362,1054226.0816912593,-0.3167420814479638,0.0542260816912592
2024-11-11,670135.7466063348,1061183.3290234029,-0.3298642533936652,0.061183329023402955
2024-11-12,663800.9049773755,1049524.2461130416,-0.33619909502262446,0.049524246113041626
2024-11-13,660135.7466063348,1055983.9013506395,-0.3398642533936652,0.055983901350639576
2024-11-14,654343.891402715,1037676.1804429069,-0.345656108597285,0.03767618044290688
2024-11-15,652036.1990950226,1019492.4529810663,-0.34796380090497736,0.019492452981066277
2024-11-18,645565.6108597284,1014753.0623131669,-0.3544343891402716,0.014753062313166865
2024-11-19,641085.9728506788,1021562.9662838778,-0.3589140271493212,0.021562966283877882
2024-11-20,644660.633484163,1023844.3994508326,-0.3553393665158371,0.02384439945083261
2024-11-21,641085.9728506788,1024749.9343492336,-0.3589140271493212,0.02474993434923367
2024-11-22,616696.8325791855,993000.4710826194,-0.3833031674208145,-0.0069995289173806485
2024-11-25,619366.5158371041,988477.4203362659,-0.380633484162896,-0.011522579663734045
2024-11-26,619321.2669683258,986446.5171212035,-0.3806787330316742,-0.013553482878796541
2024-11-27,628371.0407239819,1003621.163469522,-0.37162895927601813,0.003621163469522015
2024-11-28,616018.0995475113,994760.4741774466,-0.3839819004524887,-0.005239525822553492
2024-11-29,627737.5565610859,1006071.3633527623,-0.3722624434389141,0.00607136335276226
2024-12-02,629049.7737556562,1014047.0163521591,-0.3709502262443438,0.014047016352159103
2024-12-03,625248.8687782806,1015141.0973232442,-0.37475113122171944,0.015141097323244201
2024-12-04,620361.9909502263,1009660.8284770945,-0.37963800904977374,0.009660828477094485
2024-12-05,616742.0814479638,1007356.9958312052,-0.38325791855203617,0.007356995831205193
2024-12-06,625384.6153846154,1020599.506127452,-0.3746153846153846,0.020599506127451983
2024-12-09,623891.4027149321,1018911.916027025,-0.37610859728506785,0.018911916027025022
2024-12-10,641131.2217194571,1026378.2634428918,-0.358868778280543,0.026378263442891736
2024-12-11,639366.5158371042,1024629.948149573,-0.36063348416289587,0.02462994814957309
2024-12-12,655701.3574660632,1034821.1973153403,-0.3442986425339367,0.03482119731534028
2024-12-13,623484.1628959276,1010334.8678432027,-0.37651583710407244,0.0103348678432027
2024-12-16,600000.0,1004853.3659982126,-0.4,0.004853365998212622
2024-12-17,597285.0678733032,1007471.3821611318,-0.40271493212669685,0.0074713821611318565
2024-12-18,595022.6244343892,1012572.0414892808,-0.40497737556561086,0.012572041489280705
2024-12-19,588099.5475113122,1013489.9834385136,-0.4119004524886878,0.013489983438513597
2024-12-20,589683.257918552,1008938.3168440715,-0.41031674208144797,0.008938316844071537
2024-12-23,587149.3212669683,1010435.305873747,-0.4128506787330317,0.01043530587374697
2024-12-24,588778.2805429865,1023308.944016895,-0.4112217194570136,0.023308944016894984
2024-12-25,586199.0950226245,1023807.5122355229,-0.41380090497737554,0.0238075122355228
2024-12-26,585022.6244343892,1024282.9874133681,-0.4149773755656109,0.024282987413368096
2024-12-27,586199.0950226245,1022626.2993463795,-0.41380090497737554,0.022626299346379497
2024-12-30,574027.1493212669,1027256.2613671896,-0.42597285067873303,0.027256261367189616
2024-12-31,566515.8371040723,1010779.2868627543,-0.4334841628959276,0.010779286862754311
2025-01-02,547737.5565610859,981363.0940893452,-0.4522624434389141,-0.01863690591065481
2025-01-03,541809.9547511312,969744.5460158634,-0.45819004524886875,-0.030255453984136538
2025-01-06,521719.4570135747,968153.1811999426,-0.4782805429864253,-0.03184681880005735
2025-01-07,525113.1221719458,975123.6832696211,-0.4748868778280543,-0.024876316730378933
2025-01-08,523122.1719457013,973353.7648091187,-0.4768778280542987,-0.026646235190881273
2025-01-09,524570.1357466064,970955.0683149429,-0.4754298642533936,-0.029044931685057063
2025-01-10,512850.6787330317,958780.0524522844,-0.4871493212669683,-0.04121994754771563
2025-01-13,526199.0950226244,956219.6276102038,-0.4738009049773756,-0.04378037238979615
2025-01-14,545158.371040724,981400.161116986,-0.45484162895927605,-0.018599838883014086
2025-01-15,539411.7647058824,975103.2617263262,-0.46058823529411763,-0.02489673827367378
2025-01-16,533891.4027149321,976222.6191736406,-0.4661085972850679,-0.023777380826359384
2025-01-17,537104.07239819,979294.6614720768,-0.46289592760181,-0.020705338527923223
2025-01-20,539276.0180995475,983747.2000972424,-0.4607239819004525,-0.01625279990275763
2025-01-21,535294.1176470588,984501.923824972,-0.4647058823529412,-0.015498076175027964
2025-01-22,527104.07239819,975357.7218620224,-0.47289592760181,-0.02464227813797759
2025-01-23,527330.3167420815,977085.7954243772,-0.47266968325791847,-0.022914204575622765
2025-01-24,519773.7556561086,984565.9370147716,-0.4802262443438914,-0.015434062985228425
2025-01-27,522850.67873303173,980511.5542651651,-0.4771493212669683,-0.01948844573483488
2025-02-05,514977.3755656108,974861.4912036964,-0.48502262443438915,-0.025138508796303638
2025-02-06,516968.3257918552,987126.3875443279,-0.48303167420814475,-0.01287361245567209
2025-02-07,522624.4343891403,999937.0913716616,-0.4773755656108597,-6.290862833835398e-05
2025-02-10,523574.66063348413,1002084.3074773392,-0.4764253393665159,0.00208430747733912
2025-02-11,517104.07239819,997479.4164329513,-0.48289592760181,-0.002520583567048651
2025-02-12,524796.3800904978,1006913.5272482596,-0.4752036199095022,0.0069135272482596655
2025-02-13,545022.6244343892,1003131.8427421976,-0.4549773755656108,0.003131842742197577
2025-02-14,542352.9411764706,1011831.8568728782,-0.4576470588235294,0.011831856872878133
2025-02-17,545203.6199095023,1013986.984721115,-0.4547963800904977,0.013986984721114926
2025-02-18,537466.0633484162,1005095.1622083184,-0.4625339366515837,0.0050951622083184045
2025-02-19,538461.5384615384,1012127.6995321565,-0.46153846153846156,0.012127699532156422
2025-02-20,533936.6515837105,1009234.185190826,-0.4660633484162896,0.009234185190825972
2025-02-21,538823.5294117647,1021961.8414087608,-0.4611764705882353,0.021961841408760785
2025-02-24,551357.4660633483,1019720.0697045068,-0.44864253393665166,0.019720069704506793
2025-02-25,542533.9366515838,1008400.5238498324,-0.4574660633484162,0.008400523849832364
2025-02-26,550135.7466063348,1017208.9648160441,-0.4498642533936652,0.01720896481604406
2025-02-27,578190.0452488688,1019308.8132162677,-0.42180995475113126,0.01930881321626776
2025-02-28,572217.1945701358,999255.3200753249,-0.42778280542986424,-0.0007446799246751956
2025-03-03,565610.8597285068,998850.7680182809,-0.4343891402714932,-0.0011492319817191232
2025-03-04,558733.0316742082,998015.1544291232,-0.4412669683257918,-0.0019848455708768586
2025-03-05,559864.2533936652,1002471.8801128512,-0.4401357466063348,0.0024718801128511547
2025-03-06,570950.2262443439,1016257.3979609333,-0.4290497737556561,0.016257397960933284
2025-03-07,594615.3846153845,1013117.7205386035,-0.40538461538461545,0.013117720538603495
2025-03-10,597828.0542986426,1009210.0132760582,-0.4021719457013574,0.009210013276058193
2025-03-11,619140.2714932127,1012450.2057913595,-0.3808597285067873,0.012450205791359581
2025-03-12,614389.1402714932,1008806.6428429028,-0.3856108597285067,0.008806642842902779
2025-03-13,612036.1990950226,1004785.9877490777,-0.3879638009049774,0.00478598774907768
2025-03-14,649819.004524887,1029183.2844299449,-0.35018099547511305,0.02918328442994489
2025-03-17,646787.3303167421,1026673.8492274119,-0.35321266968325793,0.026673849227411894
2025-03-18,648733.0316742081,1029482.8517732206,-0.35126696832579185,0.02948285177322063
2025-03-19,629049.7737556562,1030110.9362450464,-0.3709502262443438,0.03011093624504646
2025-03-20,611583.7104072399,1021075.0583677246,-0.3884162895927602,0.02107505836772461
2025-03-21,591312.2171945701,1005586.4865587585,-0.40868778280542983,0.0055864865587584855
2025-03-24,600678.7330316742,1010763.2835653045,-0.3993212669683258,0.010763283565304427
2025-03-25,595384.6153846154,1010107.3538696652,-0.4046153846153846,0.010107353869665214
2025-03-26,597782.8054298643,1006783.779807779,-0.4022171945701357,0.006783779807779
2025-03-27,606877.8280542986,1010137.3054664977,-0.3931221719457013,0.010137305466497715
2025-03-28,598642.5339366517,1005707.3718200736,-0.4013574660633483,0.005707371820073526
2025-03-31,586968.3257918552,998550.6869254883,-0.4130316742081448,-0.0014493130745116822
2025-04-01,592262.443438914,998647.9140215523,-0.407737556561086,-0.0013520859784477146
2025-04-02,586923.076923077,997800.664005838,-0.413076923076923,-0.0021993359941619994
2025-04-03,599909.5022624435,991922.7530336459,-0.40009049773755645,-0.008077246966354035
2025-04-07,568144.7963800905,922036.687007123,-0.4318552036199095,-0.07796331299287695
2025-04-08,583710.4072398191,937787.8361941518,-0.41628959276018096,-0.062212163805848264
2025-04-09,595791.8552036199,947044.3951764365,-0.4042081447963801,-0.05295560482356343
2025-04-10,600904.9773755657,959456.789003356,-0.3990950226244343,-0.04054321099664404
2025-04-11,589004.5248868779,963413.0712827198,-0.4109954751131222,-0.0365869287172802
2025-04-14,585837.1040723982,965628.7445115175,-0.4141628959276018,-0.03437125548848252
2025-04-15,589185.520361991,966166.2806309984,-0.410814479638009,-0.03383371936900159
2025-04-16,592760.1809954752,969142.3288322111,-0.4072398190045249,-0.030857671167788925
2025-04-17,598778.2805429865,968988.6406642451,-0.40122171945701357,-0.03101135933575483
2025-04-18,596380.0904977376,969065.9342790555,-0.40361990950226234,-0.030934065720944592
2025-04-21,586425.3393665159,972240.2897937724,-0.41357466063348414,-0.027759710206227584
2025-04-22,584343.8914027149,972001.8072680504,-0.4156561085972851,-0.02799819273194959
2025-04-23,582126.6968325792,972754.5016851883,-0.4178733031674208,-0.02724549831481171
2025-04-24,572624.4343891402,972105.8929201643,-0.42737556561085976,-0.02789410707983575
2025-04-25,567239.819004525,972783.091845801,-0.4327601809954751,-0.02721690815419897
2025-04-28,568325.7918552036,971402.4157067407,-0.4316742081447964,-0.028597584293259315
2025-04-29,559276.0180995475,969721.9153496462,-0.4407239819004525,-0.030278084650353754
2025-04-30,559909.5022624434,968564.3863132298,-0.4400904977375566,-0.03143561368677017
2025-05-06,567737.556561086,978318.4089526812,-0.43226244343891407,-0.021681591047318816
2025-05-07,569547.5113122172,984248.2600010269,-0.43045248868778274,-0.015751739998973058
2025-05-08,575475.113122172,989711.8063004031,-0.4245248868778281,-0.010288193699596881
2025-05-09,571764.705882353,987980.5474910438,-0.42823529411764705,-0.012019452508956197
2025-05-12,572805.4298642534,999399.4011273256,-0.4271945701357466,-0.0006005988726743849
2025-05-13,570135.7466063348,1000850.4095752429,-0.4298642533936652,0.0008504095752428498
2025-05-14,588868.7782805429,1012911.3216702088,-0.41113122171945704,0.012911321670208808
2025-05-15,580497.7375565611,1003660.8506196986,-0.4195022624434389,0.0036608506196986745
2025-05-16,571447.963800905,999007.8726205337,-0.428552036199095,-0.000992127379466301
2025-05-19,556470.5882352942,995940.7623174593,-0.44352941176470584,-0.004059237682540684
2025-05-20,555067.8733031674,1001341.6054883039,-0.4449321266968326,0.0013416054883039763
2025-05-21,555158.371040724,1006019.346214181,-0.44484162895927604,0.006019346214181098
2025-05-22,552488.6877828053,1005373.1520718862,-0.44751131221719465,0.005373152071886267
2025-05-23,551312.2171945701,997258.2215784712,-0.44868778280542987,-0.0027417784215287844
2025-05-26,540769.2307692308,991563.9760585532,-0.4592307692307692,-0.008436023941446824
2025-05-27,539276.0180995475,986244.151186516,-0.4607239819004525,-0.013755848813483906
2025-05-28,538461.5384615384,985432.3498874644,-0.46153846153846156,-0.01456765011253558
2025-05-29,538868.778280543,991202.5789609245,-0.461131221719457,-0.008797421039075437
2025-05-30,529049.7737556561,986458.7443597045,-0.4709502262443439,-0.013541255640295402
2025-06-03,522171.9457013575,989484.8317638586,-0.4778280542986425,-0.010515168236141403
2025-06-04,520316.74208144797,993782.3978472662,-0.47968325791855204,-0.006217602152733814
2025-06-05,526018.0995475113,996046.183718317,-0.47398190045248867,-0.003953816281683009
2025-06-06,525520.3619909502,995128.7298311251,-0.4744796380090498,-0.004871270168874897
2025-06-09,526018.0995475113,998021.6019855596,-0.47398190045248867,-0.001978398014440441
2025-06-10,521628.95927601814,992940.4394515755,-0.47837104072398184,-0.007059560548424493
2025-06-11,521176.47058823536,1000430.9074072584,-0.47882352941176465,0.00043090740725837406
2025-06-12,512081.447963801,999807.7292433187,-0.48791855203619905,-0.0001922707566813786
2025-06-13,493574.66063348413,992610.8691365158,-0.5064253393665159,-0.00738913086348425
2025-06-16,492307.69230769225,995080.1805017827,-0.5076923076923077,-0.004919819498217293
2025-06-17,497647.05882352946,994202.5678896224,-0.5023529411764706,-0.005797432110377532
2025-06-18,499185.52036199096,995382.1881552633,-0.5008144796380091,-0.004617811844736641
2025-06-19,502307.69230769237,987193.1236065667,-0.49769230769230766,-0.012806876393433253
2025-06-20,516289.59276018094,988105.8253107279,-0.48371040723981906,-0.011894174689272119
2025-06-23,514751.13122171944,990997.5415287495,-0.48524886877828055,-0.009002458471250474
2025-06-24,516877.8280542987,1002847.8420092826,-0.4831221719457013,0.002847842009282564
2025-06-25,514479.6380090498,1017241.0484733714,-0.48552036199095017,0.01724104847337138
2025-06-26,515339.36651583714,1013632.8058041981,-0.4846606334841629,0.013632805804198123
2025-06-27,510497.737556561,1007400.5874777099,-0.489502262443439,0.007400587477709886
2025-06-30,513122.1719457014,1011079.3679555467,-0.4868778280542986,0.01107936795554676
2025-07-01,509049.7737556561,1012796.0362786277,-0.4909502262443439,0.012796036278627687
2025-07-02,510407.2398190045,1013033.1059931783,-0.4895927601809955,0.013033105993178307
2025-07-03,510859.7285067874,1019296.4061654359,-0.4891402714932126,0.01929640616543593
2025-07-04,515520.3619909503,1022927.536375585,-0.4844796380090497,0.022927536375584978
2025-07-07,512352.94117647054,1018553.2674893114,-0.48764705882352943,0.01855326748931141
2025-07-08,515837.1040723983,1027101.5713876659,-0.48416289592760176,0.02710157138766589
2025-07-09,517466.0633484163,1025290.0649037746,-0.48253393665158373,0.02529006490377461
2025-07-10,527873.3031674208,1030074.0233422607,-0.47212669683257924,0.030074023342260725
2025-07-11,538914.0271493213,1031302.5782493814,-0.46108597285067876,0.03130257824938143
2025-07-14,542850.6787330317,1032037.4455582848,-0.4571493212669683,0.032037445558284805
2025-07-15,538235.294117647,1032396.1968459017,-0.46176470588235297,0.03239619684590167
2025-07-16,546108.5972850679,1029349.0200240809,-0.4538914027149321,0.029349020024080907
2025-07-17,545927.6018099549,1036358.900994226,-0.4540723981900452,0.03635890099422601
2025-07-18,564705.8823529412,1042538.6911825197,-0.43529411764705883,0.04253869118251963
2025-07-21,559954.7511312218,1049489.3625208477,-0.44004524886877827,0.04948936252084768
2025-07-22,585429.8642533936,1058056.3925890913,-0.4145701357466064,0.058056392589091343
2025-07-23,580904.9773755656,1058264.5382058434,-0.41909502262443443,0.05826453820584332
2025-07-24,580045.2488687782,1065782.825697864,-0.4199547511312217,0.06578282569786387
2025-07-25,564841.628959276,1060164.1013569229,-0.43515837104072397,0.06016410135692296
2025-07-28,561266.9683257919,1062388.8422646932,-0.4387330316742081,0.06238884226469321
2025-07-29,562443.4389140272,1066550.341788563,-0.43755656108597285,0.0665503417885629
2025-07-30,575067.8733031674,1066348.2327286338,-0.42493212669683256,0.06634823272863377
2025-07-31,556108.5972850679,1046916.5049404594,-0.4438914027149321,0.0469165049404594
2025-08-01,556832.5791855204,1041608.8045570197,-0.4431674208144796,0.04160880455701976
2025-08-04,561312.2171945701,1045660.6699339936,-0.43868778280542986,0.04566066993399365
2025-08-05,574705.8823529412,1054072.7274604794,-0.4252941176470588,0.05407272746047931
2025-08-06,577285.0678733031,1056650.5170362291,-0.42271493212669686,0.05665051703622925
2025-08-07,580995.4751131223,1056953.834750978,-0.4190045248868778,0.05695383475097793
2025-08-08,552714.9321266969,1054462.3807815348,-0.44728506787330313,0.05446238078153476
2025-08-11,570497.7375565611,1058968.9144809213,-0.4295022624434389,0.05896891448092134
2025-08-12,567556.5610859728,1064444.0972068543,-0.43244343891402715,0.06444409720685429
2025-08-13,569049.7737556561,1072857.3620447044,-0.43095022624434387,0.07285736204470439
2025-08-14,564162.8959276018,1072018.7943958251,-0.4358371040723982,0.07201879439582504
2025-08-15,564253.3936651584,1079478.4887554487,-0.43574660633484164,0.07947848875544872
2025-08-18,564841.628959276,1088998.0618028855,-0.43515837104072397,0.08899806180288539
2025-08-19,571945.7013574662,1084878.2016773561,-0.42805429864253386,0.08487820167735616
2025-08-20,589638.0090497738,1097213.7642640306,-0.4103619909502262,0.0972137642640305
2025-08-21,586651.5837104073,1101497.1251732975,-0.41334841628959273,0.10149712517329745
2025-08-22,591357.4660633483,1124597.101574213,-0.4086425339366516,0.12459710157421311
2025-08-25,628914.0271493213,1148030.2445368068,-0.3710859728506787,0.1480302445368069
2025-08-26,637239.819004525,1143758.1090544832,-0.362760180995475,0.14375810905448327
2025-08-27,605520.3619909502,1126685.210797977,-0.39447963800904984,0.126685210797977
2025-08-28,605067.8733031675,1146632.9229134005,-0.39493212669683253,0.14663292291340047
2025-08-29,620769.2307692308,1155103.907509469,-0.37923076923076926,0.1551039075094689
2025-09-01,614705.8823529411,1162027.1959985488,-0.3852941176470589,0.16202719599854887
2025-09-02,620135.7466063348,1153483.978220411,-0.37986425339366514,0.15348397822041115
2025-09-03,613529.4117647059,1145617.6511182,-0.3864705882352941,0.14561765111820013
2025-09-04,606742.0814479638,1121311.8789137597,-0.3932579185520362,0.12131187891375972
2025-09-05,614932.1266968326,1145744.8811860483,-0.3850678733031674,0.14574488118604823
2025-09-08,632941.1764705882,1147606.8121850186,-0.36705882352941177,0.14760681218501848
2025-09-09,634886.8778280544,1139562.8048124048,-0.3651131221719457,0.13956280481240468
2025-09-10,631583.71040724,1141902.0348000051,-0.36841628959276007,0.14190203480000507
2025-09-11,635565.6108597285,1168275.2634976318,-0.3644343891402715,0.16827526349763167
2025-09-12,628959.2760180995,1161587.1438498902,-0.37104072398190047,0.16158714384989015
2025-09-15,629411.7647058823,1164427.5878661303,-0.37058823529411766,0.16442758786613032
2025-09-16,626470.5882352941,1161931.0220889943,-0.3735294117647059,0.16193102208899424
2025-09-17,619909.5022624434,1169042.933713186,-0.38009049773755654,0.16904293371318602
2025-09-18,604977.3755656108,1155450.6627458674,-0.3950226244343892,0.15545066274586739
2025-09-19,610180.995475113,1156429.484012847,-0.38981900452488694,0.15642948401284706
2025-09-22,604434.3891402716,1161743.83745253,-0.3955656108597284,0.16174383745252996
2025-09-23,600045.2488687783,1161016.907573662,-0.3999547511312217,0.16101690757366205
2025-09-24,596877.8280542986,1172908.333703019,-0.4031221719457013,0.17290833370301906
2025-09-25,585791.8552036199,1179950.991892339,-0.41420814479638,0.17995099189233899
2025-09-26,577285.0678733031,1168792.660636052,-0.42271493212669686,0.16879266063605214
2025-09-29,602081.4479638009,1186774.946912336,-0.3979185520361991,0.18677494691233587
2025-09-30,596923.0769230769,1192077.021738566,-0.4030769230769231,0.1920770217385659
2025-10-09,587601.8099547512,1209747.0510585075,-0.4123981900452488,0.20974705105850755
2025-10-10,583122.1719457014,1185948.1441273922,-0.4168778280542986,0.18594814412739225
2025-10-13,576018.0995475113,1180077.1173987258,-0.42398190045248874,0.1800771173987259
2025-10-14,600226.2443438914,1165971.0712270807,-0.3997737556561086,0.16597107122708077
2025-10-15,609140.2714932127,1183239.0915500869,-0.3908597285067873,0.18323909155008677
2025-10-16,620135.7466063348,1186355.984181344,-0.37986425339366514,0.18635598418134403
2025-10-17,610859.7285067873,1159592.896662855,-0.3891402714932126,0.15959289666285503
2025-10-20,602488.6877828055,1165754.1918685422,-0.3975113122171945,0.16575419186854212
2025-10-21,607285.0678733032,1183645.8784175292,-0.39271493212669684,0.18364587841752922
2025-10-22,609366.515837104,1179715.3093014837,-0.390633484162896,0.1797153093014836
2025-10-23,618009.0497737557,1183253.6820363654,-0.3819909502262443,0.18325368203636527
2025-10-24,589321.2669683258,1197211.9481594886,-0.4106787330316741,0.1972119481594885
2025-10-27,585520.3619909503,1211426.1386044307,-0.41447963800904974,0.2114261386044307
2025-10-28,590452.4886877829,1205249.4309132383,-0.4095475113122171,0.20524943091323822
2025-10-29,587647.0588235294,1219599.6879177184,-0.4123529411764706,0.21959968791771844
2025-10-30,587692.3076923076,1209857.2503298721,-0.4123076923076924,0.20985725032987212
2025-10-31,608778.2805429865,1192070.3686823226,-0.39122171945701356,0.19207036868232263
2025-11-03,611040.7239819005,1195341.720105821,-0.38895927601809954,0.19534172010582096
2025-11-04,602262.443438914,1186427.1898643794,-0.397737556561086,0.18642718986437945
2025-11-05,598054.298642534,1188625.5240469836,-0.4019457013574661,0.18862552404698363
2025-11-06,596832.5791855203,1205616.813192738,-0.40316742081447965,0.20561681319273806
2025-11-07,595701.3574660633,1201864.181221854,-0.40429864253393666,0.201864181221854
2025-11-10,644751.1312217194,1206040.014357244,-0.35524886877828055,0.20604001435724384
2025-11-11,640904.9773755656,1195023.8889672214,-0.3590950226244345,0.19502388896722134
2025-11-12,641945.701357466,1193416.469478899,-0.3580542986425339,0.1934164694788989
2025-11-13,648506.7873303167,1207844.0714731412,-0.35149321266968325,0.2078440714731411
2025-11-14,631764.705882353,1188852.2930837215,-0.368235294117647,0.18885229308372153
2025-11-17,633484.1628959276,1181123.6251645507,-0.36651583710407243,0.18112362516455072
2025-11-18,632352.9411764706,1173453.4219403975,-0.36764705882352944,0.17345342194039737
2025-11-19,620542.9864253394,1178616.4504598917,-0.37945701357466066,0.17861645045989172
2025-11-20,619230.7692307692,1172619.9917866865,-0.38076923076923075,0.1726199917866864
2025-11-21,607239.8190045248,1144019.3763712777,-0.39276018099547516,0.14401937637127782
2025-11-24,601447.9638009049,1142591.2040893845,-0.39855203619909507,0.14259120408938442
2025-11-25,604479.6380090498,1153471.622544531,-0.3955203619909502,0.15347162254453095
2025-11-26,610542.9864253395,1160463.9589686757,-0.38945701357466056,0.1604639589686756
2025-11-27,610904.9773755656,1159892.9777556474,-0.3890950226244344,0.15989297775564748
2025-11-28,614841.628959276,1162785.104973283,-0.38515837104072403,0.1627851049732829
2025-12-01,614298.6425339367,1175583.6329370672,-0.3857013574660634,0.17558363293706725
2025-12-02,604932.1266968326,1169893.6258506633,-0.3950678733031674,0.16989362585066337
2025-12-03,600452.4886877828,1163912.0145384946,-0.3995475113122172,0.1639120145384947
2025-12-04,577873.3031674208,1167898.1456647874,-0.4221266968325792,0.16789814566478745
2025-12-05,580769.2307692308,1177651.7829921013,-0.4192307692307693,0.17765178299210116
2025-12-08,567330.3167420814,1187212.070688748,-0.43266968325791855,0.18721207068874812
2025-12-09,552579.185520362,1181167.473685814,-0.447420814479638,0.18116747368581398
2025-12-10,554841.628959276,1179524.5284184013,-0.445158371040724,0.17952452841840127
2025-12-11,549321.2669683258,1169341.3708075245,-0.45067873303167416,0.16934137080752465
2025-12-12,556470.5882352942,1176730.4246085812,-0.44352941176470584,0.17673042460858124
2025-12-15,555701.3574660633,1169309.2100877697,-0.4442986425339367,0.16930921008776956
2025-12-16,555927.6018099547,1155308.2256923204,-0.4440723981900453,0.1553082256923204
2025-12-17,552533.9366515836,1176454.284243274,-0.4474660633484163,0.17645428424327392
2025-12-18,551900.4524886878,1169497.4992856954,-0.4480995475113122,0.16949749928569546
2025-12-19,552443.4389140272,1173449.6458814486,-0.44755656108597286,0.17344964588144873
2025-12-22,549004.5248868777,1184609.672511141,-0.4509954751131222,0.18460967251114102
2025-12-23,544796.3800904978,1186949.955685251,-0.4552036199095022,0.18694995568525097
2025-12-24,542714.9321266968,1190372.6834038896,-0.45728506787330314,0.1903726834038897
2025-12-25,546244.3438914027,1192550.2364185369,-0.45375565610859725,0.19255023641853697
2025-12-26,540226.2443438914,1196327.3999288506,-0.45977375565610856,0.19632739992885062
2025-12-29,530361.9909502262,1191737.5874327824,-0.4696380090497738,0.19173758743278246
2025-12-30,533257.9185520362,1194796.8887432008,-0.4667420814479638,0.19479688874320078
2025-12-31,525882.3529411765,1189314.5905864597,-0.47411764705882353,0.18931459058645972
2026-01-05,533936.6515837105,1211869.7869997073,-0.4660633484162896,0.21186978699970727
2026-01-06,536742.0814479638,1230608.3125647951,-0.46325791855203613,0.23060831256479508
2026-01-07,529954.7511312217,1227004.8734536043,-0.4700452488687783,0.22700487345360432
2026-01-08,527556.5610859728,1216983.624002963,-0.4724434389140272,0.216983624002963
2026-01-09,528778.2805429864,1222446.9648025325,-0.47122171945701363,0.22244696480253245
2026-01-12,539773.7556561086,1230408.3869403126,-0.46022624434389137,0.23040838694031263
2026-01-13,533936.6515837105,1222989.0476052375,-0.4660633484162896,0.2229890476052374
2026-01-14,528778.2805429864,1218082.2773447481,-0.47122171945701363,0.21808227734474817
2026-01-15,521990.9502262443,1220522.253612603,-0.4780090497737557,0.22052225361260303
2026-01-16,517104.07239819,1215498.6823994578,-0.48289592760181,0.2154986823994578
2026-01-19,513981.9004524887,1216162.1385255188,-0.4860180995475113,0.2161621385255188
2026-01-20,526063.3484162897,1212160.6976636238,-0.47393665158371034,0.2121606976636239
2026-01-21,512126.69683257915,1213237.2597761846,-0.48787330316742084,0.21323725977618446
2026-01-22,508371.04072398186,1213401.6339341009,-0.49162895927601813,0.21340163393410094
2026-01-23,506968.3257918552,1207952.6781210033,-0.49303167420814475,0.20795267812100326
2026-01-26,508733.0316742081,1209100.2404167925,-0.49126696832579186,0.20910024041679254
2026-01-27,508416.2895927602,1208773.4443491239,-0.4915837104072398,0.20877344434912382
2026-01-28,511040.7239819005,1211932.901127852,-0.4889592760180995,0.21193290112785212
2026-01-29,562126.6968325792,1221149.1307730644,-0.4378733031674208,0.22114913077306442
2026-01-30,547058.8235294118,1208939.976255011,-0.4529411764705882,0.20893997625501104
2026-02-02,552036.1990950226,1183159.974124492,-0.44796380090497734,0.1831599741244918
2026-02-03,553393.6651583711,1197063.9626111598,-0.4466063348416289,0.19706396261115966
2026-02-04,571493.2126696833,1206973.111917224,-0.4285067873303168,0.206973111917224
2026-02-05,567692.3076923077,1199712.7009951868,-0.4323076923076923,0.1997127009951869
2026-02-06,555791.8552036199,1192822.5750374196,-0.44420814479638004,0.1928225750374195
2026-02-09,548823.5294117647,1212206.344308196,-0.4511764705882353,0.21220634430819607
2026-02-10,534796.3800904977,1213552.2909799174,-0.4652036199095023,0.21355229097991746
2026-02-11,533665.1583710407,1210860.9884484191,-0.46633484162895933,0.21086098844841916
2026-02-12,523167.42081447964,1212340.4586195701,-0.47683257918552036,0.21234045861957007
2026-02-13,526018.0995475113,1197140.562664122,-0.47398190045248867,0.19714056266412205
2026-02-24,509049.7737556561,1209249.2277766792,-0.4909502262443439,0.20924922777667931
2026-02-25,510950.22624434397,1216529.5208050187,-0.48904977375565606,0.21652952080501864
2026-02-26,502262.443438914,1214214.5911695652,-0.497737556561086,0.2142145911695652
2026-02-27,500000.0,1210046.2844645972,-0.5,0.21004628446459717
2026-03-02,489457.01357466064,1214675.6556734631,-0.5105429864253394,0.21467565567346303
2026-03-03,486425.3393665158,1195982.211628479,-0.5135746606334841,0.19598221162847884
2026-03-04,468959.27601809957,1182298.1079350233,-0.5310407239819004,0.1822981079350232
2026-03-05,470271.4932126697,1193874.7854228816,-0.5297285067873303,0.1938747854228815
2026-03-06,479547.5113122172,1197149.1422810536,-0.5204524886877828,0.19714914228105362
2026-03-09,475158.371040724,1185593.9138355237,-0.524841628959276,0.1855939138355236
2026-03-10,475429.8642533936,1200826.8695723808,-0.5245701357466064,0.20082686957238072
2026-03-11,474208.1447963801,1208466.2478255231,-0.5257918552036199,0.20846624782552303
2026-03-12,475927.6018099548,1204115.868291783,-0.5240723981900453,0.20411586829178296
2026-03-13,488054.2986425339,1199384.2095541125,-0.5119457013574661,0.1993842095541125
2026-03-16,491493.2126696833,1200005.6152822191,-0.5085067873303167,0.20000561528221916
2026-03-17,489276.01809954754,1191241.0742122221,-0.5107239819004525,0.19124107421222214
2026-03-18,483484.16289592755,1196608.0099149547,-0.5165158371040725,0.19660800991495475
2026-03-19,476923.07692307694,1177321.519115194,-0.523076923076923,0.177321519115194
2026-03-20,476018.0995475113,1173151.6197867235,-0.5239819004524886,0.17315161978672355
2026-03-23,463529.41176470584,1134871.937786372,-0.5364705882352941,0.13487193778637185
2026-03-24,467828.05429864256,1149443.2355204772,-0.5321719457013574,0.1494432355204771
2026-03-25,469864.2533936652,1165560.3798633104,-0.5301357466063348,0.1655603798633103
2026-03-26,461085.9728506788,1150165.5416536934,-0.5389140271493212,0.15016554165369334
2026-03-27,469592.7601809955,1156596.5296682513,-0.5304072398190045,0.15659652966825122
2026-03-30,476470.5882352941,1153868.5711087256,-0.5235294117647059,0.15386857110872554
2026-03-31,473665.1583710407,1143105.3389183728,-0.5263348416289593,0.14310533891837274
2026-04-01,480814.47963800904,1162632.3158669714,-0.519185520361991,0.16263231586697136
2026-04-02,479457.0135746606,1150519.9774453687,-0.5205429864253395,0.1505199774453687
2026-04-03,471809.9547511312,1140726.5759054506,-0.5281900452488688,0.14072657590545057
2026-04-07,468280.5429864253,1140682.2136346707,-0.5317194570135747,0.14068221363467082
2026-04-08,475248.86877828056,1180482.3373301416,-0.5247511312217195,0.18048233733014163
2026-04-09,465158.371040724,1172947.609853582,-0.534841628959276,0.17294760985358204
2026-04-10,463846.1538461539,1191016.642735786,-0.5361538461538462,0.191016642735786
2026-04-13,463484.1628959277,1193479.8404818024,-0.5365158371040724,0.19347984048180233
2026-04-14,467013.57466063346,1207641.1147265092,-0.5329864253393666,0.20764111472650915
2026-04-15,466470.58823529416,1203521.5371632145,-0.5335294117647058,0.20352153716321442
2026-04-16,466289.592760181,1216714.9586931258,-0.533710407239819,0.21671495869312585
2026-04-17,457918.55203619914,1214676.3749227864,-0.5420814479638009,0.21467637492278646
2026-04-20,455429.8642533937,1222066.738785111,-0.5445701357466063,0.22206673878511118
2026-04-21,455248.8687782805,1224778.0775477667,-0.5447511312217195,0.2247780775477668
2026-04-22,453574.66063348413,1232903.0261567603,-0.5464253393665159,0.2329030261567604
2026-04-23,460859.72850678733,1229486.6689321306,-0.5391402714932128,0.22948666893213066
2026-04-24,464389.1402714932,1225130.4583413748,-0.5356108597285067,0.22513045834137468
2026-04-27,454072.39819004526,1225535.8323976456,-0.5459276018099548,0.22553583239764552
2026-04-28,453393.66515837103,1222263.6075999683,-0.546606334841629,0.22226360759996844
2026-04-29,460316.74208144797,1235656.6721921284,-0.539683257918552,0.23565667219212827
2026-04-30,452941.17647058825,1234875.798613991,-0.5470588235294118,0.23487579861399088
2026-05-06,444932.1266968326,1252802.1375678896,-0.5550678733031674,0.2528021375678897
2026-05-07,448190.04524886876,1258817.2710360326,-0.5518099547511313,0.2588172710360326
2026-05-08,441312.21719457017,1251471.2694444878,-0.5586877828054299,0.25147126944448783
2026-05-11,438506.7873303167,1272001.8303867783,-0.5614932126696832,0.2720018303867784
2026-05-12,428868.778280543,1271028.2493648708,-0.5711312217194571,0.2710282493648708
2026-05-13,419457.01357466064,1283947.816714825,-0.5805429864253393,0.28394781671482505
2026-05-14,426923.0769230769,1262435.942820398,-0.573076923076923,0.26243594282039795
2026-05-15,411764.7058823529,1248306.700858067,-0.5882352941176471,0.24830670085806705
2026-05-18,407104.07239819004,1241610.2327806766,-0.59289592760181,0.24161023278067661
